// GENERATED by tools/fontgen.py - do not edit.
// Rasterised from DejaVu fonts 2.37 with Pillow 12.3.0 (FreeType mono hinting).
// DejaVu fonts: Bitstream Vera / Arev font license, see docs/LICENSES.md.
#include "../core/font.hpp"

namespace badge {
namespace {
// DejaVuSans-Bold.ttf @ 24px: 201 glyphs, 6751 bitmap bytes
const Glyph sans_bold_24_glyphs[] = {
  {0x0020, 0, 0, 0, 23, 8, 0, 0},
  {0x0021, 4, 18, 3, 5, 11, 0, 0},
  {0x0022, 8, 7, 2, 5, 13, 0, 18},
  {0x0023, 17, 18, 2, 5, 20, 0, 25},
  {0x0024, 14, 23, 1, 4, 17, 0, 79},
  {0x0025, 23, 18, 1, 5, 24, 0, 125},
  {0x0026, 18, 18, 1, 5, 21, 0, 179},
  {0x0027, 3, 7, 2, 5, 7, 0, 233},
  {0x0028, 7, 21, 2, 5, 11, 0, 240},
  {0x0029, 7, 21, 2, 5, 11, 0, 261},
  {0x002A, 12, 11, 0, 5, 13, 0, 282},
  {0x002B, 15, 15, 3, 8, 20, 0, 304},
  {0x002C, 5, 8, 1, 18, 9, 0, 334},
  {0x002D, 7, 3, 1, 14, 10, 0, 342},
  {0x002E, 4, 5, 2, 18, 9, 0, 345},
  {0x002F, 9, 20, 0, 5, 9, 0, 350},
  {0x0030, 14, 18, 1, 5, 17, 0, 390},
  {0x0031, 12, 18, 3, 5, 17, 0, 426},
  {0x0032, 13, 18, 2, 5, 17, 0, 462},
  {0x0033, 13, 18, 1, 5, 17, 0, 498},
  {0x0034, 15, 18, 1, 5, 17, 0, 534},
  {0x0035, 13, 18, 2, 5, 17, 0, 570},
  {0x0036, 14, 18, 1, 5, 17, 0, 606},
  {0x0037, 13, 18, 2, 5, 17, 0, 642},
  {0x0038, 14, 18, 1, 5, 17, 0, 678},
  {0x0039, 14, 18, 1, 5, 17, 0, 714},
  {0x003A, 4, 13, 3, 10, 10, 0, 750},
  {0x003B, 5, 16, 2, 10, 10, 0, 763},
  {0x003C, 15, 14, 3, 9, 20, 0, 779},
  {0x003D, 15, 9, 3, 11, 20, 0, 807},
  {0x003E, 15, 14, 3, 9, 20, 0, 825},
  {0x003F, 11, 18, 2, 5, 14, 0, 853},
  {0x0040, 21, 21, 2, 5, 24, 0, 889},
  {0x0041, 18, 18, 0, 5, 19, 0, 952},
  {0x0042, 14, 18, 2, 5, 18, 0, 1006},
  {0x0043, 15, 18, 1, 5, 18, 0, 1042},
  {0x0044, 16, 18, 2, 5, 20, 0, 1078},
  {0x0045, 12, 18, 2, 5, 16, 0, 1114},
  {0x0046, 12, 18, 2, 5, 16, 0, 1150},
  {0x0047, 17, 18, 1, 5, 20, 0, 1186},
  {0x0048, 16, 18, 2, 5, 20, 0, 1240},
  {0x0049, 4, 18, 2, 5, 9, 0, 1276},
  {0x004A, 8, 23, -2, 5, 9, 0, 1294},
  {0x004B, 17, 18, 2, 5, 19, 0, 1317},
  {0x004C, 12, 18, 2, 5, 15, 0, 1371},
  {0x004D, 19, 18, 2, 5, 24, 0, 1407},
  {0x004E, 16, 18, 2, 5, 20, 0, 1461},
  {0x004F, 18, 18, 1, 5, 20, 0, 1497},
  {0x0050, 14, 18, 2, 5, 18, 0, 1551},
  {0x0051, 18, 22, 1, 5, 20, 0, 1587},
  {0x0052, 16, 18, 2, 5, 18, 0, 1653},
  {0x0053, 14, 18, 2, 5, 17, 0, 1689},
  {0x0054, 16, 18, 0, 5, 16, 0, 1725},
  {0x0055, 15, 18, 2, 5, 19, 0, 1761},
  {0x0056, 18, 18, 0, 5, 19, 0, 1797},
  {0x0057, 25, 18, 1, 5, 26, 0, 1851},
  {0x0058, 18, 18, 0, 5, 19, 0, 1923},
  {0x0059, 18, 18, -1, 5, 17, 0, 1977},
  {0x005A, 15, 18, 1, 5, 17, 0, 2031},
  {0x005B, 7, 21, 2, 5, 11, 0, 2067},
  {0x005C, 9, 20, 0, 5, 9, 0, 2088},
  {0x005D, 7, 21, 2, 5, 11, 0, 2128},
  {0x005E, 15, 7, 2, 5, 20, 0, 2149},
  {0x005F, 12, 2, 0, 27, 12, 0, 2163},
  {0x0060, 6, 4, 2, 4, 12, 0, 2167},
  {0x0061, 13, 13, 1, 10, 16, 0, 2171},
  {0x0062, 14, 18, 2, 5, 17, 0, 2197},
  {0x0063, 12, 13, 1, 10, 14, 0, 2233},
  {0x0064, 14, 18, 1, 5, 17, 0, 2259},
  {0x0065, 14, 13, 1, 10, 16, 0, 2295},
  {0x0066, 10, 18, 1, 5, 10, 0, 2321},
  {0x0067, 14, 18, 1, 10, 17, 0, 2357},
  {0x0068, 13, 18, 2, 5, 17, 0, 2393},
  {0x0069, 4, 18, 2, 5, 8, 0, 2429},
  {0x006A, 7, 23, -1, 5, 8, 0, 2447},
  {0x006B, 14, 18, 2, 5, 16, 0, 2470},
  {0x006C, 4, 18, 2, 5, 8, 0, 2506},
  {0x006D, 20, 13, 2, 10, 25, 0, 2524},
  {0x006E, 13, 13, 2, 10, 17, 0, 2563},
  {0x006F, 14, 13, 1, 10, 16, 0, 2589},
  {0x0070, 14, 18, 2, 10, 17, 0, 2615},
  {0x0071, 14, 18, 1, 10, 17, 0, 2651},
  {0x0072, 10, 13, 2, 10, 12, 0, 2687},
  {0x0073, 12, 13, 1, 10, 14, 0, 2713},
  {0x0074, 10, 17, 0, 6, 11, 0, 2739},
  {0x0075, 13, 13, 2, 10, 17, 0, 2773},
  {0x0076, 15, 13, 0, 10, 16, 0, 2799},
  {0x0077, 21, 13, 1, 10, 22, 0, 2825},
  {0x0078, 15, 13, 0, 10, 15, 0, 2864},
  {0x0079, 15, 18, 0, 10, 16, 0, 2890},
  {0x007A, 12, 13, 1, 10, 14, 0, 2926},
  {0x007B, 11, 22, 3, 5, 17, 0, 2952},
  {0x007C, 3, 24, 3, 5, 9, 0, 2996},
  {0x007D, 11, 22, 3, 5, 17, 0, 3020},
  {0x007E, 15, 5, 3, 12, 20, 0, 3064},
  {0x00A0, 0, 0, 0, 23, 8, 0, 3074},
  {0x00A1, 4, 18, 3, 10, 11, 0, 3074},
  {0x00A2, 11, 20, 2, 7, 17, 0, 3092},
  {0x00A3, 13, 18, 1, 5, 17, 0, 3132},
  {0x00A4, 14, 14, 1, 7, 15, 0, 3168},
  {0x00A5, 16, 18, 0, 5, 17, 0, 3196},
  {0x00A6, 3, 21, 3, 6, 9, 0, 3232},
  {0x00A7, 12, 20, 1, 5, 12, 0, 3253},
  {0x00A8, 8, 3, 2, 4, 12, 0, 3293},
  {0x00A9, 17, 17, 3, 6, 24, 0, 3296},
  {0x00AA, 10, 13, 2, 5, 14, 0, 3347},
  {0x00AB, 12, 11, 2, 11, 16, 0, 3373},
  {0x00AC, 15, 7, 3, 12, 20, 0, 3395},
  {0x00AD, 7, 3, 1, 14, 10, 0, 3409},
  {0x00AE, 17, 17, 3, 6, 24, 0, 3412},
  {0x00AF, 7, 2, 2, 5, 12, 0, 3463},
  {0x00B0, 8, 8, 2, 5, 12, 0, 3465},
  {0x00B1, 15, 15, 3, 8, 20, 0, 3473},
  {0x00B2, 8, 10, 1, 5, 11, 0, 3503},
  {0x00B3, 8, 10, 1, 5, 11, 0, 3513},
  {0x00B4, 6, 4, 4, 4, 12, 0, 3523},
  {0x00B5, 15, 18, 2, 10, 18, 0, 3527},
  {0x00B6, 11, 20, 2, 5, 15, 0, 3563},
  {0x00B7, 4, 5, 2, 12, 9, 0, 3603},
  {0x00B8, 5, 5, 3, 23, 12, 0, 3608},
  {0x00B9, 8, 10, 1, 5, 11, 0, 3613},
  {0x00BA, 11, 13, 1, 5, 14, 0, 3623},
  {0x00BB, 12, 11, 2, 11, 16, 0, 3649},
  {0x00BC, 22, 18, 1, 5, 25, 0, 3671},
  {0x00BD, 23, 18, 1, 5, 25, 0, 3725},
  {0x00BE, 22, 18, 1, 5, 25, 0, 3779},
  {0x00BF, 11, 18, 2, 10, 14, 0, 3833},
  {0x00C0, 18, 22, 0, 1, 19, 0, 3869},
  {0x00C1, 18, 22, 0, 1, 19, 0, 3935},
  {0x00C2, 18, 22, 0, 1, 19, 0, 4001},
  {0x00C3, 18, 22, 0, 1, 19, 0, 4067},
  {0x00C4, 18, 22, 0, 1, 19, 0, 4133},
  {0x00C5, 18, 22, 0, 1, 19, 0, 4199},
  {0x00C6, 24, 18, 0, 5, 26, 0, 4265},
  {0x00C7, 15, 23, 1, 5, 18, 0, 4319},
  {0x00C8, 12, 22, 2, 1, 16, 0, 4365},
  {0x00C9, 12, 22, 2, 1, 16, 0, 4409},
  {0x00CA, 12, 22, 2, 1, 16, 0, 4453},
  {0x00CB, 12, 22, 2, 1, 16, 0, 4497},
  {0x00CC, 5, 22, 1, 1, 9, 0, 4541},
  {0x00CD, 5, 22, 2, 1, 9, 0, 4563},
  {0x00CE, 8, 22, 0, 1, 9, 0, 4585},
  {0x00CF, 8, 22, 0, 1, 9, 0, 4607},
  {0x00D0, 18, 18, 0, 5, 20, 0, 4629},
  {0x00D1, 16, 22, 2, 1, 20, 0, 4683},
  {0x00D2, 18, 22, 1, 1, 20, 0, 4727},
  {0x00D3, 18, 22, 1, 1, 20, 0, 4793},
  {0x00D4, 18, 22, 1, 1, 20, 0, 4859},
  {0x00D5, 18, 22, 1, 1, 20, 0, 4925},
  {0x00D6, 18, 22, 1, 1, 20, 0, 4991},
  {0x00D7, 14, 14, 3, 8, 20, 0, 5057},
  {0x00D8, 19, 18, 0, 5, 20, 0, 5085},
  {0x00D9, 15, 22, 2, 1, 19, 0, 5139},
  {0x00DA, 15, 22, 2, 1, 19, 0, 5183},
  {0x00DB, 15, 22, 2, 1, 19, 0, 5227},
  {0x00DC, 15, 22, 2, 1, 19, 0, 5271},
  {0x00DD, 18, 22, -1, 1, 17, 0, 5315},
  {0x00DE, 14, 18, 2, 5, 18, 0, 5381},
  {0x00DF, 14, 18, 2, 5, 17, 0, 5417},
  {0x00E0, 13, 19, 1, 4, 16, 0, 5453},
  {0x00E1, 13, 19, 1, 4, 16, 0, 5491},
  {0x00E2, 13, 19, 1, 4, 16, 0, 5529},
  {0x00E3, 13, 19, 1, 4, 16, 0, 5567},
  {0x00E4, 13, 19, 1, 4, 16, 0, 5605},
  {0x00E5, 13, 21, 1, 2, 16, 0, 5643},
  {0x00E6, 23, 13, 1, 10, 25, 0, 5685},
  {0x00E7, 12, 18, 1, 10, 14, 0, 5724},
  {0x00E8, 14, 19, 1, 4, 16, 0, 5760},
  {0x00E9, 14, 19, 1, 4, 16, 0, 5798},
  {0x00EA, 14, 19, 1, 4, 16, 0, 5836},
  {0x00EB, 14, 19, 1, 4, 16, 0, 5874},
  {0x00EC, 6, 19, 0, 4, 8, 0, 5912},
  {0x00ED, 6, 19, 2, 4, 8, 0, 5931},
  {0x00EE, 8, 19, 0, 4, 8, 0, 5950},
  {0x00EF, 8, 19, 0, 4, 8, 0, 5969},
  {0x00F0, 14, 18, 1, 5, 16, 0, 5988},
  {0x00F1, 13, 19, 2, 4, 17, 0, 6024},
  {0x00F2, 14, 19, 1, 4, 16, 0, 6062},
  {0x00F3, 14, 19, 1, 4, 16, 0, 6100},
  {0x00F4, 14, 19, 1, 4, 16, 0, 6138},
  {0x00F5, 14, 19, 1, 4, 16, 0, 6176},
  {0x00F6, 14, 19, 1, 4, 16, 0, 6214},
  {0x00F7, 16, 15, 2, 8, 20, 0, 6252},
  {0x00F8, 14, 13, 1, 10, 16, 0, 6282},
  {0x00F9, 13, 19, 2, 4, 17, 0, 6308},
  {0x00FA, 13, 19, 2, 4, 17, 0, 6346},
  {0x00FB, 13, 19, 2, 4, 17, 0, 6384},
  {0x00FC, 13, 19, 2, 4, 17, 0, 6422},
  {0x00FD, 15, 24, 0, 4, 16, 0, 6460},
  {0x00FE, 14, 23, 2, 5, 17, 0, 6508},
  {0x00FF, 15, 24, 0, 4, 16, 0, 6554},
  {0x2013, 9, 3, 1, 14, 12, 0, 6602},
  {0x2014, 21, 3, 1, 14, 24, 0, 6608},
  {0x2018, 5, 7, 2, 5, 9, 0, 6617},
  {0x2019, 5, 7, 2, 5, 9, 0, 6624},
  {0x201C, 11, 7, 2, 5, 16, 0, 6631},
  {0x201D, 11, 7, 2, 5, 16, 0, 6645},
  {0x2022, 8, 8, 3, 10, 15, 0, 6659},
  {0x2026, 20, 5, 2, 18, 24, 0, 6667},
  {0x20AC, 15, 18, 0, 5, 17, 0, 6682},
  {0x2192, 18, 11, 1, 10, 20, 0, 6718},
};
const uint8_t sans_bold_24_bitmap[] = {
  0xF0, 0xF0, 0xF0, 0xF0, 0xF0, 0xF0, 0xF0, 0xF0, 0xF0, 0xF0, 0xF0, 0x70, 0x00, 0x00, 0xF0, 0xF0,
  0xF0, 0xF0, 0xE7, 0xE7, 0xE7, 0xE7, 0xE7, 0xE7, 0xE7, 0x03, 0x8E, 0x00, 0x03, 0x8E, 0x00, 0x03,
  0x8C, 0x00, 0x03, 0x1C, 0x00, 0x07, 0x1C, 0x00, 0x7F, 0xFF, 0x80, 0x7F, 0xFF, 0x80, 0x7F, 0xFF,
  0x80, 0x06, 0x38, 0x00, 0x0E, 0x38, 0x00, 0x0E, 0x30, 0x00, 0xFF, 0xFF, 0x00, 0xFF, 0xFF, 0x00,
  0xFF, 0xFF, 0x00, 0x1C, 0x70, 0x00, 0x1C, 0x60, 0x00, 0x18, 0xE0, 0x00, 0x38, 0xE0, 0x00, 0x03,
  0x00, 0x03, 0x00, 0x03, 0x00, 0x1F, 0xE0, 0x7F, 0xF8, 0x7F, 0xF8, 0xFB, 0x18, 0xF3, 0x00, 0xF3,
  0x00, 0xFF, 0x80, 0x7F, 0xF0, 0x3F, 0xF8, 0x07, 0xFC, 0x03, 0x7C, 0x03, 0x3C, 0xC3, 0x3C, 0xFF,
  0xF8, 0xFF, 0xF8, 0x3F, 0xE0, 0x03, 0x00, 0x03, 0x00, 0x03, 0x00, 0x03, 0x00, 0x3E, 0x00, 0xC0,
  0x7F, 0x01, 0x80, 0xF7, 0x83, 0x80, 0xE3, 0x83, 0x00, 0xE3, 0x86, 0x00, 0xE3, 0x8E, 0x00, 0xE3,
  0x8C, 0x00, 0xF7, 0x9C, 0x00, 0x7F, 0x18, 0xF8, 0x3E, 0x31, 0xFC, 0x00, 0x73, 0xDE, 0x00, 0x63,
  0x8E, 0x00, 0xE3, 0x8E, 0x01, 0xC3, 0x8E, 0x01, 0x83, 0x8E, 0x03, 0x83, 0xDE, 0x03, 0x01, 0xFC,
  0x06, 0x00, 0xF8, 0x03, 0xF0, 0x00, 0x0F, 0xF8, 0x00, 0x1F, 0xF8, 0x00, 0x1E, 0x08, 0x00, 0x1E,
  0x00, 0x00, 0x1E, 0x00, 0x00, 0x1F, 0x00, 0x00, 0x1F, 0x80, 0x00, 0x3F, 0xC7, 0x80, 0x7F, 0xE7,
  0x80, 0xFB, 0xF7, 0x00, 0xF1, 0xFF, 0x00, 0xF0, 0xFE, 0x00, 0xF0, 0x7E, 0x00, 0xF8, 0x3E, 0x00,
  0x7F, 0xFF, 0x00, 0x3F, 0xFF, 0x80, 0x0F, 0xCF, 0xC0, 0xE0, 0xE0, 0xE0, 0xE0, 0xE0, 0xE0, 0xE0,
  0x1E, 0x1C, 0x3C, 0x38, 0x78, 0x78, 0x70, 0xF0, 0xF0, 0xF0, 0xF0, 0xF0, 0xF0, 0xF0, 0xF0, 0x78,
  0x78, 0x38, 0x3C, 0x1C, 0x1E, 0xF0, 0x70, 0x78, 0x38, 0x3C, 0x3C, 0x1C, 0x1E, 0x1E, 0x1E, 0x1E,
  0x1E, 0x1E, 0x1E, 0x1C, 0x3C, 0x3C, 0x38, 0x78, 0x70, 0xF0, 0x06, 0x00, 0x06, 0x00, 0x46, 0x20,
  0xF6, 0xF0, 0x3F, 0xC0, 0x0F, 0x00, 0x3F, 0xC0, 0xF6, 0xF0, 0x46, 0x20, 0x06, 0x00, 0x06, 0x00,
  0x03, 0x80, 0x03, 0x80, 0x03, 0x80, 0x03, 0x80, 0x03, 0x80, 0x03, 0x80, 0xFF, 0xFE, 0xFF, 0xFE,
  0xFF, 0xFE, 0x03, 0x80, 0x03, 0x80, 0x03, 0x80, 0x03, 0x80, 0x03, 0x80, 0x03, 0x80, 0x78, 0x78,
  0x78, 0x78, 0x78, 0x70, 0xF0, 0xE0, 0xFE, 0xFE, 0xFE, 0xF0, 0xF0, 0xF0, 0xF0, 0xF0, 0x03, 0x80,
  0x03, 0x80, 0x03, 0x00, 0x07, 0x00, 0x07, 0x00, 0x06, 0x00, 0x0E, 0x00, 0x0E, 0x00, 0x0C, 0x00,
  0x1C, 0x00, 0x1C, 0x00, 0x18, 0x00, 0x38, 0x00, 0x38, 0x00, 0x30, 0x00, 0x70, 0x00, 0x70, 0x00,
  0x60, 0x00, 0xE0, 0x00, 0xE0, 0x00, 0x0F, 0xC0, 0x1F, 0xE0, 0x3F, 0xF0, 0x78, 0x78, 0x78, 0x78,
  0xF0, 0x3C, 0xF0, 0x3C, 0xF0, 0x3C, 0xF0, 0x3C, 0xF0, 0x3C, 0xF0, 0x3C, 0xF0, 0x3C, 0xF0, 0x3C,
  0x78, 0x78, 0x78, 0x78, 0x3F, 0xF0, 0x1F, 0xE0, 0x0F, 0xC0, 0x3F, 0x00, 0xFF, 0x00, 0xFF, 0x00,
  0xCF, 0x00, 0x0F, 0x00, 0x0F, 0x00, 0x0F, 0x00, 0x0F, 0x00, 0x0F, 0x00, 0x0F, 0x00, 0x0F, 0x00,
  0x0F, 0x00, 0x0F, 0x00, 0x0F, 0x00, 0x0F, 0x00, 0xFF, 0xF0, 0xFF, 0xF0, 0xFF, 0xF0, 0x3F, 0x80,
  0xFF, 0xE0, 0xFF, 0xF0, 0xE0, 0xF8, 0x80, 0x78, 0x00, 0x78, 0x00, 0x78, 0x00, 0x78, 0x00, 0xF8,
  0x01, 0xF0, 0x07, 0xE0, 0x0F, 0xE0, 0x1F, 0x80, 0x3F, 0x00, 0x7E, 0x00, 0xFF, 0xF8, 0xFF, 0xF8,
  0xFF, 0xF8, 0x1F, 0xC0, 0x7F, 0xF0, 0x7F, 0xF8, 0x40, 0xF8, 0x00, 0x78, 0x00, 0x78, 0x00, 0xF0,
  0x1F, 0xE0, 0x1F, 0xE0, 0x1F, 0xF0, 0x00, 0xF8, 0x00, 0x78, 0x00, 0x78, 0x00, 0x78, 0xC0, 0xF8,
  0xFF, 0xF0, 0xFF, 0xE0, 0x3F, 0x80, 0x01, 0xF0, 0x03, 0xF0, 0x07, 0xF0, 0x07, 0xF0, 0x0F, 0xF0,
  0x1E, 0xF0, 0x1C, 0xF0, 0x3C, 0xF0, 0x38, 0xF0, 0x78, 0xF0, 0xF0, 0xF0, 0xE0, 0xF0, 0xFF, 0xFE,
  0xFF, 0xFE, 0xFF, 0xFE, 0x00, 0xF0, 0x00, 0xF0, 0x00, 0xF0, 0x7F, 0xF0, 0x7F, 0xF0, 0x7F, 0xF0,
  0x78, 0x00, 0x78, 0x00, 0x78, 0x00, 0x7F, 0xC0, 0x7F, 0xE0, 0x7F, 0xF0, 0x60, 0xF8, 0x00, 0x78,
  0x00, 0x78, 0x00, 0x78, 0x00, 0x78, 0xC0, 0xF8, 0xFF, 0xF0, 0xFF, 0xE0, 0x3F, 0x80, 0x07, 0xF0,
  0x1F, 0xF8, 0x3F, 0xF8, 0x7C, 0x08, 0x78, 0x00, 0x70, 0x00, 0xF7, 0xE0, 0xFF, 0xF0, 0xFF, 0xF8,
  0xF8, 0x7C, 0xF0, 0x3C, 0xF0, 0x3C, 0xF0, 0x3C, 0x70, 0x3C, 0x78, 0x78, 0x3F, 0xF8, 0x1F, 0xF0,
  0x0F, 0xC0, 0xFF, 0xF8, 0xFF, 0xF8, 0xFF, 0xF8, 0x00, 0xF8, 0x00, 0xF0, 0x01, 0xF0, 0x01, 0xE0,
  0x03, 0xE0, 0x03, 0xC0, 0x03, 0xC0, 0x07, 0xC0, 0x07, 0x80, 0x0F, 0x80, 0x0F, 0x00, 0x1F, 0x00,
  0x1E, 0x00, 0x1E, 0x00, 0x3E, 0x00, 0x1F, 0xE0, 0x7F, 0xF8, 0xFF, 0xFC, 0xF8, 0x7C, 0xF0, 0x3C,
  0xF0, 0x3C, 0xF8, 0x78, 0x7F, 0xF8, 0x1F, 0xE0, 0x7F, 0xF8, 0x78, 0x78, 0xF0, 0x3C, 0xF0, 0x3C,
  0xF0, 0x3C, 0xF8, 0x7C, 0x7F, 0xF8, 0x3F, 0xF0, 0x1F, 0xE0, 0x0F, 0xC0, 0x3F, 0xE0, 0x7F, 0xF0,
  0x78, 0x78, 0xF0, 0x38, 0xF0, 0x3C, 0xF0, 0x3C, 0xF0, 0x3C, 0xF8, 0x7C, 0x7F, 0xFC, 0x3F, 0xFC,
  0x1F, 0xBC, 0x00, 0x38, 0x00, 0x78, 0x40, 0xF8, 0x7F, 0xF0, 0x7F, 0xE0, 0x3F, 0x80, 0xF0, 0xF0,
  0xF0, 0xF0, 0xF0, 0x00, 0x00, 0x00, 0xF0, 0xF0, 0xF0, 0xF0, 0xF0, 0x78, 0x78, 0x78, 0x78, 0x78,
  0x00, 0x00, 0x00, 0x78, 0x78, 0x78, 0x78, 0x78, 0x70, 0xF0, 0xE0, 0x00, 0x02, 0x00, 0x1E, 0x00,
  0xFE, 0x03, 0xFC, 0x1F, 0xE0, 0xFF, 0x00, 0xF8, 0x00, 0xF8, 0x00, 0xFF, 0x00, 0x1F, 0xE0, 0x03,
  0xFC, 0x00, 0xFE, 0x00, 0x1E, 0x00, 0x02, 0xFF, 0xFE, 0xFF, 0xFE, 0xFF, 0xFE, 0x00, 0x00, 0x00,
  0x00, 0x00, 0x00, 0xFF, 0xFE, 0xFF, 0xFE, 0xFF, 0xFE, 0x80, 0x00, 0xF0, 0x00, 0xFE, 0x00, 0x7F,
  0x80, 0x0F, 0xF0, 0x01, 0xFE, 0x00, 0x3E, 0x00, 0x3E, 0x01, 0xFE, 0x0F, 0xF0, 0x7F, 0x80, 0xFE,
  0x00, 0xF0, 0x00, 0x80, 0x00, 0xFF, 0x00, 0xFF, 0xC0, 0xFF, 0xE0, 0x83, 0xE0, 0x01, 0xE0, 0x01,
  0xE0, 0x03, 0xC0, 0x0F, 0x80, 0x1F, 0x00, 0x3E, 0x00, 0x3C, 0x00, 0x3C, 0x00, 0x00, 0x00, 0x00,
  0x00, 0x3C, 0x00, 0x3C, 0x00, 0x3C, 0x00, 0x3C, 0x00, 0x01, 0xFC, 0x00, 0x07, 0xFF, 0x80, 0x0F,
  0x03, 0xC0, 0x1C, 0x00, 0xE0, 0x30, 0x00, 0x70, 0x70, 0xF7, 0x30, 0x63, 0xFF, 0x38, 0xE3, 0x8F,
  0x18, 0xC7, 0x07, 0x18, 0xC7, 0x07, 0x18, 0xC7, 0x07, 0x18, 0xC7, 0x07, 0x18, 0xC7, 0x07, 0x30,
  0xE3, 0x8F, 0x70, 0x63, 0xFF, 0xE0, 0x70, 0xF7, 0x80, 0x30, 0x00, 0x00, 0x1C, 0x00, 0x80, 0x0F,
  0x03, 0x80, 0x07, 0xFF, 0x00, 0x01, 0xFC, 0x00, 0x03, 0xF0, 0x00, 0x03, 0xF0, 0x00, 0x07, 0xF8,
  0x00, 0x07, 0xF8, 0x00, 0x07, 0xF8, 0x00, 0x0F, 0xFC, 0x00, 0x0F, 0x3C, 0x00, 0x0F, 0x3C, 0x00,
  0x1F, 0x3E, 0x00, 0x1E, 0x1E, 0x00, 0x1E, 0x1E, 0x00, 0x3E, 0x1F, 0x00, 0x3F, 0xFF, 0x00, 0x3F,
  0xFF, 0x00, 0x7F, 0xFF, 0x80, 0x78, 0x07, 0x80, 0x78, 0x07, 0x80, 0xF0, 0x03, 0xC0, 0xFF, 0xC0,
  0xFF, 0xF0, 0xFF, 0xF8, 0xF0, 0xF8, 0xF0, 0x78, 0xF0, 0x78, 0xF0, 0xF8, 0xFF, 0xF0, 0xFF, 0xF0,
  0xFF, 0xF8, 0xF0, 0x7C, 0xF0, 0x3C, 0xF0, 0x3C, 0xF0, 0x3C, 0xF0, 0x7C, 0xFF, 0xF8, 0xFF, 0xF8,
  0xFF, 0xE0, 0x03, 0xF8, 0x0F, 0xFE, 0x3F, 0xFE, 0x3E, 0x0E, 0x7C, 0x02, 0x78, 0x00, 0xF0, 0x00,
  0xF0, 0x00, 0xF0, 0x00, 0xF0, 0x00, 0xF0, 0x00, 0xF0, 0x00, 0x78, 0x00, 0x7C, 0x02, 0x3E, 0x0E,
  0x3F, 0xFE, 0x0F, 0xFE, 0x03, 0xF8, 0xFF, 0xC0, 0xFF, 0xF0, 0xFF, 0xFC, 0xF0, 0x7C, 0xF0, 0x3E,
  0xF0, 0x1E, 0xF0, 0x0F, 0xF0, 0x0F, 0xF0, 0x0F, 0xF0, 0x0F, 0xF0, 0x0F, 0xF0, 0x0F, 0xF0, 0x1E,
  0xF0, 0x3E, 0xF0, 0x7C, 0xFF, 0xFC, 0xFF, 0xF0, 0xFF, 0xC0, 0xFF, 0xF0, 0xFF, 0xF0, 0xFF, 0xF0,
  0xF0, 0x00, 0xF0, 0x00, 0xF0, 0x00, 0xF0, 0x00, 0xFF, 0xE0, 0xFF, 0xE0, 0xFF, 0xE0, 0xF0, 0x00,
  0xF0, 0x00, 0xF0, 0x00, 0xF0, 0x00, 0xF0, 0x00, 0xFF, 0xF0, 0xFF, 0xF0, 0xFF, 0xF0, 0xFF, 0xF0,
  0xFF, 0xF0, 0xFF, 0xF0, 0xF0, 0x00, 0xF0, 0x00, 0xF0, 0x00, 0xF0, 0x00, 0xFF, 0xF0, 0xFF, 0xF0,
  0xFF, 0xF0, 0xF0, 0x00, 0xF0, 0x00, 0xF0, 0x00, 0xF0, 0x00, 0xF0, 0x00, 0xF0, 0x00, 0xF0, 0x00,
  0xF0, 0x00, 0x03, 0xFC, 0x00, 0x0F, 0xFF, 0x00, 0x3F, 0xFF, 0x00, 0x3E, 0x07, 0x00, 0x7C, 0x01,
  0x00, 0x78, 0x00, 0x00, 0xF0, 0x00, 0x00, 0xF0, 0x00, 0x00, 0xF0, 0x3F, 0x80, 0xF0, 0x3F, 0x80,
  0xF0, 0x3F, 0x80, 0xF0, 0x07, 0x80, 0x78, 0x07, 0x80, 0x7C, 0x07, 0x80, 0x3E, 0x07, 0x80, 0x3F,
  0xFF, 0x80, 0x0F, 0xFF, 0x80, 0x03, 0xFC, 0x00, 0xF0, 0x0F, 0xF0, 0x0F, 0xF0, 0x0F, 0xF0, 0x0F,
  0xF0, 0x0F, 0xF0, 0x0F, 0xF0, 0x0F, 0xFF, 0xFF, 0xFF, 0xFF, 0xFF, 0xFF, 0xF0, 0x0F, 0xF0, 0x0F,
  0xF0, 0x0F, 0xF0, 0x0F, 0xF0, 0x0F, 0xF0, 0x0F, 0xF0, 0x0F, 0xF0, 0x0F, 0xF0, 0xF0, 0xF0, 0xF0,
  0xF0, 0xF0, 0xF0, 0xF0, 0xF0, 0xF0, 0xF0, 0xF0, 0xF0, 0xF0, 0xF0, 0xF0, 0xF0, 0xF0, 0x0F, 0x0F,
  0x0F, 0x0F, 0x0F, 0x0F, 0x0F, 0x0F, 0x0F, 0x0F, 0x0F, 0x0F, 0x0F, 0x0F, 0x0F, 0x0F, 0x0F, 0x0F,
  0x0F, 0x1F, 0xFE, 0xFC, 0xF8, 0xF0, 0x3F, 0x00, 0xF0, 0x7E, 0x00, 0xF0, 0xF8, 0x00, 0xF1, 0xF0,
  0x00, 0xF3, 0xE0, 0x00, 0xF7, 0xC0, 0x00, 0xFF, 0x80, 0x00, 0xFF, 0x00, 0x00, 0xFE, 0x00, 0x00,
  0xFF, 0x00, 0x00, 0xFF, 0x80, 0x00, 0xF7, 0xC0, 0x00, 0xF3, 0xE0, 0x00, 0xF1, 0xF0, 0x00, 0xF0,
  0xF8, 0x00, 0xF0, 0x7C, 0x00, 0xF0, 0x3E, 0x00, 0xF0, 0x1F, 0x80, 0xF0, 0x00, 0xF0, 0x00, 0xF0,
  0x00, 0xF0, 0x00, 0xF0, 0x00, 0xF0, 0x00, 0xF0, 0x00, 0xF0, 0x00, 0xF0, 0x00, 0xF0, 0x00, 0xF0,
  0x00, 0xF0, 0x00, 0xF0, 0x00, 0xF0, 0x00, 0xF0, 0x00, 0xFF, 0xF0, 0xFF, 0xF0, 0xFF, 0xF0, 0xF8,
  0x03, 0xE0, 0xFC, 0x07, 0xE0, 0xFC, 0x07, 0xE0, 0xFE, 0x0F, 0xE0, 0xFE, 0x0F, 0xE0, 0xFE, 0x0F,
  0xE0, 0xF7, 0x1D, 0xE0, 0xF7, 0x1D, 0xE0, 0xF7, 0xBD, 0xE0, 0xF3, 0xB9, 0xE0, 0xF3, 0xB9, 0xE0,
  0xF1, 0xF1, 0xE0, 0xF1, 0xF1, 0xE0, 0xF1, 0xF1, 0xE0, 0xF0, 0xE1, 0xE0, 0xF0, 0x01, 0xE0, 0xF0,
  0x01, 0xE0, 0xF0, 0x01, 0xE0, 0xF8, 0x0F, 0xFC, 0x0F, 0xFC, 0x0F, 0xFE, 0x0F, 0xFE, 0x0F, 0xFF,
  0x0F, 0xF7, 0x0F, 0xF7, 0x8F, 0xF3, 0x8F, 0xF1, 0xCF, 0xF1, 0xCF, 0xF0, 0xEF, 0xF0, 0xEF, 0xF0,
  0x7F, 0xF0, 0x7F, 0xF0, 0x3F, 0xF0, 0x3F, 0xF0, 0x1F, 0x03, 0xF8, 0x00, 0x1F, 0xFE, 0x00, 0x3F,
  0xFF, 0x00, 0x7E, 0x1F, 0x80, 0x78, 0x07, 0x80, 0xF8, 0x07, 0x80, 0xF0, 0x03, 0xC0, 0xF0, 0x03,
  0xC0, 0xF0, 0x03, 0xC0, 0xF0, 0x03, 0xC0, 0xF0, 0x03, 0xC0, 0xF0, 0x03, 0xC0, 0xF8, 0x07, 0x80,
  0x78, 0x07, 0x80, 0x7E, 0x1F, 0x00, 0x3F, 0xFF, 0x00, 0x1F, 0xFC, 0x00, 0x07, 0xF0, 0x00, 0xFF,
  0xE0, 0xFF, 0xF0, 0xFF, 0xF8, 0xF0, 0x7C, 0xF0, 0x3C, 0xF0, 0x3C, 0xF0, 0x3C, 0xF0, 0x7C, 0xFF,
  0xF8, 0xFF, 0xF0, 0xFF, 0xE0, 0xF0, 0x00, 0xF0, 0x00, 0xF0, 0x00, 0xF0, 0x00, 0xF0, 0x00, 0xF0,
  0x00, 0xF0, 0x00, 0x03, 0xF8, 0x00, 0x1F, 0xFE, 0x00, 0x3F, 0xFF, 0x00, 0x7E, 0x1F, 0x80, 0x78,
  0x07, 0x80, 0x78, 0x07, 0xC0, 0xF0, 0x03, 0xC0, 0xF0, 0x03, 0xC0, 0xF0, 0x03, 0xC0, 0xF0, 0x03,
  0xC0, 0xF0, 0x03, 0xC0, 0xF0, 0x03, 0xC0, 0xF8, 0x07, 0xC0, 0x78, 0x07, 0x80, 0x7E, 0x1F, 0x80,
  0x3F, 0xFF, 0x00, 0x1F, 0xFE, 0x00, 0x03, 0xFC, 0x00, 0x00, 0x3E, 0x00, 0x00, 0x1E, 0x00, 0x00,
  0x1F, 0x00, 0x00, 0x0F, 0x80, 0xFF, 0xE0, 0xFF, 0xF8, 0xFF, 0xF8, 0xF0, 0x7C, 0xF0, 0x3C, 0xF0,
  0x3C, 0xF0, 0x3C, 0xF0, 0x78, 0xFF, 0xF8, 0xFF, 0xE0, 0xFF, 0xF8, 0xF0, 0xF8, 0xF0, 0x7C, 0xF0,
  0x3C, 0xF0, 0x3E, 0xF0, 0x1E, 0xF0, 0x1E, 0xF0, 0x1F, 0x1F, 0xF0, 0x3F, 0xF8, 0x7F, 0xF8, 0xF8,
  0x38, 0xF0, 0x08, 0xF0, 0x00, 0xF8, 0x00, 0xFF, 0x80, 0x7F, 0xF0, 0x3F, 0xF8, 0x07, 0xFC, 0x00,
  0x7C, 0x00, 0x3C, 0x80, 0x3C, 0xE0, 0x7C, 0xFF, 0xF8, 0xFF, 0xF0, 0x3F, 0xC0, 0xFF, 0xFF, 0xFF,
  0xFF, 0xFF, 0xFF, 0x03, 0xC0, 0x03, 0xC0, 0x03, 0xC0, 0x03, 0xC0, 0x03, 0xC0, 0x03, 0xC0, 0x03,
  0xC0, 0x03, 0xC0, 0x03, 0xC0, 0x03, 0xC0, 0x03, 0xC0, 0x03, 0xC0, 0x03, 0xC0, 0x03, 0xC0, 0x03,
  0xC0, 0xF0, 0x1E, 0xF0, 0x1E, 0xF0, 0x1E, 0xF0, 0x1E, 0xF0, 0x1E, 0xF0, 0x1E, 0xF0, 0x1E, 0xF0,
  0x1E, 0xF0, 0x1E, 0xF0, 0x1E, 0xF0, 0x1E, 0xF0, 0x1E, 0xF0, 0x1E, 0xF0, 0x1E, 0x78, 0x3C, 0x7F,
  0xFC, 0x3F, 0xF8, 0x0F, 0xE0, 0xF0, 0x03, 0xC0, 0x78, 0x07, 0x80, 0x78, 0x07, 0x80, 0x78, 0x07,
  0x80, 0x3C, 0x0F, 0x00, 0x3C, 0x0F, 0x00, 0x3E, 0x1F, 0x00, 0x1E, 0x1E, 0x00, 0x1E, 0x1E, 0x00,
  0x1F, 0x3E, 0x00, 0x0F, 0x3C, 0x00, 0x0F, 0x3C, 0x00, 0x0F, 0xFC, 0x00, 0x07, 0xF8, 0x00, 0x07,
  0xF8, 0x00, 0x07, 0xF8, 0x00, 0x03, 0xF0, 0x00, 0x03, 0xF0, 0x00, 0xF0, 0x3E, 0x07, 0x80, 0xF0,
  0x3E, 0x07, 0x80, 0x78, 0x3E, 0x0F, 0x00, 0x78, 0x3E, 0x0F, 0x00, 0x78, 0x77, 0x0F, 0x00, 0x78,
  0x77, 0x0F, 0x00, 0x7C, 0x77, 0x1F, 0x00, 0x3C, 0x77, 0x1E, 0x00, 0x3C, 0xE3, 0x9E, 0x00, 0x3C,
  0xE3, 0x9E, 0x00, 0x3E, 0xE3, 0xBE, 0x00, 0x1E, 0xE3, 0xBC, 0x00, 0x1F, 0xE3, 0xFC, 0x00, 0x1F,
  0xC1, 0xFC, 0x00, 0x1F, 0xC1, 0xFC, 0x00, 0x0F, 0xC1, 0xF8, 0x00, 0x0F, 0xC1, 0xF8, 0x00, 0x0F,
  0x80, 0xF8, 0x00, 0xF8, 0x07, 0xC0, 0x7C, 0x0F, 0x80, 0x3E, 0x1F, 0x00, 0x3E, 0x1F, 0x00, 0x1F,
  0x3E, 0x00, 0x0F, 0xFC, 0x00, 0x07, 0xF8, 0x00, 0x07, 0xF8, 0x00, 0x03, 0xF0, 0x00, 0x03, 0xF0,
  0x00, 0x07, 0xF8, 0x00, 0x0F, 0xFC, 0x00, 0x0F, 0xBC, 0x00, 0x1F, 0x3E, 0x00, 0x3E, 0x1F, 0x00,
  0x3C, 0x0F, 0x00, 0x7C, 0x0F, 0x80, 0xF8, 0x07, 0xC0, 0xF8, 0x07, 0xC0, 0x7C, 0x0F, 0x80, 0x3C,
  0x1F, 0x00, 0x3E, 0x1F, 0x00, 0x1F, 0x3E, 0x00, 0x0F, 0xFC, 0x00, 0x0F, 0xFC, 0x00, 0x07, 0xF8,
  0x00, 0x03, 0xF0, 0x00, 0x03, 0xF0, 0x00, 0x01, 0xE0, 0x00, 0x01, 0xE0, 0x00, 0x01, 0xE0, 0x00,
  0x01, 0xE0, 0x00, 0x01, 0xE0, 0x00, 0x01, 0xE0, 0x00, 0x01, 0xE0, 0x00, 0x01, 0xE0, 0x00, 0xFF,
  0xFE, 0xFF, 0xFE, 0xFF, 0xFE, 0x00, 0x7E, 0x00, 0x7C, 0x00, 0xF8, 0x01, 0xF0, 0x03, 0xE0, 0x07,
  0xC0, 0x07, 0xC0, 0x0F, 0x80, 0x1F, 0x00, 0x3E, 0x00, 0x7C, 0x00, 0xFC, 0x00, 0xFF, 0xFE, 0xFF,
  0xFE, 0xFF, 0xFE, 0xFE, 0xFE, 0xFE, 0xF0, 0xF0, 0xF0, 0xF0, 0xF0, 0xF0, 0xF0, 0xF0, 0xF0, 0xF0,
  0xF0, 0xF0, 0xF0, 0xF0, 0xF0, 0xFE, 0xFE, 0xFE, 0xE0, 0x00, 0xE0, 0x00, 0x60, 0x00, 0x70, 0x00,
  0x70, 0x00, 0x30, 0x00, 0x38, 0x00, 0x38, 0x00, 0x18, 0x00, 0x1C, 0x00, 0x1C, 0x00, 0x0C, 0x00,
  0x0E, 0x00, 0x0E, 0x00, 0x06, 0x00, 0x07, 0x00, 0x07, 0x00, 0x03, 0x00, 0x03, 0x80, 0x03, 0x80,
  0xFE, 0xFE, 0xFE, 0x1E, 0x1E, 0x1E, 0x1E, 0x1E, 0x1E, 0x1E, 0x1E, 0x1E, 0x1E, 0x1E, 0x1E, 0x1E,
  0x1E, 0x1E, 0xFE, 0xFE, 0xFE, 0x03, 0x80, 0x07, 0xC0, 0x0F, 0xE0, 0x1E, 0xF0, 0x3C, 0x78, 0x78,
  0x3C, 0xE0, 0x0E, 0xFF, 0xF0, 0xFF, 0xF0, 0xE0, 0x70, 0x38, 0x1C, 0x1F, 0xC0, 0x7F, 0xF0, 0x7F,
  0xF0, 0x40, 0xF8, 0x00, 0x78, 0x1F, 0xF8, 0x7F, 0xF8, 0xFF, 0xF8, 0xF0, 0x78, 0xF0, 0xF8, 0xFF,
  0xF8, 0x7F, 0xF8, 0x3E, 0x78, 0xF0, 0x00, 0xF0, 0x00, 0xF0, 0x00, 0xF0, 0x00, 0xF0, 0x00, 0xF3,
  0xE0, 0xFF, 0xF0, 0xFF, 0xF8, 0xF8, 0x78, 0xF0, 0x3C, 0xF0, 0x3C, 0xF0, 0x3C, 0xF0, 0x3C, 0xF0,
  0x3C, 0xF8, 0x78, 0xFF, 0xF8, 0xFF, 0xF0, 0xF3, 0xE0, 0x0F, 0xE0, 0x3F, 0xF0, 0x7F, 0xF0, 0x7C,
  0x10, 0xF8, 0x00, 0xF0, 0x00, 0xF0, 0x00, 0xF0, 0x00, 0xF8, 0x00, 0x7C, 0x10, 0x7F, 0xF0, 0x3F,
  0xF0, 0x0F, 0xE0, 0x00, 0x3C, 0x00, 0x3C, 0x00, 0x3C, 0x00, 0x3C, 0x00, 0x3C, 0x1F, 0x3C, 0x3F,
  0xFC, 0x7F, 0xFC, 0x78, 0x7C, 0xF0, 0x3C, 0xF0, 0x3C, 0xF0, 0x3C, 0xF0, 0x3C, 0xF0, 0x3C, 0x78,
  0x7C, 0x7F, 0xFC, 0x3F, 0xFC, 0x1F, 0x3C, 0x0F, 0xC0, 0x3F, 0xF0, 0x7F, 0xF8, 0x78, 0x78, 0xF0,
  0x3C, 0xFF, 0xFC, 0xFF, 0xFC, 0xFF, 0xFC, 0xF0, 0x00, 0x78, 0x18, 0x7F, 0xF8, 0x3F, 0xF8, 0x0F,
  0xE0, 0x0F, 0xC0, 0x1F, 0xC0, 0x3F, 0xC0, 0x3C, 0x00, 0x3C, 0x00, 0xFF, 0xC0, 0xFF, 0xC0, 0xFF,
  0xC0, 0x3C, 0x00, 0x3C, 0x00, 0x3C, 0x00, 0x3C, 0x00, 0x3C, 0x00, 0x3C, 0x00, 0x3C, 0x00, 0x3C,
  0x00, 0x3C, 0x00, 0x3C, 0x00, 0x1F, 0x3C, 0x3F, 0xFC, 0x7F, 0xFC, 0x78, 0x7C, 0xF0, 0x3C, 0xF0,
  0x3C, 0xF0, 0x3C, 0xF0, 0x3C, 0xF0, 0x3C, 0x78, 0x7C, 0x7F, 0xFC, 0x3F, 0xFC, 0x1F, 0x3C, 0x00,
  0x3C, 0x20, 0x78, 0x3F, 0xF8, 0x3F, 0xF0, 0x1F, 0xC0, 0xF0, 0x00, 0xF0, 0x00, 0xF0, 0x00, 0xF0,
  0x00, 0xF0, 0x00, 0xF3, 0xE0, 0xFF, 0xF0, 0xFF, 0xF8, 0xF8, 0xF8, 0xF0, 0x78, 0xF0, 0x78, 0xF0,
  0x78, 0xF0, 0x78, 0xF0, 0x78, 0xF0, 0x78, 0xF0, 0x78, 0xF0, 0x78, 0xF0, 0x78, 0xF0, 0xF0, 0xF0,
  0xF0, 0x00, 0xF0, 0xF0, 0xF0, 0xF0, 0xF0, 0xF0, 0xF0, 0xF0, 0xF0, 0xF0, 0xF0, 0xF0, 0xF0, 0x1E,
  0x1E, 0x1E, 0x1E, 0x00, 0x1E, 0x1E, 0x1E, 0x1E, 0x1E, 0x1E, 0x1E, 0x1E, 0x1E, 0x1E, 0x1E, 0x1E,
  0x1E, 0x1E, 0x3E, 0xFC, 0xFC, 0xF8, 0xF0, 0x00, 0xF0, 0x00, 0xF0, 0x00, 0xF0, 0x00, 0xF0, 0x00,
  0xF0, 0xF8, 0xF1, 0xF0, 0xF3, 0xE0, 0xF7, 0xC0, 0xFF, 0x80, 0xFF, 0x00, 0xFF, 0x00, 0xFF, 0x80,
  0xF7, 0xC0, 0xF3, 0xE0, 0xF1, 0xF0, 0xF0, 0xF8, 0xF0, 0x7C, 0xF0, 0xF0, 0xF0, 0xF0, 0xF0, 0xF0,
  0xF0, 0xF0, 0xF0, 0xF0, 0xF0, 0xF0, 0xF0, 0xF0, 0xF0, 0xF0, 0xF0, 0xF0, 0xF3, 0xC7, 0xC0, 0xFF,
  0xEF, 0xE0, 0xFF, 0xFF, 0xF0, 0xF8, 0xF8, 0xF0, 0xF0, 0xF0, 0xF0, 0xF0, 0xF0, 0xF0, 0xF0, 0xF0,
  0xF0, 0xF0, 0xF0, 0xF0, 0xF0, 0xF0, 0xF0, 0xF0, 0xF0, 0xF0, 0xF0, 0xF0, 0xF0, 0xF0, 0xF0, 0xF0,
  0xF0, 0xF0, 0xF0, 0xF3, 0xE0, 0xFF, 0xF0, 0xFF, 0xF8, 0xF8, 0xF8, 0xF0, 0x78, 0xF0, 0x78, 0xF0,
  0x78, 0xF0, 0x78, 0xF0, 0x78, 0xF0, 0x78, 0xF0, 0x78, 0xF0, 0x78, 0xF0, 0x78, 0x0F, 0xC0, 0x3F,
  0xF0, 0x7F, 0xF8, 0x78, 0x78, 0xF0, 0x3C, 0xF0, 0x3C, 0xF0, 0x3C, 0xF0, 0x3C, 0xF0, 0x3C, 0x78,
  0x78, 0x7F, 0xF8, 0x3F, 0xF0, 0x0F, 0xC0, 0xF3, 0xE0, 0xFF, 0xF0, 0xFF, 0xF8, 0xF8, 0x78, 0xF0,
  0x3C, 0xF0, 0x3C, 0xF0, 0x3C, 0xF0, 0x3C, 0xF0, 0x3C, 0xF8, 0x78, 0xFF, 0xF8, 0xFF, 0xF0, 0xF3,
  0xE0, 0xF0, 0x00, 0xF0, 0x00, 0xF0, 0x00, 0xF0, 0x00, 0xF0, 0x00, 0x1F, 0x3C, 0x3F, 0xFC, 0x7F,
  0xFC, 0x78, 0x7C, 0xF0, 0x3C, 0xF0, 0x3C, 0xF0, 0x3C, 0xF0, 0x3C, 0xF0, 0x3C, 0x78, 0x7C, 0x7F,
  0xFC, 0x3F, 0xFC, 0x1F, 0x3C, 0x00, 0x3C, 0x00, 0x3C, 0x00, 0x3C, 0x00, 0x3C, 0x00, 0x3C, 0xF3,
  0xC0, 0xFF, 0xC0, 0xFF, 0xC0, 0xFC, 0x40, 0xF8, 0x00, 0xF0, 0x00, 0xF0, 0x00, 0xF0, 0x00, 0xF0,
  0x00, 0xF0, 0x00, 0xF0, 0x00, 0xF0, 0x00, 0xF0, 0x00, 0x3F, 0x80, 0x7F, 0xE0, 0xFF, 0xE0, 0xF0,
  0x60, 0xF8, 0x00, 0xFF, 0xC0, 0x7F, 0xE0, 0x0F, 0xF0, 0x00, 0xF0, 0xC0, 0xF0, 0xFF, 0xF0, 0xFF,
  0xE0, 0x3F, 0x80, 0x3C, 0x00, 0x3C, 0x00, 0x3C, 0x00, 0x3C, 0x00, 0xFF, 0xC0, 0xFF, 0xC0, 0xFF,
  0xC0, 0x3C, 0x00, 0x3C, 0x00, 0x3C, 0x00, 0x3C, 0x00, 0x3C, 0x00, 0x3C, 0x00, 0x3C, 0x00, 0x3F,
  0xC0, 0x1F, 0xC0, 0x0F, 0xC0, 0xF0, 0x78, 0xF0, 0x78, 0xF0, 0x78, 0xF0, 0x78, 0xF0, 0x78, 0xF0,
  0x78, 0xF0, 0x78, 0xF0, 0x78, 0xF0, 0x78, 0xF8, 0xF8, 0xFF, 0xF8, 0x7F, 0x78, 0x3E, 0x78, 0xF0,
  0x1E, 0x78, 0x3C, 0x78, 0x3C, 0x78, 0x3C, 0x3C, 0x78, 0x3C, 0x78, 0x1C, 0x70, 0x1E, 0xF0, 0x1E,
  0xF0, 0x0E, 0xE0, 0x0F, 0xE0, 0x07, 0xC0, 0x07, 0xC0, 0xF0, 0x70, 0x78, 0xF8, 0xF8, 0xF8, 0x78,
  0xF8, 0xF0, 0x78, 0xF8, 0xF0, 0x78, 0xF8, 0xF0, 0x7D, 0xDD, 0xF0, 0x3D, 0xDD, 0xE0, 0x3D, 0xDD,
  0xE0, 0x3D, 0xDD, 0xE0, 0x1F, 0x8F, 0xC0, 0x1F, 0x8F, 0xC0, 0x1F, 0x8F, 0xC0, 0x1F, 0x8F, 0xC0,
  0xF8, 0x3E, 0x7C, 0x7C, 0x3E, 0xF8, 0x1E, 0xF0, 0x0F, 0xE0, 0x0F, 0xE0, 0x07, 0xC0, 0x0F, 0xE0,
  0x0F, 0xE0, 0x1E, 0xF0, 0x3C, 0x78, 0x7C, 0x7C, 0xF8, 0x3E, 0xF8, 0x3E, 0x78, 0x3C, 0x78, 0x3C,
  0x3C, 0x7C, 0x3C, 0x78, 0x3E, 0xF8, 0x1E, 0xF0, 0x1F, 0xF0, 0x0F, 0xF0, 0x0F, 0xE0, 0x07, 0xE0,
  0x07, 0xC0, 0x07, 0xC0, 0x07, 0xC0, 0x07, 0x80, 0x3F, 0x80, 0x3F, 0x00, 0x3E, 0x00, 0xFF, 0xF0,
  0xFF, 0xF0, 0xFF, 0xF0, 0x03, 0xE0, 0x07, 0xE0, 0x0F, 0xC0, 0x1F, 0x80, 0x3F, 0x00, 0x7E, 0x00,
  0x7C, 0x00, 0xFF, 0xF0, 0xFF, 0xF0, 0xFF, 0xF0, 0x03, 0xE0, 0x07, 0xE0, 0x0F, 0xE0, 0x0F, 0x00,
  0x0F, 0x00, 0x0F, 0x00, 0x0F, 0x00, 0x0F, 0x00, 0x0F, 0x00, 0x1F, 0x00, 0xFE, 0x00, 0xFC, 0x00,
  0xFE, 0x00, 0x1F, 0x00, 0x0F, 0x00, 0x0F, 0x00, 0x0F, 0x00, 0x0F, 0x00, 0x0F, 0x00, 0x0F, 0xE0,
  0x07, 0xE0, 0x03, 0xE0, 0xE0, 0xE0, 0xE0, 0xE0, 0xE0, 0xE0, 0xE0, 0xE0, 0xE0, 0xE0, 0xE0, 0xE0,
  0xE0, 0xE0, 0xE0, 0xE0, 0xE0, 0xE0, 0xE0, 0xE0, 0xE0, 0xE0, 0xE0, 0xE0, 0xF8, 0x00, 0xFC, 0x00,
  0xFE, 0x00, 0x1E, 0x00, 0x1E, 0x00, 0x1E, 0x00, 0x1E, 0x00, 0x1E, 0x00, 0x1E, 0x00, 0x1F, 0x00,
  0x0F, 0xE0, 0x07, 0xE0, 0x0F, 0xE0, 0x1F, 0x00, 0x1E, 0x00, 0x1E, 0x00, 0x1E, 0x00, 0x1E, 0x00,
  0x1E, 0x00, 0xFE, 0x00, 0xFC, 0x00, 0xF8, 0x00, 0x3E, 0x02, 0x7F, 0x86, 0xFF, 0xFE, 0xC3, 0xFC,
  0x80, 0xF8, 0xF0, 0xF0, 0xF0, 0xF0, 0x00, 0x00, 0xE0, 0xF0, 0xF0, 0xF0, 0xF0, 0xF0, 0xF0, 0xF0,
  0xF0, 0xF0, 0xF0, 0xF0, 0x03, 0x00, 0x03, 0x00, 0x03, 0x00, 0x0F, 0xC0, 0x3F, 0xE0, 0x7F, 0xE0,
  0x7F, 0x20, 0xFB, 0x00, 0xF3, 0x00, 0xF3, 0x00, 0xF3, 0x00, 0xFB, 0x00, 0x7F, 0x20, 0x7F, 0xE0,
  0x3F, 0xE0, 0x0F, 0xC0, 0x03, 0x00, 0x03, 0x00, 0x03, 0x00, 0x03, 0x00, 0x03, 0xF0, 0x0F, 0xF8,
  0x0F, 0xF8, 0x1F, 0x08, 0x1E, 0x00, 0x1E, 0x00, 0x1E, 0x00, 0x1E, 0x00, 0x7F, 0xE0, 0x7F, 0xE0,
  0x7F, 0xE0, 0x1E, 0x00, 0x1E, 0x00, 0x1E, 0x00, 0x1E, 0x00, 0xFF, 0xF8, 0xFF, 0xF8, 0xFF, 0xF8,
  0x40, 0x08, 0x60, 0x1C, 0xFF, 0xF8, 0x3F, 0xF0, 0x38, 0x70, 0x30, 0x30, 0x30, 0x30, 0x30, 0x30,
  0x30, 0x30, 0x38, 0x70, 0x3F, 0xF0, 0x7F, 0xF8, 0xE0, 0x18, 0x40, 0x00, 0xF8, 0x1F, 0x7C, 0x3E,
  0x7C, 0x3E, 0x3E, 0x7C, 0x1E, 0x78, 0x1F, 0xF8, 0x0F, 0xF0, 0x7F, 0xFE, 0x7F, 0xFE, 0x03, 0xC0,
  0x03, 0xC0, 0x7F, 0xFE, 0x7F, 0xFE, 0x03, 0xC0, 0x03, 0xC0, 0x03, 0xC0, 0x03, 0xC0, 0x03, 0xC0,
  0xE0, 0xE0, 0xE0, 0xE0, 0xE0, 0xE0, 0xE0, 0xE0, 0xE0, 0x00, 0x00, 0x00, 0xE0, 0xE0, 0xE0, 0xE0,
  0xE0, 0xE0, 0xE0, 0xE0, 0xE0, 0x1F, 0xC0, 0x3F, 0xC0, 0x78, 0x40, 0x78, 0x00, 0x7C, 0x00, 0x3F,
  0x00, 0x3F, 0xC0, 0x7F, 0xE0, 0xF1, 0xF0, 0xF0, 0xF0, 0xF0, 0xF0, 0xF8, 0xF0, 0x7F, 0xE0, 0x3F,
  0xC0, 0x0F, 0xC0, 0x03, 0xE0, 0x01, 0xE0, 0x61, 0xE0, 0x7F, 0xC0, 0x7F, 0x80, 0xE7, 0xE7, 0xE7,
  0x03, 0xE0, 0x00, 0x0F, 0xF8, 0x00, 0x3C, 0x1E, 0x00, 0x30, 0x06, 0x00, 0x61, 0xF3, 0x00, 0x67,
  0xF3, 0x00, 0xCF, 0x11, 0x80, 0xCE, 0x01, 0x80, 0xCE, 0x01, 0x80, 0xCE, 0x01, 0x80, 0xCF, 0x11,
  0x80, 0xE7, 0xF3, 0x00, 0x63, 0xF3, 0x00, 0x30, 0x06, 0x00, 0x3C, 0x1E, 0x00, 0x0F, 0xF8, 0x00,
  0x03, 0xE0, 0x00, 0x3F, 0x00, 0x7F, 0x80, 0x03, 0xC0, 0x01, 0xC0, 0x3F, 0xC0, 0xFF, 0xC0, 0xE1,
  0xC0, 0xE3, 0xC0, 0xFF, 0xC0, 0x7D, 0xC0, 0x00, 0x00, 0xFF, 0xC0, 0xFF, 0xC0, 0x04, 0x10, 0x0C,
  0x30, 0x1C, 0x70, 0x79, 0xE0, 0xF3, 0xC0, 0xE3, 0x00, 0xF3, 0xC0, 0x79, 0xE0, 0x1C, 0x70, 0x0C,
  0x30, 0x04, 0x10, 0xFF, 0xFE, 0xFF, 0xFE, 0xFF, 0xFE, 0x00, 0x0E, 0x00, 0x0E, 0x00, 0x0E, 0x00,
  0x0E, 0xFE, 0xFE, 0xFE, 0x03, 0xE0, 0x00, 0x0F, 0xF8, 0x00, 0x3C, 0x1E, 0x00, 0x30, 0x06, 0x00,
  0x67, 0xE3, 0x00, 0x67, 0xF3, 0x00, 0xC7, 0x71, 0x80, 0xC7, 0x71, 0x80, 0xC7, 0xE1, 0x80, 0xC7,
  0xC1, 0x80, 0xC7, 0xE1, 0x80, 0xE7, 0x63, 0x00, 0x67, 0x73, 0x00, 0x30, 0x06, 0x00, 0x3C, 0x1E,
  0x00, 0x0F, 0xF8, 0x00, 0x03, 0xE0, 0x00, 0xFE, 0xFE, 0x3C, 0x7E, 0xE7, 0xC3, 0xC3, 0xE7, 0x7E,
  0x3C, 0x03, 0x80, 0x03, 0x80, 0x03, 0x80, 0x03, 0x80, 0xFF, 0xFE, 0xFF, 0xFE, 0xFF, 0xFE, 0x03,
  0x80, 0x03, 0x80, 0x03, 0x80, 0x03, 0x80, 0x00, 0x00, 0xFF, 0xFE, 0xFF, 0xFE, 0xFF, 0xFE, 0x7C,
  0xFF, 0x87, 0x07, 0x0E, 0x1E, 0x38, 0x70, 0xFF, 0xFF, 0xFE, 0xFF, 0x87, 0x07, 0x3E, 0x3E, 0x07,
  0x87, 0xFF, 0xFC, 0x1C, 0x38, 0x70, 0xE0, 0xF0, 0x78, 0xF0, 0x78, 0xF0, 0x78, 0xF0, 0x78, 0xF0,
  0x78, 0xF0, 0x78, 0xF0, 0x78, 0xF0, 0x78, 0xF0, 0x78, 0xF8, 0xF8, 0xFF, 0xFE, 0xFF, 0xFE, 0xF7,
  0x9E, 0xF0, 0x00, 0xF0, 0x00, 0xF0, 0x00, 0xF0, 0x00, 0xF0, 0x00, 0x1F, 0xE0, 0x7F, 0xE0, 0x7E,
  0x60, 0xFE, 0x60, 0xFE, 0x60, 0xFE, 0x60, 0xFE, 0x60, 0x7E, 0x60, 0x7E, 0x60, 0x1E, 0x60, 0x06,
  0x60, 0x06, 0x60, 0x06, 0x60, 0x06, 0x60, 0x06, 0x60, 0x06, 0x60, 0x06, 0x60, 0x06, 0x60, 0x06,
  0x60, 0x06, 0x60, 0xF0, 0xF0, 0xF0, 0xF0, 0xF0, 0x30, 0x18, 0x18, 0xF8, 0xF0, 0x7C, 0xFC, 0xDC,
  0x1C, 0x1C, 0x1C, 0x1C, 0x1C, 0x7F, 0x7F, 0x1F, 0x00, 0x7F, 0xC0, 0x71, 0xC0, 0xE0, 0xE0, 0xE0,
  0xE0, 0xE0, 0xE0, 0xE0, 0xE0, 0x71, 0xC0, 0x7F, 0xC0, 0x1F, 0x00, 0x00, 0x00, 0x7F, 0xC0, 0x7F,
  0xC0, 0x82, 0x00, 0xC3, 0x00, 0xE3, 0x80, 0x79, 0xE0, 0x3C, 0xF0, 0x0C, 0x70, 0x3C, 0xF0, 0x79,
  0xE0, 0xE3, 0x80, 0xC3, 0x00, 0x82, 0x00, 0x7C, 0x01, 0xE0, 0xFC, 0x01, 0xC0, 0xDC, 0x03, 0xC0,
  0x1C, 0x07, 0x80, 0x1C, 0x07, 0x00, 0x1C, 0x0F, 0x00, 0x1C, 0x0E, 0x00, 0x1C, 0x1E, 0x00, 0x7F,
  0x1C, 0x70, 0x7F, 0x38, 0xF0, 0x00, 0x79, 0xF0, 0x00, 0x71, 0xF0, 0x00, 0xF3, 0x70, 0x00, 0xE6,
  0x70, 0x01, 0xE7, 0xFC, 0x03, 0xC7, 0xFC, 0x03, 0x80, 0x70, 0x07, 0x80, 0x70, 0x7C, 0x01, 0xE0,
  0xFC, 0x01, 0xC0, 0xDC, 0x03, 0xC0, 0x1C, 0x07, 0x80, 0x1C, 0x07, 0x00, 0x1C, 0x0F, 0x00, 0x1C,
  0x0E, 0x00, 0x1C, 0x1E, 0x00, 0x7F, 0x1C, 0xF8, 0x7F, 0x39, 0xFE, 0x00, 0x79, 0x0E, 0x00, 0x70,
  0x0E, 0x00, 0xF0, 0x1C, 0x00, 0xE0, 0x3C, 0x01, 0xE0, 0x70, 0x03, 0xC0, 0xE0, 0x03, 0x81, 0xFE,
  0x07, 0x81, 0xFE, 0xFE, 0x01, 0xE0, 0xFF, 0x01, 0xC0, 0x87, 0x03, 0xC0, 0x07, 0x07, 0x80, 0x3E,
  0x07, 0x00, 0x3E, 0x0F, 0x00, 0x07, 0x0E, 0x00, 0x87, 0x1E, 0x00, 0xFF, 0x1C, 0x70, 0xFC, 0x38,
  0xF0, 0x00, 0x79, 0xF0, 0x00, 0x71, 0xF0, 0x00, 0xF3, 0x70, 0x00, 0xE6, 0x70, 0x01, 0xE7, 0xFC,
  0x03, 0xC7, 0xFC, 0x03, 0x80, 0x70, 0x07, 0x80, 0x70, 0x07, 0x80, 0x07, 0x80, 0x07, 0x80, 0x07,
  0x80, 0x00, 0x00, 0x00, 0x00, 0x07, 0x80, 0x07, 0x80, 0x0F, 0x80, 0x1F, 0x00, 0x7E, 0x00, 0x78,
  0x00, 0xF0, 0x00, 0xF0, 0x00, 0xF8, 0x60, 0xFF, 0xE0, 0x7F, 0xE0, 0x1F, 0xE0, 0x03, 0x80, 0x00,
  0x01, 0xC0, 0x00, 0x00, 0xE0, 0x00, 0x00, 0x00, 0x00, 0x03, 0xF0, 0x00, 0x03, 0xF0, 0x00, 0x07,
  0xF8, 0x00, 0x07, 0xF8, 0x00, 0x07, 0xF8, 0x00, 0x0F, 0xFC, 0x00, 0x0F, 0x3C, 0x00, 0x0F, 0x3C,
  0x00, 0x1F, 0x3E, 0x00, 0x1E, 0x1E, 0x00, 0x1E, 0x1E, 0x00, 0x3E, 0x1F, 0x00, 0x3F, 0xFF, 0x00,
  0x3F, 0xFF, 0x00, 0x7F, 0xFF, 0x80, 0x78, 0x07, 0x80, 0x78, 0x07, 0x80, 0xF0, 0x03, 0xC0, 0x00,
  0x70, 0x00, 0x00, 0xE0, 0x00, 0x01, 0xC0, 0x00, 0x00, 0x00, 0x00, 0x03, 0xF0, 0x00, 0x03, 0xF0,
  0x00, 0x07, 0xF8, 0x00, 0x07, 0xF8, 0x00, 0x07, 0xF8, 0x00, 0x0F, 0xFC, 0x00, 0x0F, 0x3C, 0x00,
  0x0F, 0x3C, 0x00, 0x1F, 0x3E, 0x00, 0x1E, 0x1E, 0x00, 0x1E, 0x1E, 0x00, 0x3E, 0x1F, 0x00, 0x3F,
  0xFF, 0x00, 0x3F, 0xFF, 0x00, 0x7F, 0xFF, 0x80, 0x78, 0x07, 0x80, 0x78, 0x07, 0x80, 0xF0, 0x03,
  0xC0, 0x01, 0xE0, 0x00, 0x03, 0xF0, 0x00, 0x06, 0x18, 0x00, 0x00, 0x00, 0x00, 0x03, 0xF0, 0x00,
  0x03, 0xF0, 0x00, 0x07, 0xF8, 0x00, 0x07, 0xF8, 0x00, 0x07, 0xF8, 0x00, 0x0F, 0xFC, 0x00, 0x0F,
  0x3C, 0x00, 0x0F, 0x3C, 0x00, 0x1F, 0x3E, 0x00, 0x1E, 0x1E, 0x00, 0x1E, 0x1E, 0x00, 0x3E, 0x1F,
  0x00, 0x3F, 0xFF, 0x00, 0x3F, 0xFF, 0x00, 0x7F, 0xFF, 0x80, 0x78, 0x07, 0x80, 0x78, 0x07, 0x80,
  0xF0, 0x03, 0xC0, 0x03, 0x98, 0x00, 0x07, 0xF8, 0x00, 0x06, 0x70, 0x00, 0x00, 0x00, 0x00, 0x03,
  0xF0, 0x00, 0x03, 0xF0, 0x00, 0x07, 0xF8, 0x00, 0x07, 0xF8, 0x00, 0x07, 0xF8, 0x00, 0x0F, 0xFC,
  0x00, 0x0F, 0x3C, 0x00, 0x0F, 0x3C, 0x00, 0x1F, 0x3E, 0x00, 0x1E, 0x1E, 0x00, 0x1E, 0x1E, 0x00,
  0x3E, 0x1F, 0x00, 0x3F, 0xFF, 0x00, 0x3F, 0xFF, 0x00, 0x7F, 0xFF, 0x80, 0x78, 0x07, 0x80, 0x78,
  0x07, 0x80, 0xF0, 0x03, 0xC0, 0x07, 0x38, 0x00, 0x07, 0x38, 0x00, 0x07, 0x38, 0x00, 0x00, 0x00,
  0x00, 0x03, 0xF0, 0x00, 0x03, 0xF0, 0x00, 0x07, 0xF8, 0x00, 0x07, 0xF8, 0x00, 0x07, 0xF8, 0x00,
  0x0F, 0xFC, 0x00, 0x0F, 0x3C, 0x00, 0x0F, 0x3C, 0x00, 0x1F, 0x3E, 0x00, 0x1E, 0x1E, 0x00, 0x1E,
  0x1E, 0x00, 0x3E, 0x1F, 0x00, 0x3F, 0xFF, 0x00, 0x3F, 0xFF, 0x00, 0x7F, 0xFF, 0x80, 0x78, 0x07,
  0x80, 0x78, 0x07, 0x80, 0xF0, 0x03, 0xC0, 0x01, 0xE0, 0x00, 0x03, 0xF0, 0x00, 0x03, 0x30, 0x00,
  0x03, 0x30, 0x00, 0x03, 0xE0, 0x00, 0x03, 0xF0, 0x00, 0x03, 0xF0, 0x00, 0x07, 0xF8, 0x00, 0x07,
  0xF8, 0x00, 0x07, 0xF8, 0x00, 0x0F, 0xFC, 0x00, 0x0F, 0x3C, 0x00, 0x0F, 0x3C, 0x00, 0x1E, 0x1E,
  0x00, 0x1E, 0x1E, 0x00, 0x3E, 0x1F, 0x00, 0x3F, 0xFF, 0x00, 0x3F, 0xFF, 0x00, 0x7F, 0xFF, 0x80,
  0x78, 0x07, 0x80, 0x78, 0x07, 0x80, 0xF0, 0x03, 0xC0, 0x01, 0xFF, 0xFF, 0x01, 0xFF, 0xFF, 0x03,
  0xFF, 0xFF, 0x03, 0xCF, 0x00, 0x03, 0xCF, 0x00, 0x07, 0x8F, 0x00, 0x07, 0x8F, 0x00, 0x0F, 0x8F,
  0xFE, 0x0F, 0x0F, 0xFE, 0x1F, 0x0F, 0xFE, 0x1E, 0x0F, 0x00, 0x1F, 0xFF, 0x00, 0x3F, 0xFF, 0x00,
  0x3F, 0xFF, 0x00, 0x7C, 0x0F, 0x00, 0x78, 0x0F, 0xFF, 0x78, 0x0F, 0xFF, 0xF8, 0x0F, 0xFF, 0x03,
  0xF8, 0x0F, 0xFE, 0x3F, 0xFE, 0x3E, 0x0E, 0x7C, 0x02, 0x78, 0x00, 0xF0, 0x00, 0xF0, 0x00, 0xF0,
  0x00, 0xF0, 0x00, 0xF0, 0x00, 0xF0, 0x00, 0x78, 0x00, 0x7C, 0x02, 0x3E, 0x0E, 0x3F, 0xFE, 0x0F,
  0xFE, 0x03, 0xF8, 0x00, 0xC0, 0x00, 0x60, 0x00, 0x60, 0x03, 0xE0, 0x03, 0xC0, 0x1C, 0x00, 0x0E,
  0x00, 0x07, 0x00, 0x00, 0x00, 0xFF, 0xF0, 0xFF, 0xF0, 0xFF, 0xF0, 0xF0, 0x00, 0xF0, 0x00, 0xF0,
  0x00, 0xF0, 0x00, 0xFF, 0xE0, 0xFF, 0xE0, 0xFF, 0xE0, 0xF0, 0x00, 0xF0, 0x00, 0xF0, 0x00, 0xF0,
  0x00, 0xF0, 0x00, 0xFF, 0xF0, 0xFF, 0xF0, 0xFF, 0xF0, 0x03, 0x80, 0x07, 0x00, 0x0E, 0x00, 0x00,
  0x00, 0xFF, 0xF0, 0xFF, 0xF0, 0xFF, 0xF0, 0xF0, 0x00, 0xF0, 0x00, 0xF0, 0x00, 0xF0, 0x00, 0xFF,
  0xE0, 0xFF, 0xE0, 0xFF, 0xE0, 0xF0, 0x00, 0xF0, 0x00, 0xF0, 0x00, 0xF0, 0x00, 0xF0, 0x00, 0xFF,
  0xF0, 0xFF, 0xF0, 0xFF, 0xF0, 0x0F, 0x80, 0x1D, 0xC0, 0x38, 0xE0, 0x00, 0x00, 0xFF, 0xF0, 0xFF,
  0xF0, 0xFF, 0xF0, 0xF0, 0x00, 0xF0, 0x00, 0xF0, 0x00, 0xF0, 0x00, 0xFF, 0xE0, 0xFF, 0xE0, 0xFF,
  0xE0, 0xF0, 0x00, 0xF0, 0x00, 0xF0, 0x00, 0xF0, 0x00, 0xF0, 0x00, 0xFF, 0xF0, 0xFF, 0xF0, 0xFF,
  0xF0, 0x39, 0xC0, 0x39, 0xC0, 0x39, 0xC0, 0x00, 0x00, 0xFF, 0xF0, 0xFF, 0xF0, 0xFF, 0xF0, 0xF0,
  0x00, 0xF0, 0x00, 0xF0, 0x00, 0xF0, 0x00, 0xFF, 0xE0, 0xFF, 0xE0, 0xFF, 0xE0, 0xF0, 0x00, 0xF0,
  0x00, 0xF0, 0x00, 0xF0, 0x00, 0xF0, 0x00, 0xFF, 0xF0, 0xFF, 0xF0, 0xFF, 0xF0, 0xE0, 0x70, 0x38,
  0x00, 0x78, 0x78, 0x78, 0x78, 0x78, 0x78, 0x78, 0x78, 0x78, 0x78, 0x78, 0x78, 0x78, 0x78, 0x78,
  0x78, 0x78, 0x78, 0x38, 0x70, 0xE0, 0x00, 0xF0, 0xF0, 0xF0, 0xF0, 0xF0, 0xF0, 0xF0, 0xF0, 0xF0,
  0xF0, 0xF0, 0xF0, 0xF0, 0xF0, 0xF0, 0xF0, 0xF0, 0xF0, 0x3C, 0x7E, 0xC3, 0x00, 0x3C, 0x3C, 0x3C,
  0x3C, 0x3C, 0x3C, 0x3C, 0x3C, 0x3C, 0x3C, 0x3C, 0x3C, 0x3C, 0x3C, 0x3C, 0x3C, 0x3C, 0x3C, 0xE7,
  0xE7, 0xE7, 0x00, 0x3C, 0x3C, 0x3C, 0x3C, 0x3C, 0x3C, 0x3C, 0x3C, 0x3C, 0x3C, 0x3C, 0x3C, 0x3C,
  0x3C, 0x3C, 0x3C, 0x3C, 0x3C, 0x3F, 0xF0, 0x00, 0x3F, 0xFC, 0x00, 0x3F, 0xFF, 0x00, 0x3C, 0x1F,
  0x00, 0x3C, 0x0F, 0x80, 0x3C, 0x07, 0x80, 0x3C, 0x03, 0xC0, 0xFF, 0x83, 0xC0, 0xFF, 0x83, 0xC0,
  0xFF, 0x83, 0xC0, 0x3C, 0x03, 0xC0, 0x3C, 0x03, 0xC0, 0x3C, 0x07, 0x80, 0x3C, 0x0F, 0x80, 0x3C,
  0x1F, 0x00, 0x3F, 0xFF, 0x00, 0x3F, 0xFC, 0x00, 0x3F, 0xF0, 0x00, 0x07, 0x30, 0x0F, 0xF0, 0x0C,
  0xE0, 0x00, 0x00, 0xF8, 0x0F, 0xFC, 0x0F, 0xFC, 0x0F, 0xFE, 0x0F, 0xFE, 0x0F, 0xFF, 0x0F, 0xF7,
  0x0F, 0xF7, 0x8F, 0xF3, 0x8F, 0xF1, 0xCF, 0xF1, 0xCF, 0xF0, 0xEF, 0xF0, 0xEF, 0xF0, 0x7F, 0xF0,
  0x7F, 0xF0, 0x3F, 0xF0, 0x3F, 0xF0, 0x1F, 0x03, 0x80, 0x00, 0x01, 0xC0, 0x00, 0x00, 0xE0, 0x00,
  0x00, 0x00, 0x00, 0x03, 0xF8, 0x00, 0x1F, 0xFE, 0x00, 0x3F, 0xFF, 0x00, 0x7E, 0x1F, 0x80, 0x78,
  0x07, 0x80, 0xF8, 0x07, 0x80, 0xF0, 0x03, 0xC0, 0xF0, 0x03, 0xC0, 0xF0, 0x03, 0xC0, 0xF0, 0x03,
  0xC0, 0xF0, 0x03, 0xC0, 0xF0, 0x03, 0xC0, 0xF8, 0x07, 0x80, 0x78, 0x07, 0x80, 0x7E, 0x1F, 0x00,
  0x3F, 0xFF, 0x00, 0x1F, 0xFC, 0x00, 0x07, 0xF0, 0x00, 0x00, 0x70, 0x00, 0x00, 0xE0, 0x00, 0x01,
  0xC0, 0x00, 0x00, 0x00, 0x00, 0x03, 0xF8, 0x00, 0x1F, 0xFE, 0x00, 0x3F, 0xFF, 0x00, 0x7E, 0x1F,
  0x80, 0x78, 0x07, 0x80, 0xF8, 0x07, 0x80, 0xF0, 0x03, 0xC0, 0xF0, 0x03, 0xC0, 0xF0, 0x03, 0xC0,
  0xF0, 0x03, 0xC0, 0xF0, 0x03, 0xC0, 0xF0, 0x03, 0xC0, 0xF8, 0x07, 0x80, 0x78, 0x07, 0x80, 0x7E,
  0x1F, 0x00, 0x3F, 0xFF, 0x00, 0x1F, 0xFC, 0x00, 0x07, 0xF0, 0x00, 0x01, 0xF0, 0x00, 0x03, 0xB8,
  0x00, 0x07, 0x1C, 0x00, 0x00, 0x00, 0x00, 0x03, 0xF8, 0x00, 0x1F, 0xFE, 0x00, 0x3F, 0xFF, 0x00,
  0x7E, 0x1F, 0x80, 0x78, 0x07, 0x80, 0xF8, 0x07, 0x80, 0xF0, 0x03, 0xC0, 0xF0, 0x03, 0xC0, 0xF0,
  0x03, 0xC0, 0xF0, 0x03, 0xC0, 0xF0, 0x03, 0xC0, 0xF0, 0x03, 0xC0, 0xF8, 0x07, 0x80, 0x78, 0x07,
  0x80, 0x7E, 0x1F, 0x00, 0x3F, 0xFF, 0x00, 0x1F, 0xFC, 0x00, 0x07, 0xF0, 0x00, 0x03, 0x98, 0x00,
  0x07, 0xF8, 0x00, 0x06, 0x70, 0x00, 0x00, 0x00, 0x00, 0x03, 0xF8, 0x00, 0x1F, 0xFE, 0x00, 0x3F,
  0xFF, 0x00, 0x7E, 0x1F, 0x80, 0x78, 0x07, 0x80, 0xF8, 0x07, 0x80, 0xF0, 0x03, 0xC0, 0xF0, 0x03,
  0xC0, 0xF0, 0x03, 0xC0, 0xF0, 0x03, 0xC0, 0xF0, 0x03, 0xC0, 0xF0, 0x03, 0xC0, 0xF8, 0x07, 0x80,
  0x78, 0x07, 0x80, 0x7E, 0x1F, 0x00, 0x3F, 0xFF, 0x00, 0x1F, 0xFC, 0x00, 0x07, 0xF0, 0x00, 0x07,
  0x38, 0x00, 0x07, 0x38, 0x00, 0x07, 0x38, 0x00, 0x00, 0x00, 0x00, 0x03, 0xF8, 0x00, 0x1F, 0xFE,
  0x00, 0x3F, 0xFF, 0x00, 0x7E, 0x1F, 0x80, 0x78, 0x07, 0x80, 0xF8, 0x07, 0x80, 0xF0, 0x03, 0xC0,
  0xF0, 0x03, 0xC0, 0xF0, 0x03, 0xC0, 0xF0, 0x03, 0xC0, 0xF0, 0x03, 0xC0, 0xF0, 0x03, 0xC0, 0xF8,
  0x07, 0x80, 0x78, 0x07, 0x80, 0x7E, 0x1F, 0x00, 0x3F, 0xFF, 0x00, 0x1F, 0xFC, 0x00, 0x07, 0xF0,
  0x00, 0x40, 0x08, 0xE0, 0x1C, 0x70, 0x38, 0x38, 0x70, 0x1C, 0xE0, 0x0F, 0xC0, 0x07, 0x80, 0x07,
  0x80, 0x0F, 0xC0, 0x1C, 0xE0, 0x38, 0x70, 0x70, 0x38, 0xE0, 0x1C, 0x40, 0x08, 0x01, 0xFC, 0x60,
  0x07, 0xFF, 0xE0, 0x1F, 0xFF, 0xC0, 0x1F, 0x0F, 0xC0, 0x3C, 0x07, 0xC0, 0x3C, 0x0F, 0xE0, 0x78,
  0x1D, 0xE0, 0x78, 0x39, 0xE0, 0x78, 0x71, 0xE0, 0x78, 0xE1, 0xE0, 0x79, 0xC1, 0xE0, 0x7B, 0x81,
  0xE0, 0x7F, 0x03, 0xC0, 0x3C, 0x03, 0xC0, 0x3F, 0x0F, 0x80, 0x3F, 0xFF, 0x80, 0x6F, 0xFE, 0x00,
  0xE3, 0xF8, 0x00, 0x0E, 0x00, 0x07, 0x00, 0x03, 0x80, 0x00, 0x00, 0xF0, 0x1E, 0xF0, 0x1E, 0xF0,
  0x1E, 0xF0, 0x1E, 0xF0, 0x1E, 0xF0, 0x1E, 0xF0, 0x1E, 0xF0, 0x1E, 0xF0, 0x1E, 0xF0, 0x1E, 0xF0,
  0x1E, 0xF0, 0x1E, 0xF0, 0x1E, 0xF0, 0x1E, 0x78, 0x3C, 0x7F, 0xFC, 0x3F, 0xF8, 0x0F, 0xE0, 0x01,
  0xC0, 0x03, 0x80, 0x07, 0x00, 0x00, 0x00, 0xF0, 0x1E, 0xF0, 0x1E, 0xF0, 0x1E, 0xF0, 0x1E, 0xF0,
  0x1E, 0xF0, 0x1E, 0xF0, 0x1E, 0xF0, 0x1E, 0xF0, 0x1E, 0xF0, 0x1E, 0xF0, 0x1E, 0xF0, 0x1E, 0xF0,
  0x1E, 0xF0, 0x1E, 0x78, 0x3C, 0x7F, 0xFC, 0x3F, 0xF8, 0x0F, 0xE0, 0x07, 0xC0, 0x0E, 0xE0, 0x1C,
  0x70, 0x00, 0x00, 0xF0, 0x1E, 0xF0, 0x1E, 0xF0, 0x1E, 0xF0, 0x1E, 0xF0, 0x1E, 0xF0, 0x1E, 0xF0,
  0x1E, 0xF0, 0x1E, 0xF0, 0x1E, 0xF0, 0x1E, 0xF0, 0x1E, 0xF0, 0x1E, 0xF0, 0x1E, 0xF0, 0x1E, 0x78,
  0x3C, 0x7F, 0xFC, 0x3F, 0xF8, 0x0F, 0xE0, 0x1C, 0x70, 0x1C, 0x70, 0x1C, 0x70, 0x00, 0x00, 0xF0,
  0x1E, 0xF0, 0x1E, 0xF0, 0x1E, 0xF0, 0x1E, 0xF0, 0x1E, 0xF0, 0x1E, 0xF0, 0x1E, 0xF0, 0x1E, 0xF0,
  0x1E, 0xF0, 0x1E, 0xF0, 0x1E, 0xF0, 0x1E, 0xF0, 0x1E, 0xF0, 0x1E, 0x78, 0x3C, 0x7F, 0xFC, 0x3F,
  0xF8, 0x0F, 0xE0, 0x00, 0x70, 0x00, 0x00, 0xE0, 0x00, 0x01, 0xC0, 0x00, 0x00, 0x00, 0x00, 0xF8,
  0x07, 0xC0, 0x7C, 0x0F, 0x80, 0x3C, 0x1F, 0x00, 0x3E, 0x1F, 0x00, 0x1F, 0x3E, 0x00, 0x0F, 0xFC,
  0x00, 0x0F, 0xFC, 0x00, 0x07, 0xF8, 0x00, 0x03, 0xF0, 0x00, 0x03, 0xF0, 0x00, 0x01, 0xE0, 0x00,
  0x01, 0xE0, 0x00, 0x01, 0xE0, 0x00, 0x01, 0xE0, 0x00, 0x01, 0xE0, 0x00, 0x01, 0xE0, 0x00, 0x01,
  0xE0, 0x00, 0x01, 0xE0, 0x00, 0xF0, 0x00, 0xF0, 0x00, 0xF0, 0x00, 0xF0, 0x00, 0xFF, 0xE0, 0xFF,
  0xF0, 0xFF, 0xF8, 0xF0, 0x7C, 0xF0, 0x3C, 0xF0, 0x3C, 0xF0, 0x3C, 0xF0, 0x7C, 0xFF, 0xF8, 0xFF,
  0xF0, 0xFF, 0xE0, 0xF0, 0x00, 0xF0, 0x00, 0xF0, 0x00, 0x1F, 0x80, 0x7F, 0xE0, 0x7F, 0xE0, 0xF9,
  0xF0, 0xF0, 0xF0, 0xF3, 0xF0, 0xF7, 0xC0, 0xF7, 0x80, 0xF7, 0xC0, 0xF7, 0xE0, 0xF3, 0xF8, 0xF0,
  0xFC, 0xF0, 0x3C, 0xF0, 0x3C, 0xF4, 0x7C, 0xF7, 0xFC, 0xF7, 0xF8, 0xF3, 0xF0, 0x1C, 0x00, 0x0E,
  0x00, 0x07, 0x00, 0x03, 0x80, 0x00, 0x00, 0x00, 0x00, 0x1F, 0xC0, 0x7F, 0xF0, 0x7F, 0xF0, 0x40,
  0xF8, 0x00, 0x78, 0x1F, 0xF8, 0x7F, 0xF8, 0xFF, 0xF8, 0xF0, 0x78, 0xF0, 0xF8, 0xFF, 0xF8, 0x7F,
  0xF8, 0x3E, 0x78, 0x00, 0xE0, 0x01, 0xC0, 0x03, 0x80, 0x07, 0x00, 0x00, 0x00, 0x00, 0x00, 0x1F,
  0xC0, 0x7F, 0xF0, 0x7F, 0xF0, 0x40, 0xF8, 0x00, 0x78, 0x1F, 0xF8, 0x7F, 0xF8, 0xFF, 0xF8, 0xF0,
  0x78, 0xF0, 0xF8, 0xFF, 0xF8, 0x7F, 0xF8, 0x3E, 0x78, 0x03, 0x80, 0x07, 0xC0, 0x0E, 0xE0, 0x1C,
  0x70, 0x00, 0x00, 0x00, 0x00, 0x1F, 0xC0, 0x7F, 0xF0, 0x7F, 0xF0, 0x40, 0xF8, 0x00, 0x78, 0x1F,
  0xF8, 0x7F, 0xF8, 0xFF, 0xF8, 0xF0, 0x78, 0xF0, 0xF8, 0xFF, 0xF8, 0x7F, 0xF8, 0x3E, 0x78, 0x0E,
  0x60, 0x1F, 0x60, 0x1B, 0xE0, 0x19, 0xC0, 0x00, 0x00, 0x00, 0x00, 0x1F, 0xC0, 0x7F, 0xF0, 0x7F,
  0xF0, 0x40, 0xF8, 0x00, 0x78, 0x1F, 0xF8, 0x7F, 0xF8, 0xFF, 0xF8, 0xF0, 0x78, 0xF0, 0xF8, 0xFF,
  0xF8, 0x7F, 0xF8, 0x3E, 0x78, 0x1C, 0xE0, 0x1C, 0xE0, 0x1C, 0xE0, 0x00, 0x00, 0x00, 0x00, 0x00,
  0x00, 0x1F, 0xC0, 0x7F, 0xF0, 0x7F, 0xF0, 0x40, 0xF8, 0x00, 0x78, 0x1F, 0xF8, 0x7F, 0xF8, 0xFF,
  0xF8, 0xF0, 0x78, 0xF0, 0xF8, 0xFF, 0xF8, 0x7F, 0xF8, 0x3E, 0x78, 0x03, 0x80, 0x07, 0xC0, 0x0C,
  0x60, 0x0C, 0x60, 0x0C, 0x60, 0x07, 0xC0, 0x03, 0x80, 0x00, 0x00, 0x1F, 0xC0, 0x7F, 0xF0, 0x7F,
  0xF0, 0x40, 0xF8, 0x00, 0x78, 0x1F, 0xF8, 0x7F, 0xF8, 0xFF, 0xF8, 0xF0, 0x78, 0xF0, 0xF8, 0xFF,
  0xF8, 0x7F, 0xF8, 0x3E, 0x78, 0x1F, 0x87, 0xE0, 0x7F, 0xEF, 0xF8, 0x7F, 0xFF, 0xFC, 0x40, 0xFC,
  0x3C, 0x00, 0x78, 0x1E, 0x1F, 0xFF, 0xFE, 0x7F, 0xFF, 0xFE, 0xFF, 0xFF, 0xFE, 0xF0, 0x78, 0x00,
  0xF0, 0xFC, 0x0C, 0xFF, 0xFF, 0xFC, 0x7F, 0xDF, 0xFC, 0x3F, 0x07, 0xF0, 0x0F, 0xE0, 0x3F, 0xF0,
  0x7F, 0xF0, 0x7C, 0x10, 0xF8, 0x00, 0xF0, 0x00, 0xF0, 0x00, 0xF0, 0x00, 0xF8, 0x00, 0x7C, 0x10,
  0x7F, 0xF0, 0x3F, 0xF0, 0x0F, 0xE0, 0x03, 0x00, 0x01, 0x80, 0x01, 0x80, 0x0F, 0x80, 0x0F, 0x00,
  0x0E, 0x00, 0x07, 0x00, 0x03, 0x80, 0x01, 0xC0, 0x00, 0x00, 0x00, 0x00, 0x0F, 0xC0, 0x3F, 0xF0,
  0x7F, 0xF8, 0x78, 0x78, 0xF0, 0x3C, 0xFF, 0xFC, 0xFF, 0xFC, 0xFF, 0xFC, 0xF0, 0x00, 0x78, 0x18,
  0x7F, 0xF8, 0x3F, 0xF8, 0x0F, 0xE0, 0x00, 0x70, 0x00, 0xE0, 0x01, 0xC0, 0x03, 0x80, 0x00, 0x00,
  0x00, 0x00, 0x0F, 0xC0, 0x3F, 0xF0, 0x7F, 0xF8, 0x78, 0x78, 0xF0, 0x3C, 0xFF, 0xFC, 0xFF, 0xFC,
  0xFF, 0xFC, 0xF0, 0x00, 0x78, 0x18, 0x7F, 0xF8, 0x3F, 0xF8, 0x0F, 0xE0, 0x01, 0xC0, 0x03, 0xE0,
  0x07, 0x70, 0x0E, 0x38, 0x00, 0x00, 0x00, 0x00, 0x0F, 0xC0, 0x3F, 0xF0, 0x7F, 0xF8, 0x78, 0x78,
  0xF0, 0x3C, 0xFF, 0xFC, 0xFF, 0xFC, 0xFF, 0xFC, 0xF0, 0x00, 0x78, 0x18, 0x7F, 0xF8, 0x3F, 0xF8,
  0x0F, 0xE0, 0x0E, 0x70, 0x0E, 0x70, 0x0E, 0x70, 0x00, 0x00, 0x00, 0x00, 0x00, 0x00, 0x0F, 0xC0,
  0x3F, 0xF0, 0x7F, 0xF8, 0x78, 0x78, 0xF0, 0x3C, 0xFF, 0xFC, 0xFF, 0xFC, 0xFF, 0xFC, 0xF0, 0x00,
  0x78, 0x18, 0x7F, 0xF8, 0x3F, 0xF8, 0x0F, 0xE0, 0xE0, 0x70, 0x38, 0x1C, 0x00, 0x00, 0x3C, 0x3C,
  0x3C, 0x3C, 0x3C, 0x3C, 0x3C, 0x3C, 0x3C, 0x3C, 0x3C, 0x3C, 0x3C, 0x1C, 0x38, 0x70, 0xE0, 0x00,
  0x00, 0xF0, 0xF0, 0xF0, 0xF0, 0xF0, 0xF0, 0xF0, 0xF0, 0xF0, 0xF0, 0xF0, 0xF0, 0xF0, 0x3C, 0x7E,
  0x66, 0xC3, 0x00, 0x00, 0x3C, 0x3C, 0x3C, 0x3C, 0x3C, 0x3C, 0x3C, 0x3C, 0x3C, 0x3C, 0x3C, 0x3C,
  0x3C, 0xE7, 0xE7, 0xE7, 0x00, 0x00, 0x00, 0x3C, 0x3C, 0x3C, 0x3C, 0x3C, 0x3C, 0x3C, 0x3C, 0x3C,
  0x3C, 0x3C, 0x3C, 0x3C, 0x1E, 0x18, 0x0F, 0xF8, 0x0F, 0xC0, 0x7F, 0xC0, 0x71, 0xE0, 0x00, 0xF0,
  0x1F, 0xF0, 0x3F, 0xF8, 0x7F, 0xF8, 0xF8, 0x7C, 0xF0, 0x3C, 0xF0, 0x3C, 0xF0, 0x3C, 0xF0, 0x3C,
  0x78, 0x78, 0x7F, 0xF8, 0x3F, 0xF0, 0x0F, 0xC0, 0x0E, 0x60, 0x1F, 0x60, 0x1B, 0xE0, 0x19, 0xC0,
  0x00, 0x00, 0x00, 0x00, 0xF3, 0xE0, 0xFF, 0xF0, 0xFF, 0xF8, 0xF8, 0xF8, 0xF0, 0x78, 0xF0, 0x78,
  0xF0, 0x78, 0xF0, 0x78, 0xF0, 0x78, 0xF0, 0x78, 0xF0, 0x78, 0xF0, 0x78, 0xF0, 0x78, 0x0E, 0x00,
  0x07, 0x00, 0x03, 0x80, 0x01, 0xC0, 0x00, 0x00, 0x00, 0x00, 0x0F, 0xC0, 0x3F, 0xF0, 0x7F, 0xF8,
  0x78, 0x78, 0xF0, 0x3C, 0xF0, 0x3C, 0xF0, 0x3C, 0xF0, 0x3C, 0xF0, 0x3C, 0x78, 0x78, 0x7F, 0xF8,
  0x3F, 0xF0, 0x0F, 0xC0, 0x00, 0x70, 0x00, 0xE0, 0x01, 0xC0, 0x03, 0x80, 0x00, 0x00, 0x00, 0x00,
  0x0F, 0xC0, 0x3F, 0xF0, 0x7F, 0xF8, 0x78, 0x78, 0xF0, 0x3C, 0xF0, 0x3C, 0xF0, 0x3C, 0xF0, 0x3C,
  0xF0, 0x3C, 0x78, 0x78, 0x7F, 0xF8, 0x3F, 0xF0, 0x0F, 0xC0, 0x07, 0x80, 0x0F, 0xC0, 0x0C, 0xC0,
  0x18, 0x60, 0x00, 0x00, 0x00, 0x00, 0x0F, 0xC0, 0x3F, 0xF0, 0x7F, 0xF8, 0x78, 0x78, 0xF0, 0x3C,
  0xF0, 0x3C, 0xF0, 0x3C, 0xF0, 0x3C, 0xF0, 0x3C, 0x78, 0x78, 0x7F, 0xF8, 0x3F, 0xF0, 0x0F, 0xC0,
  0x0E, 0x60, 0x1F, 0x60, 0x1B, 0xE0, 0x19, 0xC0, 0x00, 0x00, 0x00, 0x00, 0x0F, 0xC0, 0x3F, 0xF0,
  0x7F, 0xF8, 0x78, 0x78, 0xF0, 0x3C, 0xF0, 0x3C, 0xF0, 0x3C, 0xF0, 0x3C, 0xF0, 0x3C, 0x78, 0x78,
  0x7F, 0xF8, 0x3F, 0xF0, 0x0F, 0xC0, 0x1C, 0xE0, 0x1C, 0xE0, 0x1C, 0xE0, 0x00, 0x00, 0x00, 0x00,
  0x00, 0x00, 0x0F, 0xC0, 0x3F, 0xF0, 0x7F, 0xF8, 0x78, 0x78, 0xF0, 0x3C, 0xF0, 0x3C, 0xF0, 0x3C,
  0xF0, 0x3C, 0xF0, 0x3C, 0x78, 0x78, 0x7F, 0xF8, 0x3F, 0xF0, 0x0F, 0xC0, 0x03, 0xC0, 0x03, 0xC0,
  0x03, 0xC0, 0x03, 0xC0, 0x00, 0x00, 0x00, 0x00, 0xFF, 0xFF, 0xFF, 0xFF, 0xFF, 0xFF, 0x00, 0x00,
  0x00, 0x00, 0x03, 0xC0, 0x03, 0xC0, 0x03, 0xC0, 0x03, 0xC0, 0x0F, 0xCC, 0x3F, 0xF8, 0x7F, 0xF8,
  0x78, 0x78, 0xF0, 0xFC, 0xF1, 0xBC, 0xF3, 0x3C, 0xF6, 0x3C, 0xFC, 0x3C, 0x78, 0x78, 0x7F, 0xF8,
  0x7F, 0xF0, 0xDF, 0xC0, 0x1C, 0x00, 0x0E, 0x00, 0x07, 0x00, 0x03, 0x80, 0x00, 0x00, 0x00, 0x00,
  0xF0, 0x78, 0xF0, 0x78, 0xF0, 0x78, 0xF0, 0x78, 0xF0, 0x78, 0xF0, 0x78, 0xF0, 0x78, 0xF0, 0x78,
  0xF0, 0x78, 0xF8, 0xF8, 0xFF, 0xF8, 0x7F, 0x78, 0x3E, 0x78, 0x00, 0xE0, 0x01, 0xC0, 0x03, 0x80,
  0x07, 0x00, 0x00, 0x00, 0x00, 0x00, 0xF0, 0x78, 0xF0, 0x78, 0xF0, 0x78, 0xF0, 0x78, 0xF0, 0x78,
  0xF0, 0x78, 0xF0, 0x78, 0xF0, 0x78, 0xF0, 0x78, 0xF8, 0xF8, 0xFF, 0xF8, 0x7F, 0x78, 0x3E, 0x78,
  0x07, 0x00, 0x0F, 0x80, 0x1D, 0xC0, 0x38, 0xE0, 0x00, 0x00, 0x00, 0x00, 0xF0, 0x78, 0xF0, 0x78,
  0xF0, 0x78, 0xF0, 0x78, 0xF0, 0x78, 0xF0, 0x78, 0xF0, 0x78, 0xF0, 0x78, 0xF0, 0x78, 0xF8, 0xF8,
  0xFF, 0xF8, 0x7F, 0x78, 0x3E, 0x78, 0x38, 0xE0, 0x38, 0xE0, 0x38, 0xE0, 0x00, 0x00, 0x00, 0x00,
  0x00, 0x00, 0xF0, 0x78, 0xF0, 0x78, 0xF0, 0x78, 0xF0, 0x78, 0xF0, 0x78, 0xF0, 0x78, 0xF0, 0x78,
  0xF0, 0x78, 0xF0, 0x78, 0xF8, 0xF8, 0xFF, 0xF8, 0x7F, 0x78, 0x3E, 0x78, 0x00, 0x70, 0x00, 0xE0,
  0x01, 0xC0, 0x03, 0x80, 0x00, 0x00, 0x00, 0x00, 0xF8, 0x3E, 0x78, 0x3C, 0x78, 0x3C, 0x3C, 0x7C,
  0x3C, 0x78, 0x3E, 0xF8, 0x1E, 0xF0, 0x1F, 0xF0, 0x0F, 0xF0, 0x0F, 0xE0, 0x07, 0xE0, 0x07, 0xC0,
  0x07, 0xC0, 0x07, 0xC0, 0x07, 0x80, 0x3F, 0x80, 0x3F, 0x00, 0x3E, 0x00, 0xF0, 0x00, 0xF0, 0x00,
  0xF0, 0x00, 0xF0, 0x00, 0xF0, 0x00, 0xF3, 0xE0, 0xFF, 0xF0, 0xFF, 0xF8, 0xF8, 0x78, 0xF0, 0x3C,
  0xF0, 0x3C, 0xF0, 0x3C, 0xF0, 0x3C, 0xF0, 0x3C, 0xF8, 0x78, 0xFF, 0xF8, 0xFF, 0xF0, 0xF3, 0xE0,
  0xF0, 0x00, 0xF0, 0x00, 0xF0, 0x00, 0xF0, 0x00, 0xF0, 0x00, 0x0E, 0x70, 0x0E, 0x70, 0x0E, 0x70,
  0x00, 0x00, 0x00, 0x00, 0x00, 0x00, 0xF8, 0x3E, 0x78, 0x3C, 0x78, 0x3C, 0x3C, 0x7C, 0x3C, 0x78,
  0x3E, 0xF8, 0x1E, 0xF0, 0x1F, 0xF0, 0x0F, 0xF0, 0x0F, 0xE0, 0x07, 0xE0, 0x07, 0xC0, 0x07, 0xC0,
  0x07, 0xC0, 0x07, 0x80, 0x3F, 0x80, 0x3F, 0x00, 0x3E, 0x00, 0xFF, 0x80, 0xFF, 0x80, 0xFF, 0x80,
  0xFF, 0xFF, 0xF8, 0xFF, 0xFF, 0xF8, 0xFF, 0xFF, 0xF8, 0x38, 0x78, 0x70, 0xF0, 0xF0, 0xF0, 0xF0,
  0x78, 0x78, 0x78, 0x78, 0x70, 0xF0, 0xE0, 0x38, 0xE0, 0x79, 0xE0, 0x71, 0xC0, 0xF3, 0xC0, 0xF3,
  0xC0, 0xF3, 0xC0, 0xF3, 0xC0, 0x79, 0xE0, 0x79, 0xE0, 0x79, 0xE0, 0x79, 0xE0, 0x71, 0xC0, 0xF3,
  0xC0, 0xE3, 0x80, 0x3C, 0x7E, 0xFF, 0xFF, 0xFF, 0xFF, 0x7E, 0x3C, 0xF0, 0xF0, 0xF0, 0xF0, 0xF0,
  0xF0, 0xF0, 0xF0, 0xF0, 0xF0, 0xF0, 0xF0, 0xF0, 0xF0, 0xF0, 0x01, 0xF8, 0x07, 0xFE, 0x0F, 0xFE,
  0x1F, 0x86, 0x1E, 0x02, 0x1E, 0x00, 0xFF, 0xF8, 0xFF, 0xF0, 0x3C, 0x00, 0x3C, 0x00, 0xFF, 0xE0,
  0xFF, 0xC0, 0x3E, 0x00, 0x1E, 0x02, 0x1F, 0x86, 0x0F, 0xFE, 0x07, 0xFE, 0x01, 0xF8, 0x00, 0x04,
  0x00, 0x00, 0x0E, 0x00, 0x00, 0x1F, 0x00, 0x00, 0x0F, 0x80, 0xFF, 0xFF, 0xC0, 0xFF, 0xFF, 0xC0,
  0xFF, 0xFF, 0xC0, 0x00, 0x0F, 0x80, 0x00, 0x1F, 0x00, 0x00, 0x0E, 0x00, 0x00, 0x04, 0x00,
};
// DejaVuSans-Bold.ttf @ 20px: 201 glyphs, 5110 bitmap bytes
const Glyph sans_bold_20_glyphs[] = {
  {0x0020, 0, 0, 0, 19, 7, 0, 0},
  {0x0021, 4, 15, 3, 4, 9, 0, 0},
  {0x0022, 6, 5, 2, 4, 10, 0, 15},
  {0x0023, 14, 15, 1, 4, 17, 0, 20},
  {0x0024, 12, 18, 1, 4, 14, 0, 50},
  {0x0025, 19, 15, 1, 4, 20, 0, 86},
  {0x0026, 14, 15, 1, 4, 17, 0, 131},
  {0x0027, 2, 5, 2, 4, 6, 0, 161},
  {0x0028, 6, 18, 2, 4, 9, 0, 166},
  {0x0029, 6, 18, 1, 4, 9, 0, 184},
  {0x002A, 10, 9, 0, 4, 10, 0, 202},
  {0x002B, 12, 12, 2, 7, 17, 0, 220},
  {0x002C, 5, 7, 1, 15, 8, 0, 244},
  {0x002D, 6, 3, 1, 12, 8, 0, 251},
  {0x002E, 4, 4, 2, 15, 8, 0, 254},
  {0x002F, 7, 16, 0, 4, 7, 0, 258},
  {0x0030, 12, 15, 1, 4, 14, 0, 274},
  {0x0031, 10, 15, 3, 4, 14, 0, 304},
  {0x0032, 11, 15, 2, 4, 14, 0, 334},
  {0x0033, 11, 15, 1, 4, 14, 0, 364},
  {0x0034, 12, 15, 1, 4, 14, 0, 394},
  {0x0035, 11, 15, 2, 4, 14, 0, 424},
  {0x0036, 12, 15, 1, 4, 14, 0, 454},
  {0x0037, 11, 15, 1, 4, 14, 0, 484},
  {0x0038, 12, 15, 1, 4, 14, 0, 514},
  {0x0039, 12, 15, 1, 4, 14, 0, 544},
  {0x003A, 4, 11, 2, 8, 8, 0, 574},
  {0x003B, 5, 14, 1, 8, 8, 0, 585},
  {0x003C, 13, 11, 2, 7, 17, 0, 599},
  {0x003D, 13, 6, 2, 10, 17, 0, 621},
  {0x003E, 13, 11, 2, 7, 17, 0, 633},
  {0x003F, 9, 15, 1, 4, 12, 0, 655},
  {0x0040, 17, 18, 1, 4, 20, 0, 685},
  {0x0041, 15, 15, 0, 4, 15, 0, 739},
  {0x0042, 12, 15, 2, 4, 15, 0, 769},
  {0x0043, 12, 15, 1, 4, 15, 0, 799},
  {0x0044, 14, 15, 2, 4, 17, 0, 829},
  {0x0045, 10, 15, 2, 4, 14, 0, 859},
  {0x0046, 10, 15, 2, 4, 14, 0, 889},
  {0x0047, 14, 15, 1, 4, 16, 0, 919},
  {0x0048, 13, 15, 2, 4, 17, 0, 949},
  {0x0049, 4, 15, 2, 4, 7, 0, 979},
  {0x004A, 7, 19, -1, 4, 7, 0, 994},
  {0x004B, 14, 15, 2, 4, 16, 0, 1013},
  {0x004C, 10, 15, 2, 4, 13, 0, 1043},
  {0x004D, 16, 15, 2, 4, 20, 0, 1073},
  {0x004E, 13, 15, 2, 4, 17, 0, 1103},
  {0x004F, 15, 15, 1, 4, 17, 0, 1133},
  {0x0050, 12, 15, 2, 4, 15, 0, 1163},
  {0x0051, 15, 18, 1, 4, 17, 0, 1193},
  {0x0052, 13, 15, 2, 4, 15, 0, 1229},
  {0x0053, 12, 15, 1, 4, 14, 0, 1259},
  {0x0054, 14, 15, 0, 4, 14, 0, 1289},
  {0x0055, 13, 15, 2, 4, 16, 0, 1319},
  {0x0056, 15, 15, 0, 4, 15, 0, 1349},
  {0x0057, 21, 15, 1, 4, 22, 0, 1379},
  {0x0058, 15, 15, 0, 4, 15, 0, 1424},
  {0x0059, 16, 15, -1, 4, 14, 0, 1454},
  {0x005A, 13, 15, 1, 4, 15, 0, 1484},
  {0x005B, 6, 18, 2, 4, 9, 0, 1514},
  {0x005C, 7, 16, 0, 4, 7, 0, 1532},
  {0x005D, 6, 18, 1, 4, 9, 0, 1548},
  {0x005E, 11, 5, 3, 4, 17, 0, 1566},
  {0x005F, 10, 2, 0, 22, 10, 0, 1576},
  {0x0060, 6, 4, 1, 3, 10, 0, 1580},
  {0x0061, 11, 11, 1, 8, 14, 0, 1584},
  {0x0062, 12, 15, 2, 4, 14, 0, 1606},
  {0x0063, 10, 11, 1, 8, 12, 0, 1636},
  {0x0064, 12, 15, 1, 4, 14, 0, 1658},
  {0x0065, 12, 11, 1, 8, 14, 0, 1688},
  {0x0066, 9, 15, 0, 4, 9, 0, 1710},
  {0x0067, 12, 15, 1, 8, 14, 0, 1740},
  {0x0068, 11, 15, 2, 4, 14, 0, 1770},
  {0x0069, 4, 15, 2, 4, 7, 0, 1800},
  {0x006A, 6, 19, 0, 4, 7, 0, 1815},
  {0x006B, 12, 15, 2, 4, 13, 0, 1834},
  {0x006C, 4, 15, 2, 4, 7, 0, 1864},
  {0x006D, 18, 11, 2, 8, 21, 0, 1879},
  {0x006E, 11, 11, 2, 8, 14, 0, 1912},
  {0x006F, 12, 11, 1, 8, 14, 0, 1934},
  {0x0070, 12, 15, 2, 8, 14, 0, 1956},
  {0x0071, 12, 15, 1, 8, 14, 0, 1986},
  {0x0072, 8, 11, 2, 8, 10, 0, 2016},
  {0x0073, 10, 11, 1, 8, 12, 0, 2027},
  {0x0074, 10, 14, 0, 5, 10, 0, 2049},
  {0x0075, 11, 11, 2, 8, 14, 0, 2077},
  {0x0076, 12, 11, 0, 8, 13, 0, 2099},
  {0x0077, 17, 11, 1, 8, 18, 0, 2121},
  {0x0078, 12, 11, 1, 8, 13, 0, 2154},
  {0x0079, 12, 15, 1, 8, 13, 0, 2176},
  {0x007A, 10, 11, 1, 8, 12, 0, 2206},
  {0x007B, 9, 18, 3, 4, 14, 0, 2228},
  {0x007C, 2, 20, 3, 4, 7, 0, 2264},
  {0x007D, 9, 18, 2, 4, 14, 0, 2284},
  {0x007E, 13, 3, 2, 10, 17, 0, 2320},
  {0x00A0, 0, 0, 0, 19, 7, 0, 2326},
  {0x00A1, 4, 15, 3, 8, 9, 0, 2326},
  {0x00A2, 10, 17, 2, 5, 14, 0, 2341},
  {0x00A3, 11, 15, 1, 4, 14, 0, 2375},
  {0x00A4, 10, 10, 1, 7, 13, 0, 2405},
  {0x00A5, 14, 15, 0, 4, 14, 0, 2425},
  {0x00A6, 2, 17, 3, 5, 7, 0, 2455},
  {0x00A7, 10, 17, 1, 4, 10, 0, 2472},
  {0x00A8, 6, 2, 2, 4, 10, 0, 2506},
  {0x00A9, 14, 14, 3, 5, 20, 0, 2508},
  {0x00AA, 8, 11, 2, 4, 11, 0, 2536},
  {0x00AB, 10, 9, 2, 9, 13, 0, 2547},
  {0x00AC, 13, 6, 2, 10, 17, 0, 2565},
  {0x00AD, 6, 3, 1, 12, 8, 0, 2577},
  {0x00AE, 14, 14, 3, 5, 20, 0, 2580},
  {0x00AF, 6, 2, 2, 4, 10, 0, 2608},
  {0x00B0, 7, 7, 2, 4, 10, 0, 2610},
  {0x00B1, 12, 12, 2, 7, 17, 0, 2617},
  {0x00B2, 7, 8, 1, 4, 9, 0, 2641},
  {0x00B3, 7, 8, 1, 4, 9, 0, 2649},
  {0x00B4, 6, 4, 4, 3, 10, 0, 2657},
  {0x00B5, 12, 15, 2, 8, 15, 0, 2661},
  {0x00B6, 10, 17, 1, 4, 13, 0, 2691},
  {0x00B7, 4, 4, 2, 10, 8, 0, 2725},
  {0x00B8, 4, 4, 3, 19, 10, 0, 2729},
  {0x00B9, 6, 8, 1, 4, 9, 0, 2733},
  {0x00BA, 9, 11, 1, 4, 11, 0, 2741},
  {0x00BB, 10, 9, 2, 9, 13, 0, 2763},
  {0x00BC, 18, 15, 1, 4, 21, 0, 2781},
  {0x00BD, 19, 15, 1, 4, 21, 0, 2826},
  {0x00BE, 18, 15, 1, 4, 21, 0, 2871},
  {0x00BF, 9, 15, 1, 8, 12, 0, 2916},
  {0x00C0, 15, 19, 0, 0, 15, 0, 2946},
  {0x00C1, 15, 19, 0, 0, 15, 0, 2984},
  {0x00C2, 15, 19, 0, 0, 15, 0, 3022},
  {0x00C3, 15, 19, 0, 0, 15, 0, 3060},
  {0x00C4, 15, 19, 0, 0, 15, 0, 3098},
  {0x00C5, 15, 19, 0, 0, 15, 0, 3136},
  {0x00C6, 20, 15, 0, 4, 22, 0, 3174},
  {0x00C7, 12, 19, 1, 4, 15, 0, 3219},
  {0x00C8, 10, 19, 2, 0, 14, 0, 3257},
  {0x00C9, 10, 19, 2, 0, 14, 0, 3295},
  {0x00CA, 10, 19, 2, 0, 14, 0, 3333},
  {0x00CB, 10, 19, 2, 0, 14, 0, 3371},
  {0x00CC, 6, 19, 0, 0, 7, 0, 3409},
  {0x00CD, 5, 19, 2, 0, 7, 0, 3428},
  {0x00CE, 6, 19, 1, 0, 7, 0, 3447},
  {0x00CF, 6, 19, 1, 0, 7, 0, 3466},
  {0x00D0, 16, 15, 0, 4, 17, 0, 3485},
  {0x00D1, 13, 19, 2, 0, 17, 0, 3515},
  {0x00D2, 15, 19, 1, 0, 17, 0, 3553},
  {0x00D3, 15, 19, 1, 0, 17, 0, 3591},
  {0x00D4, 15, 19, 1, 0, 17, 0, 3629},
  {0x00D5, 15, 19, 1, 0, 17, 0, 3667},
  {0x00D6, 15, 19, 1, 0, 17, 0, 3705},
  {0x00D7, 12, 12, 3, 7, 17, 0, 3743},
  {0x00D8, 15, 15, 1, 3, 17, 0, 3767},
  {0x00D9, 13, 19, 2, 0, 16, 0, 3797},
  {0x00DA, 13, 19, 2, 0, 16, 0, 3835},
  {0x00DB, 13, 19, 2, 0, 16, 0, 3873},
  {0x00DC, 13, 19, 2, 0, 16, 0, 3911},
  {0x00DD, 16, 19, -1, 0, 14, 0, 3949},
  {0x00DE, 12, 15, 2, 4, 15, 0, 3987},
  {0x00DF, 12, 15, 2, 4, 14, 0, 4017},
  {0x00E0, 11, 16, 1, 3, 14, 0, 4047},
  {0x00E1, 11, 16, 1, 3, 14, 0, 4079},
  {0x00E2, 11, 16, 1, 3, 14, 0, 4111},
  {0x00E3, 11, 16, 1, 3, 14, 0, 4143},
  {0x00E4, 11, 15, 1, 4, 14, 0, 4175},
  {0x00E5, 11, 18, 1, 1, 14, 0, 4205},
  {0x00E6, 19, 11, 1, 8, 21, 0, 4241},
  {0x00E7, 10, 15, 1, 8, 12, 0, 4274},
  {0x00E8, 12, 16, 1, 3, 14, 0, 4304},
  {0x00E9, 12, 16, 1, 3, 14, 0, 4336},
  {0x00EA, 12, 16, 1, 3, 14, 0, 4368},
  {0x00EB, 12, 15, 1, 4, 14, 0, 4400},
  {0x00EC, 6, 16, 0, 3, 7, 0, 4430},
  {0x00ED, 7, 16, 2, 3, 7, 0, 4446},
  {0x00EE, 6, 16, 1, 3, 7, 0, 4462},
  {0x00EF, 6, 15, 1, 4, 7, 0, 4478},
  {0x00F0, 12, 15, 1, 4, 14, 0, 4493},
  {0x00F1, 11, 16, 2, 3, 14, 0, 4523},
  {0x00F2, 12, 16, 1, 3, 14, 0, 4555},
  {0x00F3, 12, 16, 1, 3, 14, 0, 4587},
  {0x00F4, 12, 16, 1, 3, 14, 0, 4619},
  {0x00F5, 12, 16, 1, 3, 14, 0, 4651},
  {0x00F6, 12, 15, 1, 4, 14, 0, 4683},
  {0x00F7, 13, 10, 2, 8, 17, 0, 4713},
  {0x00F8, 12, 11, 1, 8, 14, 0, 4733},
  {0x00F9, 11, 16, 2, 3, 14, 0, 4755},
  {0x00FA, 11, 16, 2, 3, 14, 0, 4787},
  {0x00FB, 11, 16, 2, 3, 14, 0, 4819},
  {0x00FC, 11, 15, 2, 4, 14, 0, 4851},
  {0x00FD, 12, 20, 1, 3, 13, 0, 4881},
  {0x00FE, 12, 19, 2, 4, 14, 0, 4921},
  {0x00FF, 12, 19, 1, 4, 13, 0, 4959},
  {0x2013, 8, 3, 1, 12, 10, 0, 4997},
  {0x2014, 18, 3, 1, 12, 20, 0, 5000},
  {0x2018, 4, 6, 2, 4, 8, 0, 5009},
  {0x2019, 4, 6, 1, 4, 8, 0, 5015},
  {0x201C, 9, 6, 2, 4, 13, 0, 5021},
  {0x201D, 9, 6, 2, 4, 13, 0, 5033},
  {0x2022, 7, 7, 3, 8, 13, 0, 5045},
  {0x2026, 18, 4, 2, 15, 20, 0, 5052},
  {0x20AC, 13, 15, -1, 4, 14, 0, 5064},
  {0x2192, 15, 8, 1, 9, 17, 0, 5094},
};
const uint8_t sans_bold_20_bitmap[] = {
  0xF0, 0xF0, 0xF0, 0xF0, 0xF0, 0xF0, 0xF0, 0xF0, 0xF0, 0xF0, 0x00, 0xF0, 0xF0, 0xF0, 0xF0, 0xCC,
  0xCC, 0xCC, 0xCC, 0xCC, 0x06, 0x30, 0x06, 0x30, 0x06, 0x30, 0x06, 0x60, 0x7F, 0xFC, 0x7F, 0xFC,
  0x0C, 0xE0, 0x0C, 0xC0, 0x18, 0xC0, 0xFF, 0xF8, 0xFF, 0xF8, 0x19, 0x80, 0x39, 0x80, 0x31, 0x80,
  0x31, 0x80, 0x06, 0x00, 0x06, 0x00, 0x1F, 0xC0, 0x7F, 0xE0, 0xE6, 0x20, 0xE6, 0x00, 0xF6, 0x00,
  0xFF, 0x80, 0x7F, 0xE0, 0x1F, 0xF0, 0x06, 0xF0, 0x06, 0x70, 0x86, 0x70, 0xFF, 0xE0, 0x3F, 0xC0,
  0x06, 0x00, 0x06, 0x00, 0x06, 0x00, 0x3C, 0x06, 0x00, 0x7E, 0x0C, 0x00, 0xE7, 0x1C, 0x00, 0xC3,
  0x18, 0x00, 0xC3, 0x38, 0x00, 0xE7, 0x30, 0x00, 0x7E, 0x60, 0x00, 0x3C, 0xE7, 0x80, 0x00, 0xCF,
  0xC0, 0x01, 0x9C, 0xE0, 0x03, 0x98, 0x60, 0x03, 0x18, 0x60, 0x07, 0x1C, 0xE0, 0x06, 0x0F, 0xC0,
  0x0C, 0x07, 0x80, 0x0F, 0x80, 0x1F, 0xC0, 0x3C, 0x40, 0x3C, 0x00, 0x3C, 0x00, 0x1E, 0x00, 0x3F,
  0x1C, 0x7F, 0x1C, 0xF3, 0x9C, 0xF3, 0xF8, 0xF1, 0xF8, 0xF0, 0xF0, 0x78, 0xF0, 0x7F, 0xF8, 0x1F,
  0xBC, 0xC0, 0xC0, 0xC0, 0xC0, 0xC0, 0x3C, 0x38, 0x78, 0x70, 0x70, 0xE0, 0xE0, 0xE0, 0xE0, 0xE0,
  0xE0, 0xE0, 0xE0, 0x70, 0x70, 0x78, 0x38, 0x3C, 0xF0, 0x70, 0x78, 0x38, 0x38, 0x1C, 0x1C, 0x1C,
  0x1C, 0x1C, 0x1C, 0x1C, 0x1C, 0x38, 0x38, 0x78, 0x70, 0xF0, 0x0C, 0x00, 0x0C, 0x00, 0xCC, 0xC0,
  0x7F, 0x80, 0x1E, 0x00, 0x7F, 0x80, 0xCC, 0xC0, 0x0C, 0x00, 0x0C, 0x00, 0x06, 0x00, 0x06, 0x00,
  0x06, 0x00, 0x06, 0x00, 0x06, 0x00, 0xFF, 0xF0, 0xFF, 0xF0, 0x06, 0x00, 0x06, 0x00, 0x06, 0x00,
  0x06, 0x00, 0x06, 0x00, 0x78, 0x78, 0x78, 0x78, 0x70, 0xE0, 0xC0, 0xFC, 0xFC, 0xFC, 0xF0, 0xF0,
  0xF0, 0xF0, 0x06, 0x0E, 0x0C, 0x0C, 0x0C, 0x18, 0x18, 0x18, 0x30, 0x30, 0x30, 0x60, 0x60, 0x60,
  0xE0, 0xC0, 0x1F, 0x80, 0x3F, 0xC0, 0x79, 0xE0, 0x70, 0xE0, 0xF0, 0xF0, 0xF0, 0xF0, 0xF0, 0xF0,
  0xF0, 0xF0, 0xF0, 0xF0, 0xF0, 0xF0, 0xF0, 0xF0, 0x70, 0xE0, 0x79, 0xE0, 0x3F, 0xC0, 0x1F, 0x80,
  0x7E, 0x00, 0xFE, 0x00, 0xDE, 0x00, 0x1E, 0x00, 0x1E, 0x00, 0x1E, 0x00, 0x1E, 0x00, 0x1E, 0x00,
  0x1E, 0x00, 0x1E, 0x00, 0x1E, 0x00, 0x1E, 0x00, 0x1E, 0x00, 0xFF, 0xC0, 0xFF, 0xC0, 0x3F, 0x00,
  0xFF, 0xC0, 0xC3, 0xE0, 0x81, 0xE0, 0x01, 0xE0, 0x01, 0xE0, 0x03, 0xE0, 0x03, 0xE0, 0x07, 0xC0,
  0x0F, 0xC0, 0x1F, 0x00, 0x3E, 0x00, 0x7C, 0x00, 0xFF, 0xE0, 0xFF, 0xE0, 0x7F, 0x80, 0xFF, 0xC0,
  0x83, 0xE0, 0x01, 0xE0, 0x01, 0xE0, 0x03, 0xC0, 0x1F, 0x80, 0x1F, 0xC0, 0x03, 0xE0, 0x01, 0xE0,
  0x01, 0xE0, 0x01, 0xE0, 0x83, 0xE0, 0xFF, 0xC0, 0x7F, 0x00, 0x07, 0xC0, 0x07, 0xC0, 0x0F, 0xC0,
  0x1F, 0xC0, 0x1B, 0xC0, 0x3B, 0xC0, 0x73, 0xC0, 0x63, 0xC0, 0xE3, 0xC0, 0xC3, 0xC0, 0xFF, 0xF0,
  0xFF, 0xF0, 0x03, 0xC0, 0x03, 0xC0, 0x03, 0xC0, 0x7F, 0xC0, 0x7F, 0xC0, 0x70, 0x00, 0x70, 0x00,
  0x70, 0x00, 0x7F, 0x00, 0x7F, 0xC0, 0x43, 0xC0, 0x01, 0xE0, 0x01, 0xE0, 0x01, 0xE0, 0x01, 0xE0,
  0x83, 0xC0, 0xFF, 0xC0, 0x7F, 0x00, 0x0F, 0xC0, 0x3F, 0xE0, 0x3C, 0x20, 0x78, 0x00, 0xF0, 0x00,
  0xF7, 0x80, 0xFF, 0xE0, 0xF9, 0xF0, 0xF0, 0xF0, 0xF0, 0xF0, 0xF0, 0xF0, 0x70, 0xF0, 0x79, 0xE0,
  0x3F, 0xC0, 0x1F, 0x80, 0xFF, 0xE0, 0xFF, 0xE0, 0x03, 0xE0, 0x03, 0xC0, 0x03, 0xC0, 0x07, 0xC0,
  0x07, 0x80, 0x0F, 0x80, 0x0F, 0x00, 0x1F, 0x00, 0x1E, 0x00, 0x3E, 0x00, 0x3C, 0x00, 0x3C, 0x00,
  0x7C, 0x00, 0x3F, 0xC0, 0x7F, 0xE0, 0xF9, 0xF0, 0xF0, 0xF0, 0xF0, 0xF0, 0x79, 0xE0, 0x3F, 0xC0,
  0x3F, 0xC0, 0x79, 0xE0, 0xF0, 0xF0, 0xF0, 0xF0, 0xF0, 0xF0, 0xF9, 0xF0, 0x7F, 0xE0, 0x1F, 0x80,
  0x1F, 0x00, 0x3F, 0xC0, 0x79, 0xE0, 0xF0, 0xE0, 0xF0, 0xF0, 0xF0, 0xF0, 0xF0, 0xF0, 0xF9, 0xF0,
  0x7F, 0xF0, 0x1E, 0xF0, 0x00, 0xF0, 0x01, 0xE0, 0x43, 0xC0, 0x7F, 0xC0, 0x3F, 0x00, 0xF0, 0xF0,
  0xF0, 0xF0, 0x00, 0x00, 0x00, 0xF0, 0xF0, 0xF0, 0xF0, 0x78, 0x78, 0x78, 0x78, 0x00, 0x00, 0x00,
  0x78, 0x78, 0x78, 0x78, 0x70, 0xE0, 0xC0, 0x00, 0x08, 0x00, 0x78, 0x03, 0xF8, 0x1F, 0x80, 0xFC,
  0x00, 0xE0, 0x00, 0xFC, 0x00, 0x1F, 0x80, 0x03, 0xF8, 0x00, 0x78, 0x00, 0x08, 0xFF, 0xF8, 0xFF,
  0xF8, 0x00, 0x00, 0x00, 0x00, 0xFF, 0xF8, 0xFF, 0xF8, 0x80, 0x00, 0xF0, 0x00, 0xFE, 0x00, 0x0F,
  0xC0, 0x01, 0xF8, 0x00, 0x38, 0x01, 0xF8, 0x0F, 0xC0, 0xFE, 0x00, 0xF0, 0x00, 0x80, 0x00, 0x7E,
  0x00, 0xFF, 0x00, 0x87, 0x80, 0x07, 0x80, 0x07, 0x80, 0x0F, 0x80, 0x1F, 0x00, 0x3E, 0x00, 0x3C,
  0x00, 0x3C, 0x00, 0x00, 0x00, 0x3C, 0x00, 0x3C, 0x00, 0x3C, 0x00, 0x3C, 0x00, 0x03, 0xF0, 0x00,
  0x0F, 0xFC, 0x00, 0x1C, 0x1E, 0x00, 0x38, 0x07, 0x00, 0x73, 0xDB, 0x00, 0x67, 0xFB, 0x80, 0xCE,
  0x39, 0x80, 0xCC, 0x19, 0x80, 0xCC, 0x19, 0x80, 0xCC, 0x19, 0x80, 0xCC, 0x19, 0x80, 0xCE, 0x3B,
  0x00, 0x67, 0xFE, 0x00, 0x73, 0xDC, 0x00, 0x38, 0x04, 0x00, 0x1C, 0x1C, 0x00, 0x0F, 0xF8, 0x00,
  0x03, 0xE0, 0x00, 0x07, 0xC0, 0x07, 0xC0, 0x0F, 0xE0, 0x0F, 0xE0, 0x0E, 0xE0, 0x1E, 0xF0, 0x1E,
  0xF0, 0x1C, 0x70, 0x3C, 0x78, 0x3C, 0x78, 0x3F, 0xF8, 0x7F, 0xFC, 0x78, 0x3C, 0x78, 0x3C, 0xF0,
  0x1E, 0xFF, 0x80, 0xFF, 0xC0, 0xF1, 0xE0, 0xF1, 0xE0, 0xF1, 0xE0, 0xF1, 0xE0, 0xFF, 0xC0, 0xFF,
  0xE0, 0xF1, 0xE0, 0xF0, 0xF0, 0xF0, 0xF0, 0xF0, 0xF0, 0xF1, 0xF0, 0xFF, 0xE0, 0xFF, 0x80, 0x0F,
  0xE0, 0x1F, 0xF0, 0x3C, 0x10, 0x78, 0x00, 0xF8, 0x00, 0xF0, 0x00, 0xF0, 0x00, 0xF0, 0x00, 0xF0,
  0x00, 0xF0, 0x00, 0xF8, 0x00, 0x78, 0x00, 0x3C, 0x10, 0x1F, 0xF0, 0x0F, 0xE0, 0xFF, 0x80, 0xFF,
  0xE0, 0xF0, 0xF0, 0xF0, 0x78, 0xF0, 0x7C, 0xF0, 0x3C, 0xF0, 0x3C, 0xF0, 0x3C, 0xF0, 0x3C, 0xF0,
  0x3C, 0xF0, 0x7C, 0xF0, 0x78, 0xF0, 0xF0, 0xFF, 0xE0, 0xFF, 0x80, 0xFF, 0xC0, 0xFF, 0xC0, 0xF0,
  0x00, 0xF0, 0x00, 0xF0, 0x00, 0xF0, 0x00, 0xFF, 0x80, 0xFF, 0x80, 0xF0, 0x00, 0xF0, 0x00, 0xF0,
  0x00, 0xF0, 0x00, 0xF0, 0x00, 0xFF, 0xC0, 0xFF, 0xC0, 0xFF, 0xC0, 0xFF, 0xC0, 0xF0, 0x00, 0xF0,
  0x00, 0xF0, 0x00, 0xF0, 0x00, 0xFF, 0xC0, 0xFF, 0xC0, 0xF0, 0x00, 0xF0, 0x00, 0xF0, 0x00, 0xF0,
  0x00, 0xF0, 0x00, 0xF0, 0x00, 0xF0, 0x00, 0x07, 0xF0, 0x1F, 0xF8, 0x3C, 0x08, 0x78, 0x00, 0xF8,
  0x00, 0xF0, 0x00, 0xF0, 0x00, 0xF0, 0xFC, 0xF0, 0xFC, 0xF0, 0x3C, 0xF0, 0x3C, 0x78, 0x3C, 0x3C,
  0x3C, 0x1F, 0xFC, 0x07, 0xF0, 0xF0, 0x78, 0xF0, 0x78, 0xF0, 0x78, 0xF0, 0x78, 0xF0, 0x78, 0xF0,
  0x78, 0xFF, 0xF8, 0xFF, 0xF8, 0xF0, 0x78, 0xF0, 0x78, 0xF0, 0x78, 0xF0, 0x78, 0xF0, 0x78, 0xF0,
  0x78, 0xF0, 0x78, 0xF0, 0xF0, 0xF0, 0xF0, 0xF0, 0xF0, 0xF0, 0xF0, 0xF0, 0xF0, 0xF0, 0xF0, 0xF0,
  0xF0, 0xF0, 0x1E, 0x1E, 0x1E, 0x1E, 0x1E, 0x1E, 0x1E, 0x1E, 0x1E, 0x1E, 0x1E, 0x1E, 0x1E, 0x1E,
  0x1E, 0x1E, 0x3E, 0xFC, 0xF0, 0xF0, 0x78, 0xF0, 0xF0, 0xF1, 0xE0, 0xF3, 0xC0, 0xF7, 0x80, 0xFF,
  0x00, 0xFE, 0x00, 0xFE, 0x00, 0xFF, 0x00, 0xFF, 0x80, 0xF7, 0xC0, 0xF3, 0xE0, 0xF1, 0xF0, 0xF0,
  0xF8, 0xF0, 0x7C, 0xF0, 0x00, 0xF0, 0x00, 0xF0, 0x00, 0xF0, 0x00, 0xF0, 0x00, 0xF0, 0x00, 0xF0,
  0x00, 0xF0, 0x00, 0xF0, 0x00, 0xF0, 0x00, 0xF0, 0x00, 0xF0, 0x00, 0xF0, 0x00, 0xFF, 0xC0, 0xFF,
  0xC0, 0xF8, 0x1F, 0xF8, 0x1F, 0xFC, 0x3F, 0xFC, 0x3F, 0xFC, 0x3F, 0xFE, 0x7F, 0xF6, 0x6F, 0xF6,
  0x6F, 0xF7, 0xEF, 0xF3, 0xCF, 0xF3, 0xCF, 0xF1, 0x8F, 0xF0, 0x0F, 0xF0, 0x0F, 0xF0, 0x0F, 0xF8,
  0x78, 0xF8, 0x78, 0xFC, 0x78, 0xFC, 0x78, 0xFE, 0x78, 0xF6, 0x78, 0xF6, 0x78, 0xF7, 0x78, 0xF3,
  0x78, 0xF3, 0x78, 0xF3, 0xF8, 0xF1, 0xF8, 0xF1, 0xF8, 0xF0, 0xF8, 0xF0, 0xF8, 0x0F, 0xE0, 0x1F,
  0xF0, 0x3C, 0x78, 0x78, 0x3C, 0xF0, 0x1E, 0xF0, 0x1E, 0xF0, 0x1E, 0xF0, 0x1E, 0xF0, 0x1E, 0xF0,
  0x1E, 0xF0, 0x1E, 0x78, 0x3C, 0x3C, 0x78, 0x1F, 0xF0, 0x0F, 0xE0, 0xFF, 0x80, 0xFF, 0xE0, 0xF1,
  0xE0, 0xF0, 0xF0, 0xF0, 0xF0, 0xF0, 0xF0, 0xF0, 0xF0, 0xF1, 0xE0, 0xFF, 0xE0, 0xFF, 0x80, 0xF0,
  0x00, 0xF0, 0x00, 0xF0, 0x00, 0xF0, 0x00, 0xF0, 0x00, 0x0F, 0xE0, 0x1F, 0xF0, 0x3C, 0x78, 0x78,
  0x3C, 0xF0, 0x1E, 0xF0, 0x1E, 0xF0, 0x1E, 0xF0, 0x1E, 0xF0, 0x1E, 0xF0, 0x1E, 0xF0, 0x1E, 0x78,
  0x3C, 0x3C, 0x78, 0x1F, 0xF0, 0x0F, 0xE0, 0x00, 0xF0, 0x00, 0x78, 0x00, 0x38, 0xFF, 0x80, 0xFF,
  0xC0, 0xF1, 0xE0, 0xF1, 0xE0, 0xF1, 0xE0, 0xF1, 0xE0, 0xF1, 0xC0, 0xFF, 0x80, 0xFF, 0x80, 0xF3,
  0xC0, 0xF3, 0xE0, 0xF1, 0xE0, 0xF1, 0xF0, 0xF0, 0xF0, 0xF0, 0xF8, 0x1F, 0xE0, 0x7F, 0xE0, 0xF8,
  0x60, 0xF0, 0x20, 0xF0, 0x00, 0xF8, 0x00, 0xFF, 0x80, 0x7F, 0xE0, 0x1F, 0xF0, 0x01, 0xF0, 0x00,
  0xF0, 0x80, 0xF0, 0xE1, 0xF0, 0xFF, 0xE0, 0x7F, 0x80, 0xFF, 0xFC, 0xFF, 0xFC, 0x07, 0x80, 0x07,
  0x80, 0x07, 0x80, 0x07, 0x80, 0x07, 0x80, 0x07, 0x80, 0x07, 0x80, 0x07, 0x80, 0x07, 0x80, 0x07,
  0x80, 0x07, 0x80, 0x07, 0x80, 0x07, 0x80, 0xF0, 0x78, 0xF0, 0x78, 0xF0, 0x78, 0xF0, 0x78, 0xF0,
  0x78, 0xF0, 0x78, 0xF0, 0x78, 0xF0, 0x78, 0xF0, 0x78, 0xF0, 0x78, 0xF0, 0x78, 0xF0, 0x78, 0x78,
  0xF0, 0x7F, 0xF0, 0x1F, 0xC0, 0xF0, 0x1E, 0x78, 0x3C, 0x78, 0x3C, 0x78, 0x3C, 0x3C, 0x78, 0x3C,
  0x78, 0x3C, 0x78, 0x1E, 0xF0, 0x1E, 0xF0, 0x1E, 0xF0, 0x0F, 0xE0, 0x0F, 0xE0, 0x0F, 0xE0, 0x07,
  0xC0, 0x07, 0xC0, 0xF0, 0x70, 0x78, 0xF0, 0x70, 0x78, 0x78, 0xF8, 0xF0, 0x78, 0xF8, 0xF0, 0x78,
  0xD8, 0xF0, 0x39, 0xDC, 0xE0, 0x3D, 0xDD, 0xE0, 0x3D, 0x8D, 0xE0, 0x3D, 0x8D, 0xE0, 0x1F, 0x8F,
  0xC0, 0x1F, 0x8F, 0xC0, 0x1F, 0x07, 0xC0, 0x0F, 0x07, 0x80, 0x0F, 0x07, 0x80, 0x0E, 0x03, 0x80,
  0xF8, 0x3E, 0x78, 0x3C, 0x3C, 0x78, 0x3E, 0xF8, 0x1E, 0xF0, 0x0F, 0xE0, 0x07, 0xC0, 0x07, 0xC0,
  0x0F, 0xE0, 0x0F, 0xE0, 0x1E, 0xF0, 0x3E, 0xF8, 0x3C, 0x78, 0x78, 0x3C, 0xF8, 0x3E, 0xF8, 0x1F,
  0x7C, 0x3E, 0x3C, 0x3C, 0x3E, 0x7C, 0x1E, 0x78, 0x0F, 0xF0, 0x0F, 0xF0, 0x07, 0xE0, 0x03, 0xC0,
  0x03, 0xC0, 0x03, 0xC0, 0x03, 0xC0, 0x03, 0xC0, 0x03, 0xC0, 0x03, 0xC0, 0xFF, 0xF8, 0xFF, 0xF8,
  0x00, 0xF8, 0x01, 0xF0, 0x03, 0xE0, 0x03, 0xE0, 0x07, 0xC0, 0x0F, 0x80, 0x1F, 0x00, 0x3E, 0x00,
  0x3E, 0x00, 0x7C, 0x00, 0xF8, 0x00, 0xFF, 0xF8, 0xFF, 0xF8, 0xFC, 0xFC, 0xE0, 0xE0, 0xE0, 0xE0,
  0xE0, 0xE0, 0xE0, 0xE0, 0xE0, 0xE0, 0xE0, 0xE0, 0xE0, 0xE0, 0xFC, 0xFC, 0xC0, 0xE0, 0x60, 0x60,
  0x60, 0x30, 0x30, 0x30, 0x18, 0x18, 0x18, 0x0C, 0x0C, 0x0C, 0x0E, 0x06, 0xFC, 0xFC, 0x1C, 0x1C,
  0x1C, 0x1C, 0x1C, 0x1C, 0x1C, 0x1C, 0x1C, 0x1C, 0x1C, 0x1C, 0x1C, 0x1C, 0xFC, 0xFC, 0x0E, 0x00,
  0x1F, 0x00, 0x3B, 0x80, 0x71, 0xC0, 0xC0, 0x60, 0xFF, 0xC0, 0xFF, 0xC0, 0xE0, 0x70, 0x38, 0x1C,
  0x3F, 0x80, 0x7F, 0xC0, 0x41, 0xE0, 0x01, 0xE0, 0x3F, 0xE0, 0x7F, 0xE0, 0xF1, 0xE0, 0xF1, 0xE0,
  0xF3, 0xE0, 0x7F, 0xE0, 0x3D, 0xE0, 0xF0, 0x00, 0xF0, 0x00, 0xF0, 0x00, 0xF0, 0x00, 0xF3, 0xC0,
  0xFF, 0xE0, 0xF9, 0xE0, 0xF0, 0xF0, 0xF0, 0xF0, 0xF0, 0xF0, 0xF0, 0xF0, 0xF0, 0xF0, 0xF9, 0xE0,
  0xFF, 0xE0, 0xF3, 0xC0, 0x1F, 0x80, 0x3F, 0xC0, 0x78, 0x40, 0xF0, 0x00, 0xF0, 0x00, 0xF0, 0x00,
  0xF0, 0x00, 0xF0, 0x00, 0x78, 0x40, 0x3F, 0xC0, 0x1F, 0x80, 0x00, 0xF0, 0x00, 0xF0, 0x00, 0xF0,
  0x00, 0xF0, 0x3C, 0xF0, 0x7F, 0xF0, 0x79, 0xF0, 0xF0, 0xF0, 0xF0, 0xF0, 0xF0, 0xF0, 0xF0, 0xF0,
  0xF0, 0xF0, 0x79, 0xF0, 0x7F, 0xF0, 0x3C, 0xF0, 0x1F, 0x80, 0x3F, 0xE0, 0x79, 0xE0, 0xF0, 0xF0,
  0xFF, 0xF0, 0xFF, 0xF0, 0xF0, 0x00, 0xF0, 0x00, 0x78, 0x20, 0x3F, 0xE0, 0x1F, 0xC0, 0x0F, 0x80,
  0x3F, 0x80, 0x3C, 0x00, 0x3C, 0x00, 0xFF, 0x80, 0xFF, 0x80, 0x3C, 0x00, 0x3C, 0x00, 0x3C, 0x00,
  0x3C, 0x00, 0x3C, 0x00, 0x3C, 0x00, 0x3C, 0x00, 0x3C, 0x00, 0x3C, 0x00, 0x3C, 0xF0, 0x7F, 0xF0,
  0x79, 0xF0, 0xF0, 0xF0, 0xF0, 0xF0, 0xF0, 0xF0, 0xF0, 0xF0, 0xF0, 0xF0, 0x79, 0xF0, 0x7F, 0xF0,
  0x1C, 0xF0, 0x00, 0xF0, 0x41, 0xE0, 0x7F, 0xC0, 0x3F, 0x80, 0xF0, 0x00, 0xF0, 0x00, 0xF0, 0x00,
  0xF0, 0x00, 0xF3, 0x80, 0xFF, 0xC0, 0xF9, 0xE0, 0xF1, 0xE0, 0xF1, 0xE0, 0xF1, 0xE0, 0xF1, 0xE0,
  0xF1, 0xE0, 0xF1, 0xE0, 0xF1, 0xE0, 0xF1, 0xE0, 0xF0, 0xF0, 0xF0, 0x00, 0xF0, 0xF0, 0xF0, 0xF0,
  0xF0, 0xF0, 0xF0, 0xF0, 0xF0, 0xF0, 0xF0, 0x3C, 0x3C, 0x3C, 0x00, 0x3C, 0x3C, 0x3C, 0x3C, 0x3C,
  0x3C, 0x3C, 0x3C, 0x3C, 0x3C, 0x3C, 0x3C, 0x3C, 0xF8, 0xF0, 0xF0, 0x00, 0xF0, 0x00, 0xF0, 0x00,
  0xF0, 0x00, 0xF0, 0xE0, 0xF1, 0xC0, 0xF3, 0x80, 0xF7, 0x00, 0xFE, 0x00, 0xFE, 0x00, 0xFF, 0x00,
  0xF7, 0x80, 0xF3, 0xC0, 0xF1, 0xE0, 0xF0, 0xF0, 0xF0, 0xF0, 0xF0, 0xF0, 0xF0, 0xF0, 0xF0, 0xF0,
  0xF0, 0xF0, 0xF0, 0xF0, 0xF0, 0xF0, 0xF0, 0xF7, 0x8F, 0x00, 0xFF, 0xDF, 0x80, 0xF9, 0xF3, 0xC0,
  0xF1, 0xE3, 0xC0, 0xF1, 0xE3, 0xC0, 0xF1, 0xE3, 0xC0, 0xF1, 0xE3, 0xC0, 0xF1, 0xE3, 0xC0, 0xF1,
  0xE3, 0xC0, 0xF1, 0xE3, 0xC0, 0xF1, 0xE3, 0xC0, 0xF3, 0x80, 0xFF, 0xC0, 0xF9, 0xE0, 0xF1, 0xE0,
  0xF1, 0xE0, 0xF1, 0xE0, 0xF1, 0xE0, 0xF1, 0xE0, 0xF1, 0xE0, 0xF1, 0xE0, 0xF1, 0xE0, 0x1F, 0x80,
  0x3F, 0xC0, 0x79, 0xE0, 0xF0, 0xF0, 0xF0, 0xF0, 0xF0, 0xF0, 0xF0, 0xF0, 0xF0, 0xF0, 0x79, 0xE0,
  0x3F, 0xC0, 0x1F, 0x80, 0xF3, 0xC0, 0xFF, 0xE0, 0xF9, 0xE0, 0xF0, 0xF0, 0xF0, 0xF0, 0xF0, 0xF0,
  0xF0, 0xF0, 0xF0, 0xF0, 0xF9, 0xE0, 0xFF, 0xE0, 0xF3, 0xC0, 0xF0, 0x00, 0xF0, 0x00, 0xF0, 0x00,
  0xF0, 0x00, 0x3C, 0xF0, 0x7F, 0xF0, 0x79, 0xF0, 0xF0, 0xF0, 0xF0, 0xF0, 0xF0, 0xF0, 0xF0, 0xF0,
  0xF0, 0xF0, 0x79, 0xF0, 0x7F, 0xF0, 0x3C, 0xF0, 0x00, 0xF0, 0x00, 0xF0, 0x00, 0xF0, 0x00, 0xF0,
  0xF7, 0xFF, 0xF8, 0xF0, 0xF0, 0xF0, 0xF0, 0xF0, 0xF0, 0xF0, 0xF0, 0x3F, 0x80, 0x7F, 0xC0, 0xF0,
  0x40, 0xF0, 0x00, 0xFC, 0x00, 0x7F, 0x80, 0x1F, 0xC0, 0x03, 0xC0, 0x83, 0xC0, 0xFF, 0x80, 0x7F,
  0x00, 0x3C, 0x00, 0x3C, 0x00, 0x3C, 0x00, 0xFF, 0xC0, 0xFF, 0xC0, 0x3C, 0x00, 0x3C, 0x00, 0x3C,
  0x00, 0x3C, 0x00, 0x3C, 0x00, 0x3C, 0x00, 0x3C, 0x00, 0x3F, 0x80, 0x1F, 0x80, 0xF1, 0xE0, 0xF1,
  0xE0, 0xF1, 0xE0, 0xF1, 0xE0, 0xF1, 0xE0, 0xF1, 0xE0, 0xF1, 0xE0, 0xF1, 0xE0, 0xF3, 0xE0, 0x7F,
  0xE0, 0x39, 0xE0, 0xF0, 0xF0, 0x70, 0xE0, 0x79, 0xE0, 0x79, 0xE0, 0x39, 0xC0, 0x39, 0xC0, 0x3F,
  0xC0, 0x1F, 0x80, 0x1F, 0x80, 0x0F, 0x00, 0x0F, 0x00, 0xF1, 0xC7, 0x80, 0xF1, 0xC7, 0x80, 0x71,
  0xC7, 0x00, 0x7B, 0xEF, 0x00, 0x7B, 0x6F, 0x00, 0x3B, 0x6E, 0x00, 0x3B, 0x6E, 0x00, 0x3E, 0x3E,
  0x00, 0x3E, 0x3E, 0x00, 0x1E, 0x3C, 0x00, 0x1E, 0x3C, 0x00, 0xF0, 0xF0, 0x79, 0xE0, 0x39, 0xC0,
  0x1F, 0x80, 0x1F, 0x80, 0x0F, 0x00, 0x1F, 0x80, 0x3F, 0xC0, 0x39, 0xC0, 0x79, 0xE0, 0xF0, 0xF0,
  0xF0, 0xF0, 0x70, 0xF0, 0x78, 0xE0, 0x79, 0xE0, 0x39, 0xC0, 0x39, 0xC0, 0x1D, 0xC0, 0x1F, 0x80,
  0x1F, 0x80, 0x0F, 0x80, 0x0F, 0x00, 0x0F, 0x00, 0x1E, 0x00, 0x7E, 0x00, 0x7C, 0x00, 0xFF, 0xC0,
  0xFF, 0xC0, 0x03, 0xC0, 0x07, 0x80, 0x0F, 0x00, 0x1E, 0x00, 0x3C, 0x00, 0x78, 0x00, 0xF0, 0x00,
  0xFF, 0xC0, 0xFF, 0xC0, 0x0F, 0x80, 0x1F, 0x80, 0x1C, 0x00, 0x1C, 0x00, 0x1C, 0x00, 0x1C, 0x00,
  0x1C, 0x00, 0x3C, 0x00, 0xF8, 0x00, 0xF8, 0x00, 0x3C, 0x00, 0x1C, 0x00, 0x1C, 0x00, 0x1C, 0x00,
  0x1C, 0x00, 0x1C, 0x00, 0x1F, 0x80, 0x0F, 0x80, 0xC0, 0xC0, 0xC0, 0xC0, 0xC0, 0xC0, 0xC0, 0xC0,
  0xC0, 0xC0, 0xC0, 0xC0, 0xC0, 0xC0, 0xC0, 0xC0, 0xC0, 0xC0, 0xC0, 0xC0, 0xF8, 0x00, 0xFC, 0x00,
  0x1C, 0x00, 0x1C, 0x00, 0x1C, 0x00, 0x1C, 0x00, 0x1C, 0x00, 0x1E, 0x00, 0x0F, 0x80, 0x0F, 0x80,
  0x1E, 0x00, 0x1C, 0x00, 0x1C, 0x00, 0x1C, 0x00, 0x1C, 0x00, 0x1C, 0x00, 0xFC, 0x00, 0xF8, 0x00,
  0x7E, 0x08, 0xFF, 0xF8, 0xC3, 0xF0, 0xF0, 0xF0, 0xF0, 0xF0, 0x00, 0xF0, 0xF0, 0xF0, 0xF0, 0xF0,
  0xF0, 0xF0, 0xF0, 0xF0, 0xF0, 0x03, 0x00, 0x03, 0x00, 0x03, 0x00, 0x0F, 0x80, 0x3F, 0xC0, 0x7F,
  0x40, 0xFB, 0x00, 0xF3, 0x00, 0xF3, 0x00, 0xF3, 0x00, 0xFB, 0x00, 0x7F, 0x40, 0x3F, 0xC0, 0x0F,
  0x80, 0x03, 0x00, 0x03, 0x00, 0x03, 0x00, 0x0F, 0xC0, 0x1F, 0xE0, 0x3E, 0x20, 0x3C, 0x00, 0x3C,
  0x00, 0x3C, 0x00, 0x3C, 0x00, 0xFF, 0xC0, 0xFF, 0xC0, 0x3C, 0x00, 0x3C, 0x00, 0x3C, 0x00, 0x3C,
  0x00, 0xFF, 0xE0, 0xFF, 0xE0, 0x40, 0xC0, 0xFF, 0xC0, 0x7F, 0x80, 0x73, 0x80, 0x61, 0x80, 0x61,
  0x80, 0x73, 0x80, 0x7F, 0x80, 0xFF, 0xC0, 0xC0, 0x80, 0xF8, 0x7C, 0x78, 0x78, 0x7C, 0xF8, 0x3C,
  0xF0, 0x1C, 0xE0, 0x1F, 0xE0, 0x7F, 0xF8, 0x7F, 0xF8, 0x07, 0x80, 0x7F, 0xF8, 0x7F, 0xF8, 0x07,
  0x80, 0x07, 0x80, 0x07, 0x80, 0x07, 0x80, 0xC0, 0xC0, 0xC0, 0xC0, 0xC0, 0xC0, 0xC0, 0x00, 0x00,
  0x00, 0xC0, 0xC0, 0xC0, 0xC0, 0xC0, 0xC0, 0xC0, 0x1F, 0x80, 0x7F, 0x80, 0x70, 0x80, 0x70, 0x00,
  0x7C, 0x00, 0x3F, 0x00, 0x7F, 0x80, 0xE3, 0xC0, 0xE1, 0xC0, 0xF1, 0xC0, 0x7F, 0x80, 0x3F, 0x00,
  0x0F, 0x80, 0x03, 0x80, 0x43, 0x80, 0x7F, 0x80, 0x7E, 0x00, 0xCC, 0xCC, 0x0F, 0xC0, 0x1F, 0xE0,
  0x38, 0x70, 0x67, 0xD8, 0xEC, 0x5C, 0xD8, 0x0C, 0xD8, 0x0C, 0xD8, 0x0C, 0xD8, 0x0C, 0xEC, 0x5C,
  0x67, 0xD8, 0x38, 0x70, 0x1F, 0xE0, 0x0F, 0xC0, 0x7E, 0x7F, 0x03, 0x7F, 0xC3, 0xC7, 0xFF, 0x7B,
  0x00, 0xFF, 0xFF, 0x08, 0x40, 0x18, 0xC0, 0x39, 0xC0, 0xE7, 0x00, 0xC6, 0x00, 0xE7, 0x00, 0x39,
  0xC0, 0x18, 0xC0, 0x08, 0x40, 0xFF, 0xF8, 0xFF, 0xF8, 0x00, 0x18, 0x00, 0x18, 0x00, 0x18, 0x00,
  0x18, 0xFC, 0xFC, 0xFC, 0x0F, 0xC0, 0x1F, 0xE0, 0x38, 0x70, 0x6F, 0x98, 0xEC, 0xDC, 0xCC, 0xCC,
  0xCC, 0xCC, 0xCF, 0x8C, 0xCD, 0x8C, 0xEC, 0xDC, 0x6C, 0xD8, 0x38, 0x70, 0x1F, 0xE0, 0x0F, 0xC0,
  0xFC, 0xFC, 0x38, 0x7C, 0xC6, 0xC6, 0xC6, 0x7C, 0x38, 0x06, 0x00, 0x06, 0x00, 0x06, 0x00, 0xFF,
  0xF0, 0xFF, 0xF0, 0x06, 0x00, 0x06, 0x00, 0x06, 0x00, 0x00, 0x00, 0x00, 0x00, 0xFF, 0xF0, 0xFF,
  0xF0, 0x7C, 0xFE, 0x86, 0x06, 0x1C, 0x38, 0xFE, 0xFE, 0xFC, 0xFE, 0x86, 0x3C, 0x06, 0x86, 0xFE,
  0xFC, 0x1C, 0x38, 0x70, 0xE0, 0xF1, 0xE0, 0xF1, 0xE0, 0xF1, 0xE0, 0xF1, 0xE0, 0xF1, 0xE0, 0xF1,
  0xE0, 0xF1, 0xE0, 0xF1, 0xE0, 0xF1, 0xE0, 0xFF, 0xF0, 0xFE, 0xF0, 0xF0, 0x00, 0xF0, 0x00, 0xF0,
  0x00, 0xF0, 0x00, 0x3F, 0xC0, 0x7C, 0xC0, 0xFC, 0xC0, 0xFC, 0xC0, 0xFC, 0xC0, 0xFC, 0xC0, 0x7C,
  0xC0, 0x3C, 0xC0, 0x0C, 0xC0, 0x0C, 0xC0, 0x0C, 0xC0, 0x0C, 0xC0, 0x0C, 0xC0, 0x0C, 0xC0, 0x0C,
  0xC0, 0x0C, 0xC0, 0x0C, 0xC0, 0xF0, 0xF0, 0xF0, 0xF0, 0x20, 0x30, 0x30, 0xF0, 0xF0, 0xF0, 0x30,
  0x30, 0x30, 0x30, 0xFC, 0xFC, 0x3E, 0x00, 0x7F, 0x00, 0xE3, 0x80, 0xC1, 0x80, 0xC1, 0x80, 0xE3,
  0x80, 0x7F, 0x00, 0x3E, 0x00, 0x00, 0x00, 0xFF, 0x80, 0xFF, 0x80, 0x84, 0x00, 0xC6, 0x00, 0xE7,
  0x00, 0x39, 0xC0, 0x18, 0xC0, 0x39, 0xC0, 0xE7, 0x00, 0xC6, 0x00, 0x84, 0x00, 0xF0, 0x0E, 0x00,
  0xF0, 0x0C, 0x00, 0x30, 0x1C, 0x00, 0x30, 0x18, 0x00, 0x30, 0x30, 0x00, 0x30, 0x70, 0x00, 0xFC,
  0x60, 0x00, 0xFC, 0xE3, 0x80, 0x00, 0xC7, 0x80, 0x01, 0x87, 0x80, 0x01, 0x8B, 0x80, 0x03, 0x1B,
  0x80, 0x07, 0x1F, 0xC0, 0x06, 0x1F, 0xC0, 0x0E, 0x03, 0x80, 0xF0, 0x0E, 0x00, 0xF0, 0x0C, 0x00,
  0x30, 0x1C, 0x00, 0x30, 0x18, 0x00, 0x30, 0x30, 0x00, 0x30, 0x70, 0x00, 0xFC, 0x60, 0x00, 0xFC,
  0xE7, 0xC0, 0x00, 0xCF, 0xE0, 0x01, 0x88, 0x60, 0x01, 0x80, 0x60, 0x03, 0x01, 0xC0, 0x07, 0x03,
  0x80, 0x06, 0x0F, 0xE0, 0x0E, 0x0F, 0xE0, 0xFC, 0x0E, 0x00, 0xFE, 0x0C, 0x00, 0x86, 0x1C, 0x00,
  0x3C, 0x18, 0x00, 0x06, 0x30, 0x00, 0x86, 0x70, 0x00, 0xFE, 0x60, 0x00, 0xFC, 0xE3, 0x80, 0x00,
  0xC7, 0x80, 0x01, 0x87, 0x80, 0x01, 0x8B, 0x80, 0x03, 0x1B, 0x80, 0x07, 0x1F, 0xC0, 0x06, 0x1F,
  0xC0, 0x0E, 0x03, 0x80, 0x1E, 0x00, 0x1E, 0x00, 0x1E, 0x00, 0x1E, 0x00, 0x00, 0x00, 0x1E, 0x00,
  0x1E, 0x00, 0x3E, 0x00, 0x7C, 0x00, 0xF8, 0x00, 0xF0, 0x00, 0xF0, 0x00, 0xF0, 0x80, 0x7F, 0x80,
  0x3F, 0x00, 0x07, 0x00, 0x03, 0x80, 0x01, 0xC0, 0x00, 0x00, 0x07, 0xC0, 0x07, 0xC0, 0x0F, 0xE0,
  0x0F, 0xE0, 0x0E, 0xE0, 0x1E, 0xF0, 0x1E, 0xF0, 0x1C, 0x70, 0x3C, 0x78, 0x3C, 0x78, 0x3F, 0xF8,
  0x7F, 0xFC, 0x78, 0x3C, 0x78, 0x3C, 0xF0, 0x1E, 0x00, 0x70, 0x00, 0xE0, 0x01, 0xC0, 0x00, 0x00,
  0x07, 0xC0, 0x07, 0xC0, 0x0F, 0xE0, 0x0F, 0xE0, 0x0E, 0xE0, 0x1E, 0xF0, 0x1E, 0xF0, 0x1C, 0x70,
  0x3C, 0x78, 0x3C, 0x78, 0x3F, 0xF8, 0x7F, 0xFC, 0x78, 0x3C, 0x78, 0x3C, 0xF0, 0x1E, 0x03, 0x80,
  0x06, 0xC0, 0x0C, 0x60, 0x00, 0x00, 0x07, 0xC0, 0x07, 0xC0, 0x0F, 0xE0, 0x0F, 0xE0, 0x0E, 0xE0,
  0x1E, 0xF0, 0x1E, 0xF0, 0x1C, 0x70, 0x3C, 0x78, 0x3C, 0x78, 0x3F, 0xF8, 0x7F, 0xFC, 0x78, 0x3C,
  0x78, 0x3C, 0xF0, 0x1E, 0x07, 0x60, 0x0F, 0xE0, 0x0D, 0xC0, 0x00, 0x00, 0x07, 0xC0, 0x07, 0xC0,
  0x0F, 0xE0, 0x0F, 0xE0, 0x0E, 0xE0, 0x1E, 0xF0, 0x1E, 0xF0, 0x1C, 0x70, 0x3C, 0x78, 0x3C, 0x78,
  0x3F, 0xF8, 0x7F, 0xFC, 0x78, 0x3C, 0x78, 0x3C, 0xF0, 0x1E, 0x06, 0xC0, 0x06, 0xC0, 0x00, 0x00,
  0x00, 0x00, 0x07, 0xC0, 0x07, 0xC0, 0x0F, 0xE0, 0x0F, 0xE0, 0x0E, 0xE0, 0x1E, 0xF0, 0x1E, 0xF0,
  0x1C, 0x70, 0x3C, 0x78, 0x3C, 0x78, 0x3F, 0xF8, 0x7F, 0xFC, 0x78, 0x3C, 0x78, 0x3C, 0xF0, 0x1E,
  0x07, 0xC0, 0x0E, 0xE0, 0x0C, 0x60, 0x0C, 0x60, 0x06, 0xC0, 0x07, 0xC0, 0x07, 0xC0, 0x0F, 0xE0,
  0x0E, 0xE0, 0x0E, 0xE0, 0x1E, 0xF0, 0x1C, 0x70, 0x3C, 0x78, 0x3C, 0x78, 0x3F, 0xF8, 0x7F, 0xFC,
  0x78, 0x3C, 0x78, 0x3C, 0xF0, 0x1E, 0x03, 0xFF, 0xF0, 0x03, 0xFF, 0xF0, 0x07, 0xBC, 0x00, 0x07,
  0x3C, 0x00, 0x0F, 0x3C, 0x00, 0x0F, 0x3C, 0x00, 0x1E, 0x3F, 0xE0, 0x1E, 0x3F, 0xE0, 0x1C, 0x3C,
  0x00, 0x3F, 0xFC, 0x00, 0x3F, 0xFC, 0x00, 0x78, 0x3C, 0x00, 0x78, 0x3C, 0x00, 0x78, 0x3F, 0xF0,
  0xF0, 0x3F, 0xF0, 0x0F, 0xE0, 0x1F, 0xF0, 0x3C, 0x10, 0x78, 0x00, 0xF8, 0x00, 0xF0, 0x00, 0xF0,
  0x00, 0xF0, 0x00, 0xF0, 0x00, 0xF0, 0x00, 0xF8, 0x00, 0x78, 0x00, 0x3C, 0x10, 0x1F, 0xF0, 0x0F,
  0xE0, 0x00, 0x80, 0x00, 0xC0, 0x00, 0xC0, 0x03, 0xC0, 0x38, 0x00, 0x1C, 0x00, 0x0E, 0x00, 0x00,
  0x00, 0xFF, 0xC0, 0xFF, 0xC0, 0xF0, 0x00, 0xF0, 0x00, 0xF0, 0x00, 0xF0, 0x00, 0xFF, 0x80, 0xFF,
  0x80, 0xF0, 0x00, 0xF0, 0x00, 0xF0, 0x00, 0xF0, 0x00, 0xF0, 0x00, 0xFF, 0xC0, 0xFF, 0xC0, 0x03,
  0x80, 0x07, 0x00, 0x0E, 0x00, 0x00, 0x00, 0xFF, 0xC0, 0xFF, 0xC0, 0xF0, 0x00, 0xF0, 0x00, 0xF0,
  0x00, 0xF0, 0x00, 0xFF, 0x80, 0xFF, 0x80, 0xF0, 0x00, 0xF0, 0x00, 0xF0, 0x00, 0xF0, 0x00, 0xF0,
  0x00, 0xFF, 0xC0, 0xFF, 0xC0, 0x1C, 0x00, 0x36, 0x00, 0x63, 0x00, 0x00, 0x00, 0xFF, 0xC0, 0xFF,
  0xC0, 0xF0, 0x00, 0xF0, 0x00, 0xF0, 0x00, 0xF0, 0x00, 0xFF, 0x80, 0xFF, 0x80, 0xF0, 0x00, 0xF0,
  0x00, 0xF0, 0x00, 0xF0, 0x00, 0xF0, 0x00, 0xFF, 0xC0, 0xFF, 0xC0, 0x33, 0x00, 0x33, 0x00, 0x00,
  0x00, 0x00, 0x00, 0xFF, 0xC0, 0xFF, 0xC0, 0xF0, 0x00, 0xF0, 0x00, 0xF0, 0x00, 0xF0, 0x00, 0xFF,
  0x80, 0xFF, 0x80, 0xF0, 0x00, 0xF0, 0x00, 0xF0, 0x00, 0xF0, 0x00, 0xF0, 0x00, 0xFF, 0xC0, 0xFF,
  0xC0, 0xE0, 0x70, 0x38, 0x00, 0x3C, 0x3C, 0x3C, 0x3C, 0x3C, 0x3C, 0x3C, 0x3C, 0x3C, 0x3C, 0x3C,
  0x3C, 0x3C, 0x3C, 0x3C, 0x38, 0x70, 0xE0, 0x00, 0xF0, 0xF0, 0xF0, 0xF0, 0xF0, 0xF0, 0xF0, 0xF0,
  0xF0, 0xF0, 0xF0, 0xF0, 0xF0, 0xF0, 0xF0, 0x78, 0x78, 0xCC, 0x00, 0x78, 0x78, 0x78, 0x78, 0x78,
  0x78, 0x78, 0x78, 0x78, 0x78, 0x78, 0x78, 0x78, 0x78, 0x78, 0xCC, 0xCC, 0x00, 0x00, 0x78, 0x78,
  0x78, 0x78, 0x78, 0x78, 0x78, 0x78, 0x78, 0x78, 0x78, 0x78, 0x78, 0x78, 0x78, 0x3F, 0xE0, 0x3F,
  0xF8, 0x3C, 0x3C, 0x3C, 0x1E, 0x3C, 0x1E, 0x3C, 0x0F, 0xFF, 0x0F, 0xFF, 0x0F, 0x3C, 0x0F, 0x3C,
  0x0F, 0x3C, 0x1E, 0x3C, 0x1E, 0x3C, 0x3C, 0x3F, 0xF8, 0x3F, 0xE0, 0x0E, 0xC0, 0x1F, 0xC0, 0x1B,
  0x80, 0x00, 0x00, 0xF8, 0x78, 0xF8, 0x78, 0xFC, 0x78, 0xFC, 0x78, 0xFE, 0x78, 0xF6, 0x78, 0xF6,
  0x78, 0xF7, 0x78, 0xF3, 0x78, 0xF3, 0x78, 0xF3, 0xF8, 0xF1, 0xF8, 0xF1, 0xF8, 0xF0, 0xF8, 0xF0,
  0xF8, 0x0E, 0x00, 0x07, 0x00, 0x03, 0x80, 0x00, 0x00, 0x0F, 0xE0, 0x1F, 0xF0, 0x3C, 0x78, 0x78,
  0x3C, 0xF0, 0x1E, 0xF0, 0x1E, 0xF0, 0x1E, 0xF0, 0x1E, 0xF0, 0x1E, 0xF0, 0x1E, 0xF0, 0x1E, 0x78,
  0x3C, 0x3C, 0x78, 0x1F, 0xF0, 0x0F, 0xE0, 0x00, 0xE0, 0x01, 0xC0, 0x03, 0x80, 0x00, 0x00, 0x0F,
  0xE0, 0x1F, 0xF0, 0x3C, 0x78, 0x78, 0x3C, 0xF0, 0x1E, 0xF0, 0x1E, 0xF0, 0x1E, 0xF0, 0x1E, 0xF0,
  0x1E, 0xF0, 0x1E, 0xF0, 0x1E, 0x78, 0x3C, 0x3C, 0x78, 0x1F, 0xF0, 0x0F, 0xE0, 0x07, 0x00, 0x0D,
  0x80, 0x18, 0xC0, 0x00, 0x00, 0x0F, 0xE0, 0x1F, 0xF0, 0x3C, 0x78, 0x78, 0x3C, 0xF0, 0x1E, 0xF0,
  0x1E, 0xF0, 0x1E, 0xF0, 0x1E, 0xF0, 0x1E, 0xF0, 0x1E, 0xF0, 0x1E, 0x78, 0x3C, 0x3C, 0x78, 0x1F,
  0xF0, 0x0F, 0xE0, 0x07, 0x60, 0x0F, 0xE0, 0x0D, 0xC0, 0x00, 0x00, 0x0F, 0xE0, 0x1F, 0xF0, 0x3C,
  0x78, 0x78, 0x3C, 0xF0, 0x1E, 0xF0, 0x1E, 0xF0, 0x1E, 0xF0, 0x1E, 0xF0, 0x1E, 0xF0, 0x1E, 0xF0,
  0x1E, 0x78, 0x3C, 0x3C, 0x78, 0x1F, 0xF0, 0x0F, 0xE0, 0x06, 0xC0, 0x06, 0xC0, 0x00, 0x00, 0x00,
  0x00, 0x0F, 0xE0, 0x1F, 0xF0, 0x3C, 0x78, 0x78, 0x3C, 0xF0, 0x1E, 0xF0, 0x1E, 0xF0, 0x1E, 0xF0,
  0x1E, 0xF0, 0x1E, 0xF0, 0x1E, 0xF0, 0x1E, 0x78, 0x3C, 0x3C, 0x78, 0x1F, 0xF0, 0x0F, 0xE0, 0x40,
  0x20, 0xE0, 0x70, 0x70, 0xE0, 0x39, 0xC0, 0x1F, 0x80, 0x0F, 0x00, 0x0F, 0x00, 0x1F, 0x80, 0x39,
  0xC0, 0x70, 0xE0, 0xE0, 0x70, 0x40, 0x20, 0x0F, 0xE6, 0x1F, 0xFC, 0x3C, 0x7C, 0x78, 0x3C, 0x70,
  0x7E, 0xF0, 0xDE, 0xF1, 0x9E, 0xF3, 0x9E, 0xF3, 0x1E, 0xF6, 0x1E, 0xFC, 0x1C, 0x78, 0x3C, 0x7C,
  0x78, 0x7F, 0xF0, 0xCF, 0xE0, 0x1C, 0x00, 0x0E, 0x00, 0x07, 0x00, 0x00, 0x00, 0xF0, 0x78, 0xF0,
  0x78, 0xF0, 0x78, 0xF0, 0x78, 0xF0, 0x78, 0xF0, 0x78, 0xF0, 0x78, 0xF0, 0x78, 0xF0, 0x78, 0xF0,
  0x78, 0xF0, 0x78, 0xF0, 0x78, 0x78, 0xF0, 0x7F, 0xF0, 0x1F, 0xC0, 0x01, 0xC0, 0x03, 0x80, 0x07,
  0x00, 0x00, 0x00, 0xF0, 0x78, 0xF0, 0x78, 0xF0, 0x78, 0xF0, 0x78, 0xF0, 0x78, 0xF0, 0x78, 0xF0,
  0x78, 0xF0, 0x78, 0xF0, 0x78, 0xF0, 0x78, 0xF0, 0x78, 0xF0, 0x78, 0x78, 0xF0, 0x7F, 0xF0, 0x1F,
  0xC0, 0x07, 0x00, 0x0D, 0x80, 0x18, 0xC0, 0x00, 0x00, 0xF0, 0x78, 0xF0, 0x78, 0xF0, 0x78, 0xF0,
  0x78, 0xF0, 0x78, 0xF0, 0x78, 0xF0, 0x78, 0xF0, 0x78, 0xF0, 0x78, 0xF0, 0x78, 0xF0, 0x78, 0xF0,
  0x78, 0x78, 0xF0, 0x7F, 0xF0, 0x1F, 0xC0, 0x18, 0xC0, 0x18, 0xC0, 0x00, 0x00, 0x00, 0x00, 0xF0,
  0x78, 0xF0, 0x78, 0xF0, 0x78, 0xF0, 0x78, 0xF0, 0x78, 0xF0, 0x78, 0xF0, 0x78, 0xF0, 0x78, 0xF0,
  0x78, 0xF0, 0x78, 0xF0, 0x78, 0xF0, 0x78, 0x78, 0xF0, 0x7F, 0xF0, 0x1F, 0xC0, 0x00, 0x70, 0x00,
  0xE0, 0x01, 0xC0, 0x00, 0x00, 0xF8, 0x1F, 0x7C, 0x3E, 0x3C, 0x3C, 0x3E, 0x7C, 0x1E, 0x78, 0x0F,
  0xF0, 0x0F, 0xF0, 0x07, 0xE0, 0x03, 0xC0, 0x03, 0xC0, 0x03, 0xC0, 0x03, 0xC0, 0x03, 0xC0, 0x03,
  0xC0, 0x03, 0xC0, 0xF0, 0x00, 0xF0, 0x00, 0xFF, 0x80, 0xFF, 0xE0, 0xF1, 0xE0, 0xF0, 0xF0, 0xF0,
  0xF0, 0xF0, 0xF0, 0xF0, 0xF0, 0xF1, 0xE0, 0xFF, 0xE0, 0xFF, 0x80, 0xF0, 0x00, 0xF0, 0x00, 0xF0,
  0x00, 0x3F, 0x80, 0x7F, 0xC0, 0xF1, 0xE0, 0xF1, 0xE0, 0xF3, 0xE0, 0xF7, 0x80, 0xF7, 0x80, 0xF7,
  0x80, 0xF7, 0xE0, 0xF3, 0xF0, 0xF0, 0xF0, 0xF0, 0xF0, 0xF4, 0xF0, 0xF7, 0xE0, 0xF3, 0xC0, 0x38,
  0x00, 0x1C, 0x00, 0x0E, 0x00, 0x07, 0x00, 0x00, 0x00, 0x3F, 0x80, 0x7F, 0xC0, 0x41, 0xE0, 0x01,
  0xE0, 0x3F, 0xE0, 0x7F, 0xE0, 0xF1, 0xE0, 0xF1, 0xE0, 0xF3, 0xE0, 0x7F, 0xE0, 0x3D, 0xE0, 0x00,
  0xE0, 0x01, 0xC0, 0x03, 0x80, 0x07, 0x00, 0x00, 0x00, 0x3F, 0x80, 0x7F, 0xC0, 0x41, 0xE0, 0x01,
  0xE0, 0x3F, 0xE0, 0x7F, 0xE0, 0xF1, 0xE0, 0xF1, 0xE0, 0xF3, 0xE0, 0x7F, 0xE0, 0x3D, 0xE0, 0x0E,
  0x00, 0x1F, 0x00, 0x1B, 0x00, 0x31, 0x80, 0x00, 0x00, 0x3F, 0x80, 0x7F, 0xC0, 0x41, 0xE0, 0x01,
  0xE0, 0x3F, 0xE0, 0x7F, 0xE0, 0xF1, 0xE0, 0xF1, 0xE0, 0xF3, 0xE0, 0x7F, 0xE0, 0x3D, 0xE0, 0x0D,
  0x80, 0x1D, 0x80, 0x1B, 0x80, 0x1B, 0x00, 0x00, 0x00, 0x3F, 0x80, 0x7F, 0xC0, 0x41, 0xE0, 0x01,
  0xE0, 0x3F, 0xE0, 0x7F, 0xE0, 0xF1, 0xE0, 0xF1, 0xE0, 0xF3, 0xE0, 0x7F, 0xE0, 0x3D, 0xE0, 0x19,
  0x80, 0x19, 0x80, 0x00, 0x00, 0x00, 0x00, 0x3F, 0x80, 0x7F, 0xC0, 0x41, 0xE0, 0x01, 0xE0, 0x3F,
  0xE0, 0x7F, 0xE0, 0xF1, 0xE0, 0xF1, 0xE0, 0xF3, 0xE0, 0x7F, 0xE0, 0x3D, 0xE0, 0x0F, 0x00, 0x19,
  0x80, 0x10, 0x80, 0x10, 0x80, 0x19, 0x80, 0x0F, 0x00, 0x00, 0x00, 0x3F, 0x80, 0x7F, 0xC0, 0x41,
  0xE0, 0x01, 0xE0, 0x3F, 0xE0, 0x7F, 0xE0, 0xF1, 0xE0, 0xF1, 0xE0, 0xF3, 0xE0, 0x7F, 0xE0, 0x3D,
  0xE0, 0x3F, 0x1F, 0x00, 0x7F, 0xBF, 0x80, 0x41, 0xF3, 0xC0, 0x01, 0xE1, 0xE0, 0x3F, 0xFF, 0xE0,
  0x7F, 0xFF, 0xE0, 0xF1, 0xE0, 0x00, 0xF1, 0xE0, 0x00, 0xF3, 0xF0, 0x40, 0x7F, 0x7F, 0xC0, 0x3C,
  0x3F, 0x80, 0x1F, 0x80, 0x3F, 0xC0, 0x78, 0x40, 0xF0, 0x00, 0xF0, 0x00, 0xF0, 0x00, 0xF0, 0x00,
  0xF0, 0x00, 0x78, 0x40, 0x3F, 0xC0, 0x1F, 0x80, 0x02, 0x00, 0x03, 0x00, 0x03, 0x00, 0x0F, 0x00,
  0x38, 0x00, 0x1C, 0x00, 0x0E, 0x00, 0x07, 0x00, 0x00, 0x00, 0x1F, 0x80, 0x3F, 0xE0, 0x79, 0xE0,
  0xF0, 0xF0, 0xFF, 0xF0, 0xFF, 0xF0, 0xF0, 0x00, 0xF0, 0x00, 0x78, 0x20, 0x3F, 0xE0, 0x1F, 0xC0,
  0x00, 0xE0, 0x01, 0xC0, 0x03, 0x80, 0x07, 0x00, 0x00, 0x00, 0x1F, 0x80, 0x3F, 0xE0, 0x79, 0xE0,
  0xF0, 0xF0, 0xFF, 0xF0, 0xFF, 0xF0, 0xF0, 0x00, 0xF0, 0x00, 0x78, 0x20, 0x3F, 0xE0, 0x1F, 0xC0,
  0x0E, 0x00, 0x1F, 0x00, 0x1B, 0x00, 0x31, 0x80, 0x00, 0x00, 0x1F, 0x80, 0x3F, 0xE0, 0x79, 0xE0,
  0xF0, 0xF0, 0xFF, 0xF0, 0xFF, 0xF0, 0xF0, 0x00, 0xF0, 0x00, 0x78, 0x20, 0x3F, 0xE0, 0x1F, 0xC0,
  0x19, 0x80, 0x19, 0x80, 0x00, 0x00, 0x00, 0x00, 0x1F, 0x80, 0x3F, 0xE0, 0x79, 0xE0, 0xF0, 0xF0,
  0xFF, 0xF0, 0xFF, 0xF0, 0xF0, 0x00, 0xF0, 0x00, 0x78, 0x20, 0x3F, 0xE0, 0x1F, 0xC0, 0xE0, 0x70,
  0x38, 0x1C, 0x00, 0x3C, 0x3C, 0x3C, 0x3C, 0x3C, 0x3C, 0x3C, 0x3C, 0x3C, 0x3C, 0x3C, 0x0E, 0x1C,
  0x38, 0x70, 0x00, 0xF0, 0xF0, 0xF0, 0xF0, 0xF0, 0xF0, 0xF0, 0xF0, 0xF0, 0xF0, 0xF0, 0x30, 0x78,
  0xCC, 0xCC, 0x00, 0x78, 0x78, 0x78, 0x78, 0x78, 0x78, 0x78, 0x78, 0x78, 0x78, 0x78, 0xCC, 0xCC,
  0x00, 0x00, 0x78, 0x78, 0x78, 0x78, 0x78, 0x78, 0x78, 0x78, 0x78, 0x78, 0x78, 0x1C, 0x60, 0x0F,
  0xC0, 0x1F, 0x00, 0x33, 0x80, 0x01, 0xC0, 0x1F, 0xC0, 0x7F, 0xE0, 0xF8, 0xF0, 0xF0, 0xF0, 0xF0,
  0xF0, 0xF0, 0xF0, 0xF0, 0xF0, 0x79, 0xE0, 0x3F, 0xC0, 0x1F, 0x80, 0x19, 0x80, 0x3D, 0x80, 0x37,
  0x80, 0x33, 0x00, 0x00, 0x00, 0xF3, 0x80, 0xFF, 0xC0, 0xF9, 0xE0, 0xF1, 0xE0, 0xF1, 0xE0, 0xF1,
  0xE0, 0xF1, 0xE0, 0xF1, 0xE0, 0xF1, 0xE0, 0xF1, 0xE0, 0xF1, 0xE0, 0x38, 0x00, 0x1C, 0x00, 0x0E,
  0x00, 0x07, 0x00, 0x00, 0x00, 0x1F, 0x80, 0x3F, 0xC0, 0x79, 0xE0, 0xF0, 0xF0, 0xF0, 0xF0, 0xF0,
  0xF0, 0xF0, 0xF0, 0xF0, 0xF0, 0x79, 0xE0, 0x3F, 0xC0, 0x1F, 0x80, 0x00, 0xE0, 0x01, 0xC0, 0x03,
  0x80, 0x07, 0x00, 0x00, 0x00, 0x1F, 0x80, 0x3F, 0xC0, 0x79, 0xE0, 0xF0, 0xF0, 0xF0, 0xF0, 0xF0,
  0xF0, 0xF0, 0xF0, 0xF0, 0xF0, 0x79, 0xE0, 0x3F, 0xC0, 0x1F, 0x80, 0x06, 0x00, 0x0F, 0x00, 0x19,
  0x80, 0x19, 0x80, 0x00, 0x00, 0x1F, 0x80, 0x3F, 0xC0, 0x79, 0xE0, 0xF0, 0xF0, 0xF0, 0xF0, 0xF0,
  0xF0, 0xF0, 0xF0, 0xF0, 0xF0, 0x79, 0xE0, 0x3F, 0xC0, 0x1F, 0x80, 0x1C, 0xC0, 0x3C, 0xC0, 0x33,
  0xC0, 0x33, 0x80, 0x00, 0x00, 0x1F, 0x80, 0x3F, 0xC0, 0x79, 0xE0, 0xF0, 0xF0, 0xF0, 0xF0, 0xF0,
  0xF0, 0xF0, 0xF0, 0xF0, 0xF0, 0x79, 0xE0, 0x3F, 0xC0, 0x1F, 0x80, 0x19, 0x80, 0x19, 0x80, 0x00,
  0x00, 0x00, 0x00, 0x1F, 0x80, 0x3F, 0xC0, 0x79, 0xE0, 0xF0, 0xF0, 0xF0, 0xF0, 0xF0, 0xF0, 0xF0,
  0xF0, 0xF0, 0xF0, 0x79, 0xE0, 0x3F, 0xC0, 0x1F, 0x80, 0x07, 0x00, 0x07, 0x00, 0x07, 0x00, 0x00,
  0x00, 0xFF, 0xF8, 0xFF, 0xF8, 0x00, 0x00, 0x07, 0x00, 0x07, 0x00, 0x07, 0x00, 0x1F, 0xF0, 0x3F,
  0xE0, 0x79, 0xE0, 0xF1, 0xF0, 0xF3, 0xF0, 0xF6, 0xF0, 0xFC, 0xF0, 0xF8, 0xF0, 0x79, 0xE0, 0x7F,
  0xC0, 0xFF, 0x80, 0x70, 0x00, 0x38, 0x00, 0x1C, 0x00, 0x0E, 0x00, 0x00, 0x00, 0xF1, 0xE0, 0xF1,
  0xE0, 0xF1, 0xE0, 0xF1, 0xE0, 0xF1, 0xE0, 0xF1, 0xE0, 0xF1, 0xE0, 0xF1, 0xE0, 0xF3, 0xE0, 0x7F,
  0xE0, 0x39, 0xE0, 0x01, 0xC0, 0x03, 0x80, 0x07, 0x00, 0x0E, 0x00, 0x00, 0x00, 0xF1, 0xE0, 0xF1,
  0xE0, 0xF1, 0xE0, 0xF1, 0xE0, 0xF1, 0xE0, 0xF1, 0xE0, 0xF1, 0xE0, 0xF1, 0xE0, 0xF3, 0xE0, 0x7F,
  0xE0, 0x39, 0xE0, 0x0E, 0x00, 0x1F, 0x00, 0x1B, 0x00, 0x31, 0x80, 0x00, 0x00, 0xF1, 0xE0, 0xF1,
  0xE0, 0xF1, 0xE0, 0xF1, 0xE0, 0xF1, 0xE0, 0xF1, 0xE0, 0xF1, 0xE0, 0xF1, 0xE0, 0xF3, 0xE0, 0x7F,
  0xE0, 0x39, 0xE0, 0x31, 0x80, 0x31, 0x80, 0x00, 0x00, 0x00, 0x00, 0xF1, 0xE0, 0xF1, 0xE0, 0xF1,
  0xE0, 0xF1, 0xE0, 0xF1, 0xE0, 0xF1, 0xE0, 0xF1, 0xE0, 0xF1, 0xE0, 0xF3, 0xE0, 0x7F, 0xE0, 0x39,
  0xE0, 0x00, 0xE0, 0x01, 0xC0, 0x03, 0x80, 0x07, 0x00, 0x00, 0x00, 0xF0, 0xF0, 0x70, 0xF0, 0x78,
  0xE0, 0x79, 0xE0, 0x39, 0xC0, 0x39, 0xC0, 0x1D, 0xC0, 0x1F, 0x80, 0x1F, 0x80, 0x0F, 0x80, 0x0F,
  0x00, 0x0F, 0x00, 0x1E, 0x00, 0x7E, 0x00, 0x7C, 0x00, 0xF0, 0x00, 0xF0, 0x00, 0xF0, 0x00, 0xF0,
  0x00, 0xF3, 0xC0, 0xFF, 0xE0, 0xF9, 0xE0, 0xF0, 0xF0, 0xF0, 0xF0, 0xF0, 0xF0, 0xF0, 0xF0, 0xF0,
  0xF0, 0xF9, 0xE0, 0xFF, 0xE0, 0xF3, 0xC0, 0xF0, 0x00, 0xF0, 0x00, 0xF0, 0x00, 0xF0, 0x00, 0x19,
  0x80, 0x19, 0x80, 0x00, 0x00, 0x00, 0x00, 0xF0, 0xF0, 0x70, 0xF0, 0x78, 0xE0, 0x79, 0xE0, 0x39,
  0xC0, 0x39, 0xC0, 0x1D, 0xC0, 0x1F, 0x80, 0x1F, 0x80, 0x0F, 0x80, 0x0F, 0x00, 0x0F, 0x00, 0x1E,
  0x00, 0x7E, 0x00, 0x7C, 0x00, 0xFF, 0xFF, 0xFF, 0xFF, 0xFF, 0xC0, 0xFF, 0xFF, 0xC0, 0xFF, 0xFF,
  0xC0, 0x30, 0x70, 0xE0, 0xE0, 0xE0, 0xE0, 0x70, 0x70, 0x70, 0x70, 0xE0, 0xC0, 0x31, 0x80, 0x73,
  0x80, 0xE7, 0x00, 0xE7, 0x00, 0xE7, 0x00, 0xE7, 0x00, 0x73, 0x80, 0x73, 0x80, 0x73, 0x80, 0x73,
  0x80, 0xE7, 0x00, 0xC6, 0x00, 0x38, 0x7C, 0xFE, 0xFE, 0xFE, 0x7C, 0x38, 0xF1, 0xE3, 0xC0, 0xF1,
  0xE3, 0xC0, 0xF1, 0xE3, 0xC0, 0xF1, 0xE3, 0xC0, 0x03, 0xF0, 0x07, 0xF8, 0x0F, 0x18, 0x1E, 0x00,
  0x1E, 0x00, 0x7F, 0xF0, 0xFF, 0xE0, 0x3C, 0x00, 0x7F, 0xC0, 0xFF, 0x80, 0x1E, 0x00, 0x1E, 0x00,
  0x0F, 0x18, 0x07, 0xF8, 0x03, 0xF0, 0x00, 0x10, 0x00, 0x38, 0x00, 0x1C, 0xFF, 0xFE, 0xFF, 0xFE,
  0x00, 0x1C, 0x00, 0x38, 0x00, 0x10,
};
// DejaVuSansCondensed-Bold.ttf @ 17px: 201 glyphs, 3722 bitmap bytes
const Glyph sans_bold_17_glyphs[] = {
  {0x0020, 0, 0, 0, 16, 5, 0, 0},
  {0x0021, 3, 12, 2, 3, 7, 0, 0},
  {0x0022, 6, 4, 1, 3, 8, 0, 12},
  {0x0023, 11, 12, 1, 3, 13, 0, 16},
  {0x0024, 9, 16, 1, 3, 11, 0, 40},
  {0x0025, 15, 13, 0, 3, 15, 0, 72},
  {0x0026, 11, 13, 1, 3, 13, 0, 98},
  {0x0027, 2, 4, 1, 3, 5, 0, 124},
  {0x0028, 5, 15, 1, 3, 7, 0, 128},
  {0x0029, 5, 15, 1, 3, 7, 0, 143},
  {0x002A, 6, 8, 1, 3, 8, 0, 158},
  {0x002B, 9, 11, 2, 5, 13, 0, 166},
  {0x002C, 3, 5, 1, 12, 6, 0, 188},
  {0x002D, 5, 2, 1, 9, 6, 0, 193},
  {0x002E, 2, 3, 2, 12, 6, 0, 195},
  {0x002F, 5, 14, 0, 3, 6, 0, 198},
  {0x0030, 9, 13, 1, 3, 11, 0, 212},
  {0x0031, 8, 12, 2, 3, 11, 0, 238},
  {0x0032, 8, 13, 1, 3, 11, 0, 250},
  {0x0033, 8, 13, 1, 3, 11, 0, 263},
  {0x0034, 9, 12, 1, 3, 11, 0, 276},
  {0x0035, 9, 12, 1, 3, 11, 0, 300},
  {0x0036, 9, 13, 1, 3, 11, 0, 324},
  {0x0037, 8, 12, 1, 3, 11, 0, 350},
  {0x0038, 9, 13, 1, 3, 11, 0, 362},
  {0x0039, 9, 13, 1, 3, 11, 0, 388},
  {0x003A, 2, 9, 2, 6, 6, 0, 414},
  {0x003B, 3, 11, 1, 6, 6, 0, 423},
  {0x003C, 9, 9, 2, 5, 13, 0, 434},
  {0x003D, 9, 6, 2, 7, 13, 0, 452},
  {0x003E, 9, 9, 2, 5, 13, 0, 464},
  {0x003F, 7, 13, 1, 3, 9, 0, 482},
  {0x0040, 13, 15, 1, 4, 15, 0, 495},
  {0x0041, 12, 12, 0, 3, 12, 0, 525},
  {0x0042, 10, 12, 1, 3, 12, 0, 549},
  {0x0043, 9, 13, 1, 3, 11, 0, 573},
  {0x0044, 11, 12, 1, 3, 13, 0, 599},
  {0x0045, 8, 12, 1, 3, 10, 0, 623},
  {0x0046, 8, 12, 1, 3, 10, 0, 635},
  {0x0047, 10, 13, 1, 3, 13, 0, 647},
  {0x0048, 10, 12, 1, 3, 13, 0, 673},
  {0x0049, 3, 12, 1, 3, 6, 0, 697},
  {0x004A, 5, 15, -1, 3, 6, 0, 709},
  {0x004B, 11, 12, 1, 3, 12, 0, 724},
  {0x004C, 8, 12, 1, 3, 10, 0, 748},
  {0x004D, 13, 12, 1, 3, 15, 0, 760},
  {0x004E, 10, 12, 1, 3, 13, 0, 784},
  {0x004F, 11, 13, 1, 3, 13, 0, 808},
  {0x0050, 10, 12, 1, 3, 11, 0, 834},
  {0x0051, 11, 15, 1, 3, 13, 0, 858},
  {0x0052, 10, 12, 1, 3, 12, 0, 888},
  {0x0053, 9, 13, 1, 3, 11, 0, 912},
  {0x0054, 10, 12, 0, 3, 10, 0, 938},
  {0x0055, 10, 12, 1, 3, 12, 0, 962},
  {0x0056, 11, 12, 0, 3, 12, 0, 986},
  {0x0057, 15, 12, 1, 3, 17, 0, 1010},
  {0x0058, 10, 12, 1, 3, 12, 0, 1034},
  {0x0059, 11, 12, -1, 3, 11, 0, 1058},
  {0x005A, 9, 12, 1, 3, 11, 0, 1082},
  {0x005B, 5, 15, 1, 3, 7, 0, 1106},
  {0x005C, 6, 14, 0, 3, 6, 0, 1121},
  {0x005D, 5, 15, 1, 3, 7, 0, 1135},
  {0x005E, 9, 4, 2, 3, 13, 0, 1150},
  {0x005F, 8, 2, 0, 18, 8, 0, 1158},
  {0x0060, 4, 4, 1, 2, 8, 0, 1160},
  {0x0061, 8, 10, 1, 6, 10, 0, 1164},
  {0x0062, 9, 13, 1, 3, 11, 0, 1174},
  {0x0063, 7, 10, 1, 6, 9, 0, 1200},
  {0x0064, 9, 13, 1, 3, 11, 0, 1210},
  {0x0065, 9, 10, 1, 6, 10, 0, 1236},
  {0x0066, 7, 13, 0, 3, 7, 0, 1256},
  {0x0067, 9, 13, 1, 7, 11, 0, 1269},
  {0x0068, 9, 13, 1, 3, 11, 0, 1295},
  {0x0069, 3, 13, 1, 3, 5, 0, 1321},
  {0x006A, 5, 17, -1, 3, 5, 0, 1334},
  {0x006B, 9, 13, 1, 3, 10, 0, 1351},
  {0x006C, 3, 13, 1, 3, 5, 0, 1377},
  {0x006D, 14, 10, 1, 6, 16, 0, 1390},
  {0x006E, 9, 10, 1, 6, 11, 0, 1410},
  {0x006F, 9, 10, 1, 6, 11, 0, 1430},
  {0x0070, 9, 14, 1, 6, 11, 0, 1450},
  {0x0071, 9, 13, 1, 7, 11, 0, 1478},
  {0x0072, 7, 10, 1, 6, 8, 0, 1504},
  {0x0073, 7, 10, 1, 6, 9, 0, 1514},
  {0x0074, 7, 12, 0, 4, 7, 0, 1524},
  {0x0075, 9, 9, 1, 6, 11, 0, 1536},
  {0x0076, 8, 9, 1, 6, 10, 0, 1554},
  {0x0077, 12, 9, 1, 6, 14, 0, 1563},
  {0x0078, 8, 9, 1, 6, 10, 0, 1581},
  {0x0079, 9, 13, 0, 6, 10, 0, 1590},
  {0x007A, 7, 9, 1, 6, 9, 0, 1616},
  {0x007B, 7, 16, 2, 3, 11, 0, 1625},
  {0x007C, 2, 17, 2, 3, 6, 0, 1641},
  {0x007D, 7, 16, 2, 3, 11, 0, 1658},
  {0x007E, 9, 3, 2, 8, 13, 0, 1674},
  {0x00A0, 0, 0, 0, 16, 5, 0, 1680},
  {0x00A1, 3, 12, 2, 6, 7, 0, 1680},
  {0x00A2, 8, 15, 1, 4, 11, 0, 1692},
  {0x00A3, 8, 13, 1, 3, 11, 0, 1707},
  {0x00A4, 8, 9, 1, 5, 10, 0, 1720},
  {0x00A5, 10, 12, 0, 3, 11, 0, 1729},
  {0x00A6, 2, 15, 2, 4, 6, 0, 1753},
  {0x00A7, 8, 15, 0, 3, 8, 0, 1768},
  {0x00A8, 5, 2, 1, 2, 8, 0, 1783},
  {0x00A9, 11, 12, 2, 3, 15, 0, 1785},
  {0x00AA, 6, 10, 1, 3, 9, 0, 1809},
  {0x00AB, 7, 8, 1, 7, 10, 0, 1819},
  {0x00AC, 9, 6, 2, 8, 13, 0, 1827},
  {0x00AD, 5, 2, 1, 9, 6, 0, 1839},
  {0x00AE, 11, 12, 2, 3, 15, 0, 1841},
  {0x00AF, 5, 2, 1, 3, 8, 0, 1865},
  {0x00B0, 5, 6, 1, 3, 8, 0, 1867},
  {0x00B1, 9, 11, 2, 5, 13, 0, 1873},
  {0x00B2, 5, 7, 1, 3, 7, 0, 1895},
  {0x00B3, 5, 8, 1, 3, 7, 0, 1902},
  {0x00B4, 4, 4, 3, 2, 8, 0, 1910},
  {0x00B5, 10, 13, 1, 6, 11, 0, 1914},
  {0x00B6, 7, 14, 1, 3, 10, 0, 1940},
  {0x00B7, 2, 4, 2, 8, 6, 0, 1954},
  {0x00B8, 3, 3, 2, 16, 8, 0, 1958},
  {0x00B9, 5, 6, 1, 3, 7, 0, 1961},
  {0x00BA, 7, 10, 1, 3, 9, 0, 1967},
  {0x00BB, 8, 8, 1, 7, 10, 0, 1977},
  {0x00BC, 14, 13, 1, 3, 16, 0, 1985},
  {0x00BD, 14, 13, 1, 3, 16, 0, 2011},
  {0x00BE, 14, 13, 1, 3, 16, 0, 2037},
  {0x00BF, 7, 12, 1, 6, 9, 0, 2063},
  {0x00C0, 12, 16, 0, 0, 12, 0, 2075},
  {0x00C1, 12, 16, 0, 0, 12, 0, 2107},
  {0x00C2, 12, 16, 0, 0, 12, 0, 2139},
  {0x00C3, 12, 16, 0, 0, 12, 0, 2171},
  {0x00C4, 12, 16, 0, 0, 12, 0, 2203},
  {0x00C5, 12, 16, 0, 0, 12, 0, 2235},
  {0x00C6, 15, 12, 0, 3, 17, 0, 2267},
  {0x00C7, 9, 16, 1, 3, 11, 0, 2291},
  {0x00C8, 8, 16, 1, 0, 10, 0, 2323},
  {0x00C9, 8, 16, 1, 0, 10, 0, 2339},
  {0x00CA, 8, 16, 1, 0, 10, 0, 2355},
  {0x00CB, 8, 16, 1, 0, 10, 0, 2371},
  {0x00CC, 4, 16, -1, 0, 6, 0, 2387},
  {0x00CD, 4, 16, 1, 0, 6, 0, 2403},
  {0x00CE, 6, 16, 0, 0, 6, 0, 2419},
  {0x00CF, 5, 16, 1, 0, 6, 0, 2435},
  {0x00D0, 12, 12, 0, 3, 13, 0, 2451},
  {0x00D1, 10, 16, 1, 0, 13, 0, 2475},
  {0x00D2, 11, 16, 1, 0, 13, 0, 2507},
  {0x00D3, 11, 16, 1, 0, 13, 0, 2539},
  {0x00D4, 11, 16, 1, 0, 13, 0, 2571},
  {0x00D5, 11, 16, 1, 0, 13, 0, 2603},
  {0x00D6, 11, 16, 1, 0, 13, 0, 2635},
  {0x00D7, 9, 9, 2, 5, 13, 0, 2667},
  {0x00D8, 12, 13, 0, 3, 13, 0, 2685},
  {0x00D9, 10, 16, 1, 0, 12, 0, 2711},
  {0x00DA, 10, 16, 1, 0, 12, 0, 2743},
  {0x00DB, 10, 16, 1, 0, 12, 0, 2775},
  {0x00DC, 10, 16, 1, 0, 12, 0, 2807},
  {0x00DD, 11, 16, -1, 0, 11, 0, 2839},
  {0x00DE, 10, 12, 1, 3, 11, 0, 2871},
  {0x00DF, 9, 13, 1, 3, 11, 0, 2895},
  {0x00E0, 8, 14, 1, 2, 10, 0, 2921},
  {0x00E1, 8, 14, 1, 2, 10, 0, 2935},
  {0x00E2, 8, 14, 1, 2, 10, 0, 2949},
  {0x00E3, 8, 13, 1, 2, 10, 0, 2963},
  {0x00E4, 8, 13, 1, 2, 10, 0, 2976},
  {0x00E5, 8, 15, 1, 0, 10, 0, 2989},
  {0x00E6, 14, 10, 1, 6, 16, 0, 3004},
  {0x00E7, 7, 13, 1, 6, 9, 0, 3024},
  {0x00E8, 9, 14, 1, 2, 10, 0, 3037},
  {0x00E9, 9, 14, 1, 2, 10, 0, 3065},
  {0x00EA, 9, 14, 1, 2, 10, 0, 3093},
  {0x00EB, 9, 13, 1, 2, 10, 0, 3121},
  {0x00EC, 4, 14, -1, 2, 5, 0, 3147},
  {0x00ED, 5, 14, 1, 2, 5, 0, 3161},
  {0x00EE, 6, 14, 0, 2, 5, 0, 3175},
  {0x00EF, 5, 13, 0, 2, 5, 0, 3189},
  {0x00F0, 9, 13, 1, 3, 11, 0, 3202},
  {0x00F1, 9, 13, 1, 2, 11, 0, 3228},
  {0x00F2, 9, 14, 1, 2, 11, 0, 3254},
  {0x00F3, 9, 14, 1, 2, 11, 0, 3282},
  {0x00F4, 9, 14, 1, 2, 11, 0, 3310},
  {0x00F5, 9, 13, 1, 2, 11, 0, 3338},
  {0x00F6, 9, 13, 1, 2, 11, 0, 3364},
  {0x00F7, 9, 9, 2, 6, 13, 0, 3390},
  {0x00F8, 9, 11, 1, 5, 11, 0, 3408},
  {0x00F9, 9, 14, 1, 2, 11, 0, 3430},
  {0x00FA, 9, 14, 1, 2, 11, 0, 3458},
  {0x00FB, 9, 14, 1, 2, 11, 0, 3486},
  {0x00FC, 9, 13, 1, 2, 11, 0, 3514},
  {0x00FD, 9, 18, 0, 2, 10, 0, 3540},
  {0x00FE, 9, 17, 1, 3, 11, 0, 3576},
  {0x00FF, 9, 17, 0, 2, 10, 0, 3610},
  {0x2013, 6, 2, 1, 10, 8, 0, 3644},
  {0x2014, 13, 2, 1, 10, 15, 0, 3646},
  {0x2018, 3, 5, 2, 3, 6, 0, 3650},
  {0x2019, 3, 5, 1, 3, 6, 0, 3655},
  {0x201C, 6, 5, 2, 3, 10, 0, 3660},
  {0x201D, 6, 5, 2, 3, 10, 0, 3665},
  {0x2022, 6, 6, 2, 6, 10, 0, 3670},
  {0x2026, 13, 3, 1, 12, 15, 0, 3676},
  {0x20AC, 10, 13, -1, 3, 11, 0, 3682},
  {0x2192, 11, 7, 1, 6, 13, 0, 3708},
};
const uint8_t sans_bold_17_bitmap[] = {
  0xE0, 0xE0, 0xE0, 0xE0, 0xE0, 0xE0, 0xE0, 0xC0, 0x00, 0xE0, 0xE0, 0xE0, 0xCC, 0xCC, 0xCC, 0xCC,
  0x0C, 0x80, 0x09, 0x80, 0x09, 0x80, 0x7F, 0xE0, 0x7F, 0xE0, 0x1B, 0x00, 0x13, 0x00, 0xFF, 0xC0,
  0xFF, 0xC0, 0x32, 0x00, 0x26, 0x00, 0x26, 0x00, 0x08, 0x00, 0x08, 0x00, 0x3F, 0x00, 0x7F, 0x00,
  0xE8, 0x00, 0xE8, 0x00, 0xFC, 0x00, 0x7F, 0x00, 0x0F, 0x00, 0x0B, 0x80, 0x8B, 0x80, 0xFF, 0x00,
  0x7E, 0x00, 0x08, 0x00, 0x08, 0x00, 0x08, 0x00, 0x10, 0x30, 0x7C, 0x20, 0x6C, 0x60, 0xC4, 0x40,
  0x44, 0xC0, 0x6C, 0x80, 0x39, 0x80, 0x03, 0x3C, 0x03, 0x66, 0x06, 0x66, 0x04, 0x66, 0x0C, 0x66,
  0x08, 0x3C, 0x0C, 0x00, 0x3F, 0x00, 0x3B, 0x00, 0x30, 0x00, 0x38, 0x00, 0x3C, 0x00, 0x7C, 0x60,
  0xEE, 0x60, 0xE7, 0xE0, 0xE3, 0xC0, 0xE3, 0xC0, 0x7F, 0xC0, 0x3E, 0xE0, 0xC0, 0xC0, 0xC0, 0xC0,
  0x38, 0x30, 0x70, 0x60, 0x60, 0x60, 0xE0, 0xE0, 0xE0, 0xE0, 0x60, 0x60, 0x70, 0x30, 0x30, 0xE0,
  0x60, 0x70, 0x30, 0x30, 0x30, 0x38, 0x38, 0x38, 0x38, 0x30, 0x30, 0x70, 0x60, 0x60, 0x30, 0x30,
  0xB4, 0xFC, 0x38, 0xFC, 0xB4, 0x30, 0x08, 0x00, 0x08, 0x00, 0x08, 0x00, 0x08, 0x00, 0x08, 0x00,
  0xFF, 0x80, 0xFF, 0x80, 0x08, 0x00, 0x08, 0x00, 0x08, 0x00, 0x08, 0x00, 0x60, 0x60, 0x60, 0xE0,
  0xC0, 0xF8, 0xF8, 0xC0, 0xC0, 0xC0, 0x08, 0x18, 0x18, 0x10, 0x10, 0x30, 0x30, 0x20, 0x60, 0x60,
  0x60, 0x40, 0xC0, 0xC0, 0x18, 0x00, 0x7E, 0x00, 0x7F, 0x00, 0xE3, 0x00, 0xE3, 0x80, 0xE3, 0x80,
  0xE3, 0x80, 0xE3, 0x80, 0xE3, 0x80, 0xE3, 0x80, 0xE7, 0x00, 0x7F, 0x00, 0x3E, 0x00, 0xF8, 0xF8,
  0x38, 0x38, 0x38, 0x38, 0x38, 0x38, 0x38, 0x38, 0xFF, 0xFF, 0x18, 0xFE, 0xFF, 0x87, 0x07, 0x07,
  0x0E, 0x1E, 0x3C, 0x78, 0xF0, 0xFF, 0xFF, 0x38, 0xFE, 0xFF, 0x07, 0x07, 0x0F, 0x3E, 0x3F, 0x07,
  0x03, 0x87, 0xFF, 0xFE, 0x0E, 0x00, 0x1E, 0x00, 0x36, 0x00, 0x36, 0x00, 0x66, 0x00, 0x66, 0x00,
  0xC6, 0x00, 0xFF, 0x80, 0xFF, 0x80, 0xFF, 0x80, 0x06, 0x00, 0x06, 0x00, 0x7F, 0x00, 0x7F, 0x00,
  0x60, 0x00, 0x60, 0x00, 0x7E, 0x00, 0x7F, 0x00, 0x07, 0x00, 0x03, 0x80, 0x03, 0x80, 0x87, 0x00,
  0xFF, 0x00, 0xFE, 0x00, 0x0C, 0x00, 0x3F, 0x00, 0x7B, 0x00, 0x60, 0x00, 0xE0, 0x00, 0xFE, 0x00,
  0xFF, 0x00, 0xE3, 0x80, 0xE3, 0x80, 0xE3, 0x80, 0x63, 0x80, 0x7F, 0x00, 0x3E, 0x00, 0xFF, 0xFF,
  0x07, 0x07, 0x0E, 0x0E, 0x0C, 0x1C, 0x1C, 0x38, 0x38, 0x70, 0x1C, 0x00, 0x7F, 0x00, 0xF7, 0x00,
  0xE3, 0x00, 0xE3, 0x00, 0x7F, 0x00, 0x3E, 0x00, 0x77, 0x00, 0xE3, 0x80, 0xE3, 0x80, 0xE3, 0x80,
  0xFF, 0x00, 0x7E, 0x00, 0x18, 0x00, 0x7E, 0x00, 0xF7, 0x00, 0xE7, 0x00, 0xE3, 0x00, 0xE3, 0x80,
  0xE7, 0x80, 0x7F, 0x80, 0x3B, 0x80, 0x03, 0x00, 0x07, 0x00, 0x7E, 0x00, 0x7C, 0x00, 0xC0, 0xC0,
  0xC0, 0x00, 0x00, 0x00, 0xC0, 0xC0, 0xC0, 0x60, 0x60, 0x60, 0x00, 0x00, 0x00, 0x60, 0x60, 0x60,
  0xE0, 0xC0, 0x00, 0x80, 0x07, 0x80, 0x1F, 0x00, 0xF8, 0x00, 0xC0, 0x00, 0xF0, 0x00, 0x3E, 0x00,
  0x0F, 0x80, 0x01, 0x80, 0xFF, 0x80, 0xFF, 0x80, 0x00, 0x00, 0x00, 0x00, 0xFF, 0x80, 0xFF, 0x80,
  0x80, 0x00, 0xF0, 0x00, 0x7C, 0x00, 0x0F, 0x80, 0x03, 0x80, 0x07, 0x80, 0x3E, 0x00, 0xF8, 0x00,
  0xC0, 0x00, 0x30, 0xFC, 0xFE, 0x0E, 0x0E, 0x1C, 0x3C, 0x38, 0x30, 0x00, 0x30, 0x30, 0x30, 0x0F,
  0x80, 0x1F, 0xE0, 0x30, 0x30, 0x60, 0x18, 0x47, 0xD8, 0xCD, 0xC8, 0x88, 0xC8, 0x98, 0xC8, 0x88,
  0xD8, 0xCD, 0xF0, 0x47, 0xE0, 0x60, 0x00, 0x30, 0x20, 0x1F, 0xE0, 0x0F, 0x80, 0x0F, 0x00, 0x0F,
  0x00, 0x1F, 0x80, 0x1F, 0x80, 0x19, 0x80, 0x39, 0xC0, 0x39, 0xC0, 0x3F, 0xC0, 0x7F, 0xE0, 0x7F,
  0xE0, 0x60, 0xE0, 0xE0, 0x70, 0xFF, 0x00, 0xFF, 0x80, 0xE3, 0x80, 0xE3, 0x80, 0xFF, 0x80, 0xFF,
  0x00, 0xFF, 0x80, 0xE1, 0x80, 0xE1, 0xC0, 0xE3, 0x80, 0xFF, 0x80, 0xFF, 0x00, 0x0E, 0x00, 0x3F,
  0x80, 0x7F, 0x80, 0xF0, 0x00, 0xE0, 0x00, 0xE0, 0x00, 0xE0, 0x00, 0xE0, 0x00, 0xE0, 0x00, 0xE0,
  0x00, 0x70, 0x80, 0x7F, 0x80, 0x1F, 0x80, 0xFF, 0x00, 0xFF, 0x80, 0xE3, 0xC0, 0xE1, 0xE0, 0xE0,
  0xE0, 0xE0, 0xE0, 0xE0, 0xE0, 0xE0, 0xE0, 0xE1, 0xC0, 0xE7, 0xC0, 0xFF, 0x80, 0xFE, 0x00, 0xFF,
  0xFF, 0xE0, 0xE0, 0xFF, 0xFF, 0xFF, 0xE0, 0xE0, 0xE0, 0xFF, 0xFF, 0xFF, 0xFF, 0xE0, 0xE0, 0xFF,
  0xFF, 0xFF, 0xE0, 0xE0, 0xE0, 0xE0, 0xE0, 0x0F, 0x00, 0x3F, 0xC0, 0x7F, 0xC0, 0xF0, 0x40, 0xE0,
  0x00, 0xE0, 0x00, 0xE3, 0xC0, 0xE3, 0xC0, 0xE0, 0xC0, 0xE0, 0xC0, 0x70, 0xC0, 0x7F, 0xC0, 0x1F,
  0xC0, 0xE0, 0xC0, 0xE0, 0xC0, 0xE0, 0xC0, 0xE0, 0xC0, 0xFF, 0xC0, 0xFF, 0xC0, 0xFF, 0xC0, 0xE0,
  0xC0, 0xE0, 0xC0, 0xE0, 0xC0, 0xE0, 0xC0, 0xE0, 0xC0, 0xE0, 0xE0, 0xE0, 0xE0, 0xE0, 0xE0, 0xE0,
  0xE0, 0xE0, 0xE0, 0xE0, 0xE0, 0x38, 0x38, 0x38, 0x38, 0x38, 0x38, 0x38, 0x38, 0x38, 0x38, 0x38,
  0x38, 0x38, 0xF8, 0xF0, 0xE1, 0xC0, 0xE3, 0x80, 0xE7, 0x00, 0xEE, 0x00, 0xFC, 0x00, 0xF8, 0x00,
  0xFC, 0x00, 0xEE, 0x00, 0xE7, 0x00, 0xE7, 0x80, 0xE3, 0xC0, 0xE1, 0xE0, 0xE0, 0xE0, 0xE0, 0xE0,
  0xE0, 0xE0, 0xE0, 0xE0, 0xE0, 0xE0, 0xFF, 0xFF, 0xF0, 0x78, 0xF8, 0xF8, 0xF8, 0xF8, 0xFC, 0xF8,
  0xED, 0xB8, 0xED, 0xB8, 0xE7, 0xB8, 0xE7, 0x38, 0xE7, 0x38, 0xE3, 0x38, 0xE0, 0x38, 0xE0, 0x38,
  0xF0, 0xC0, 0xF8, 0xC0, 0xF8, 0xC0, 0xF8, 0xC0, 0xEC, 0xC0, 0xEC, 0xC0, 0xE6, 0xC0, 0xE6, 0xC0,
  0xE3, 0xC0, 0xE3, 0xC0, 0xE3, 0xC0, 0xE1, 0xC0, 0x0E, 0x00, 0x3F, 0x80, 0x7F, 0xC0, 0xF1, 0xE0,
  0xE0, 0xE0, 0xE0, 0xE0, 0xE0, 0xE0, 0xE0, 0xE0, 0xE0, 0xE0, 0xE0, 0xE0, 0x71, 0xC0, 0x7F, 0xC0,
  0x3F, 0x80, 0xFF, 0x00, 0xFF, 0x80, 0xE3, 0x80, 0xE1, 0xC0, 0xE3, 0xC0, 0xFF, 0x80, 0xFF, 0x80,
  0xFE, 0x00, 0xE0, 0x00, 0xE0, 0x00, 0xE0, 0x00, 0xE0, 0x00, 0x0E, 0x00, 0x3F, 0x80, 0x7F, 0xC0,
  0xF1, 0xE0, 0xE0, 0xE0, 0xE0, 0xE0, 0xE0, 0xE0, 0xE0, 0xE0, 0xE0, 0xE0, 0xE0, 0xE0, 0x71, 0xC0,
  0x7F, 0xC0, 0x1F, 0x00, 0x03, 0x80, 0x01, 0xC0, 0xFF, 0x00, 0xFF, 0x80, 0xE3, 0x80, 0xE3, 0x80,
  0xE3, 0x80, 0xFF, 0x00, 0xFF, 0x00, 0xE7, 0x00, 0xE3, 0x80, 0xE3, 0x80, 0xE1, 0xC0, 0xE1, 0xC0,
  0x1C, 0x00, 0x7F, 0x00, 0xFF, 0x00, 0xE0, 0x00, 0xE0, 0x00, 0xF8, 0x00, 0x7F, 0x00, 0x3F, 0x80,
  0x03, 0x80, 0x03, 0x80, 0xC3, 0x80, 0xFF, 0x00, 0x7E, 0x00, 0xFF, 0xC0, 0xFF, 0xC0, 0x0E, 0x00,
  0x0E, 0x00, 0x0E, 0x00, 0x0E, 0x00, 0x0E, 0x00, 0x0E, 0x00, 0x0E, 0x00, 0x0E, 0x00, 0x0E, 0x00,
  0x0E, 0x00, 0xE1, 0xC0, 0xE1, 0xC0, 0xE1, 0xC0, 0xE1, 0xC0, 0xE1, 0xC0, 0xE1, 0xC0, 0xE1, 0xC0,
  0xE1, 0xC0, 0x61, 0xC0, 0x73, 0xC0, 0x7F, 0x80, 0x3F, 0x00, 0xE0, 0x60, 0x70, 0xE0, 0x70, 0xE0,
  0x70, 0xC0, 0x39, 0xC0, 0x39, 0xC0, 0x39, 0x80, 0x1F, 0x80, 0x1F, 0x80, 0x1F, 0x00, 0x0F, 0x00,
  0x0F, 0x00, 0xC3, 0x8E, 0xE3, 0x8E, 0xE7, 0x8E, 0xE6, 0xCE, 0x66, 0xCC, 0x66, 0xDC, 0x76, 0xDC,
  0x7C, 0xDC, 0x7C, 0x7C, 0x3C, 0x78, 0x3C, 0x78, 0x3C, 0x78, 0xE1, 0xC0, 0x73, 0x80, 0x73, 0x80,
  0x3F, 0x00, 0x3E, 0x00, 0x1E, 0x00, 0x1E, 0x00, 0x3F, 0x00, 0x77, 0x00, 0x73, 0x80, 0xE1, 0xC0,
  0xE1, 0xC0, 0xF0, 0xE0, 0x71, 0xC0, 0x3B, 0xC0, 0x3B, 0x80, 0x1F, 0x00, 0x1F, 0x00, 0x0E, 0x00,
  0x0E, 0x00, 0x0E, 0x00, 0x0E, 0x00, 0x0E, 0x00, 0x0E, 0x00, 0xFF, 0x80, 0xFF, 0x80, 0x07, 0x80,
  0x07, 0x00, 0x0E, 0x00, 0x1C, 0x00, 0x3C, 0x00, 0x38, 0x00, 0x70, 0x00, 0xE0, 0x00, 0xFF, 0x80,
  0xFF, 0x80, 0xF8, 0xF8, 0xE0, 0xE0, 0xE0, 0xE0, 0xE0, 0xE0, 0xE0, 0xE0, 0xE0, 0xE0, 0xE0, 0xF8,
  0xF8, 0xC0, 0x40, 0x40, 0x60, 0x60, 0x20, 0x30, 0x30, 0x30, 0x10, 0x18, 0x18, 0x08, 0x0C, 0xF8,
  0xF8, 0x38, 0x38, 0x38, 0x38, 0x38, 0x38, 0x38, 0x38, 0x38, 0x38, 0x38, 0xF8, 0xF8, 0x1C, 0x00,
  0x3E, 0x00, 0x67, 0x00, 0xC1, 0x80, 0xFF, 0xFF, 0xC0, 0x60, 0x20, 0x30, 0x10, 0xFE, 0xEF, 0x07,
  0x7F, 0xFF, 0xC7, 0xC7, 0xFF, 0x7F, 0xE0, 0x00, 0xE0, 0x00, 0xE0, 0x00, 0xE4, 0x00, 0xFF, 0x00,
  0xFF, 0x80, 0xE3, 0x80, 0xE3, 0x80, 0xE3, 0x80, 0xE3, 0x80, 0xF3, 0x80, 0xFF, 0x80, 0xEF, 0x00,
  0x08, 0x7E, 0xFE, 0xE0, 0xE0, 0xC0, 0xE0, 0xE0, 0x7E, 0x3E, 0x03, 0x80, 0x03, 0x80, 0x03, 0x80,
  0x13, 0x80, 0x7F, 0x80, 0xFF, 0x80, 0xE3, 0x80, 0xE3, 0x80, 0xC3, 0x80, 0xE3, 0x80, 0xE7, 0x80,
  0xFF, 0x80, 0x7B, 0x80, 0x08, 0x00, 0x7E, 0x00, 0xF7, 0x00, 0xE3, 0x00, 0xFF, 0x80, 0xFF, 0x80,
  0xC0, 0x00, 0xE0, 0x00, 0x7F, 0x00, 0x3F, 0x00, 0x1E, 0x3E, 0x30, 0x30, 0xFE, 0xFE, 0x30, 0x30,
  0x30, 0x30, 0x30, 0x30, 0x30, 0x7F, 0x80, 0xFF, 0x80, 0xE3, 0x80, 0xE3, 0x80, 0xC3, 0x80, 0xE3,
  0x80, 0xE7, 0x80, 0x7F, 0x80, 0x3B, 0x80, 0x03, 0x80, 0x47, 0x00, 0x7E, 0x00, 0x38, 0x00, 0xE0,
  0x00, 0xE0, 0x00, 0xE0, 0x00, 0xE4, 0x00, 0xFF, 0x00, 0xFF, 0x00, 0xE3, 0x80, 0xE3, 0x80, 0xE3,
  0x80, 0xE3, 0x80, 0xE3, 0x80, 0xE3, 0x80, 0xE3, 0x80, 0xE0, 0xE0, 0xE0, 0x00, 0xE0, 0xE0, 0xE0,
  0xE0, 0xE0, 0xE0, 0xE0, 0xE0, 0xE0, 0x38, 0x38, 0x38, 0x00, 0x38, 0x38, 0x38, 0x38, 0x38, 0x38,
  0x38, 0x38, 0x38, 0x38, 0x38, 0xF0, 0xE0, 0xE0, 0x00, 0xE0, 0x00, 0xE0, 0x00, 0xE0, 0x00, 0xE7,
  0x80, 0xEE, 0x00, 0xEC, 0x00, 0xFC, 0x00, 0xFC, 0x00, 0xFC, 0x00, 0xEE, 0x00, 0xE7, 0x00, 0xE3,
  0x80, 0xE0, 0xE0, 0xE0, 0xE0, 0xE0, 0xE0, 0xE0, 0xE0, 0xE0, 0xE0, 0xE0, 0xE0, 0xE0, 0x04, 0x20,
  0xFF, 0x78, 0xFF, 0xF8, 0xE3, 0x9C, 0xE3, 0x1C, 0xE3, 0x1C, 0xE3, 0x1C, 0xE3, 0x1C, 0xE3, 0x1C,
  0xE3, 0x1C, 0x04, 0x00, 0xFF, 0x00, 0xFF, 0x00, 0xE3, 0x80, 0xE3, 0x80, 0xE3, 0x80, 0xE3, 0x80,
  0xE3, 0x80, 0xE3, 0x80, 0xE3, 0x80, 0x08, 0x00, 0x7E, 0x00, 0xFF, 0x00, 0xE3, 0x80, 0xC3, 0x80,
  0xC3, 0x80, 0xE3, 0x80, 0xE3, 0x80, 0x7F, 0x00, 0x3E, 0x00, 0x04, 0x00, 0xFF, 0x00, 0xFF, 0x80,
  0xE3, 0x80, 0xE3, 0x80, 0xE3, 0x80, 0xE3, 0x80, 0xF3, 0x80, 0xFF, 0x80, 0xEF, 0x00, 0xE0, 0x00,
  0xE0, 0x00, 0xE0, 0x00, 0xE0, 0x00, 0x7F, 0x80, 0xFF, 0x80, 0xE3, 0x80, 0xE3, 0x80, 0xC3, 0x80,
  0xE3, 0x80, 0xE7, 0x80, 0xFF, 0x80, 0x7B, 0x80, 0x03, 0x80, 0x03, 0x80, 0x03, 0x80, 0x03, 0x80,
  0x04, 0xFE, 0xFE, 0xF0, 0xE0, 0xE0, 0xE0, 0xE0, 0xE0, 0xE0, 0x10, 0xFE, 0xEE, 0xC0, 0xF8, 0x7E,
  0x0E, 0x06, 0xFE, 0xFC, 0x30, 0x30, 0x30, 0xFE, 0xFE, 0x30, 0x30, 0x30, 0x30, 0x30, 0x3E, 0x3E,
  0xE3, 0x80, 0xE3, 0x80, 0xE3, 0x80, 0xE3, 0x80, 0xE3, 0x80, 0xE3, 0x80, 0xE7, 0x80, 0x7F, 0x80,
  0x7B, 0x80, 0xC3, 0xC7, 0xE7, 0x66, 0x66, 0x7E, 0x3C, 0x3C, 0x3C, 0xC6, 0x30, 0xE7, 0x30, 0xEF,
  0x70, 0xEF, 0x70, 0x6F, 0x60, 0x69, 0x60, 0x79, 0xE0, 0x79, 0xE0, 0x39, 0xE0, 0xE7, 0x66, 0x7E,
  0x3C, 0x3C, 0x3C, 0x7E, 0xE7, 0xC7, 0xE1, 0x80, 0x63, 0x80, 0x73, 0x80, 0x33, 0x00, 0x3B, 0x00,
  0x3F, 0x00, 0x1E, 0x00, 0x1E, 0x00, 0x0E, 0x00, 0x0C, 0x00, 0x1C, 0x00, 0x38, 0x00, 0x30, 0x00,
  0xFE, 0xFE, 0x0E, 0x1C, 0x38, 0x70, 0xE0, 0xFE, 0xFE, 0x1E, 0x1E, 0x38, 0x38, 0x38, 0x38, 0x38,
  0xF0, 0xF0, 0x38, 0x38, 0x38, 0x38, 0x38, 0x1E, 0x0E, 0xC0, 0xC0, 0xC0, 0xC0, 0xC0, 0xC0, 0xC0,
  0xC0, 0xC0, 0xC0, 0xC0, 0xC0, 0xC0, 0xC0, 0xC0, 0xC0, 0xC0, 0xE0, 0xF0, 0x38, 0x38, 0x38, 0x38,
  0x38, 0x1E, 0x1E, 0x38, 0x38, 0x38, 0x38, 0x38, 0xF0, 0xE0, 0x70, 0x80, 0xFF, 0x80, 0x8F, 0x80,
  0xE0, 0xE0, 0xE0, 0x00, 0xE0, 0xE0, 0xE0, 0xE0, 0xE0, 0xE0, 0xE0, 0xE0, 0x08, 0x08, 0x08, 0x3F,
  0x7F, 0x78, 0xE8, 0xE8, 0xE8, 0x79, 0x7F, 0x3F, 0x08, 0x08, 0x08, 0x0E, 0x3F, 0x3F, 0x38, 0x30,
  0x30, 0xFE, 0xFE, 0x30, 0x30, 0x30, 0xFF, 0xFF, 0x83, 0xFB, 0x7E, 0x66, 0x42, 0x46, 0x7E, 0xFF,
  0xC3, 0x71, 0xC0, 0x73, 0x80, 0x3B, 0x80, 0x3F, 0x00, 0xFF, 0xC0, 0xFF, 0xC0, 0x0E, 0x00, 0xFF,
  0xC0, 0xFF, 0xC0, 0x0E, 0x00, 0x0E, 0x00, 0x0E, 0x00, 0xC0, 0xC0, 0xC0, 0xC0, 0xC0, 0xC0, 0x00,
  0x00, 0x00, 0xC0, 0xC0, 0xC0, 0xC0, 0xC0, 0xC0, 0x18, 0x7E, 0x62, 0x70, 0x78, 0x7E, 0xC6, 0xC7,
  0xE6, 0x7E, 0x3C, 0x0E, 0x4E, 0x7E, 0x38, 0xD8, 0xD8, 0x1F, 0x00, 0x30, 0xC0, 0x46, 0x40, 0x5F,
  0x20, 0x98, 0x20, 0xB0, 0x20, 0x90, 0x20, 0x98, 0x20, 0x4F, 0x60, 0x60, 0x40, 0x31, 0x80, 0x1F,
  0x00, 0x30, 0x7C, 0x0C, 0x7C, 0xCC, 0xCC, 0x74, 0x00, 0xFC, 0xFC, 0x10, 0x32, 0x66, 0xCC, 0xCC,
  0x66, 0x32, 0x10, 0xFF, 0x80, 0xFF, 0x80, 0x01, 0x80, 0x01, 0x80, 0x01, 0x80, 0x01, 0x80, 0xF8,
  0xF8, 0x1F, 0x00, 0x30, 0xC0, 0x5E, 0x40, 0x5B, 0x20, 0x9B, 0x20, 0x9F, 0x20, 0x9E, 0x20, 0x9B,
  0x20, 0x5B, 0x60, 0x60, 0x40, 0x31, 0x80, 0x1F, 0x00, 0xF8, 0xF8, 0x30, 0x78, 0xC8, 0xC8, 0x78,
  0x30, 0x08, 0x00, 0x08, 0x00, 0x08, 0x00, 0xFF, 0x80, 0xFF, 0x80, 0x08, 0x00, 0x08, 0x00, 0x08,
  0x00, 0x00, 0x00, 0xFF, 0x80, 0xFF, 0x80, 0x60, 0xF8, 0x18, 0x18, 0x30, 0x60, 0xF8, 0x60, 0xF8,
  0x18, 0x70, 0x18, 0x18, 0xF8, 0x60, 0x30, 0x60, 0xC0, 0x80, 0xE3, 0x80, 0xE3, 0x80, 0xE3, 0x80,
  0xE3, 0x80, 0xE3, 0x80, 0xE3, 0x80, 0xE3, 0x80, 0xFF, 0xC0, 0xFD, 0xC0, 0xE0, 0x00, 0xE0, 0x00,
  0xE0, 0x00, 0xE0, 0x00, 0x7E, 0xFA, 0xFA, 0xFA, 0xFA, 0x7A, 0x1A, 0x1A, 0x1A, 0x1A, 0x1A, 0x1A,
  0x1A, 0x1A, 0xC0, 0xC0, 0xC0, 0xC0, 0x20, 0x20, 0xE0, 0xE0, 0x20, 0x20, 0x20, 0x20, 0xF8, 0x30,
  0x7C, 0xCE, 0xC6, 0xC6, 0xEC, 0x7C, 0x00, 0xFC, 0xFC, 0x80, 0xCC, 0x6E, 0x33, 0x33, 0x6E, 0xCC,
  0x80, 0x00, 0x30, 0xE0, 0x60, 0x20, 0x40, 0x20, 0xC0, 0x20, 0x80, 0x21, 0x80, 0xF9, 0x00, 0x03,
  0x18, 0x02, 0x38, 0x06, 0x58, 0x0C, 0x58, 0x0C, 0xFC, 0x18, 0x18, 0x00, 0x30, 0xE0, 0x60, 0x20,
  0x40, 0x20, 0xC0, 0x20, 0x80, 0x21, 0x80, 0xF9, 0x30, 0x03, 0x7C, 0x02, 0x0C, 0x06, 0x0C, 0x0C,
  0x18, 0x0C, 0x30, 0x18, 0x7C, 0x60, 0x30, 0xF8, 0x60, 0x18, 0x40, 0x70, 0xC0, 0x18, 0x80, 0x19,
  0x80, 0xF9, 0x00, 0x63, 0x18, 0x02, 0x38, 0x06, 0x58, 0x0C, 0x58, 0x0C, 0xFC, 0x18, 0x18, 0x18,
  0x18, 0x18, 0x00, 0x18, 0x38, 0x70, 0xE0, 0xE0, 0xE2, 0xFE, 0x7E, 0x0C, 0x00, 0x06, 0x00, 0x02,
  0x00, 0x00, 0x00, 0x0F, 0x00, 0x0F, 0x00, 0x1F, 0x80, 0x1F, 0x80, 0x19, 0x80, 0x39, 0xC0, 0x39,
  0xC0, 0x3F, 0xC0, 0x7F, 0xE0, 0x7F, 0xE0, 0x60, 0xE0, 0xE0, 0x70, 0x03, 0x80, 0x03, 0x00, 0x06,
  0x00, 0x00, 0x00, 0x0F, 0x00, 0x0F, 0x00, 0x1F, 0x80, 0x1F, 0x80, 0x19, 0x80, 0x39, 0xC0, 0x39,
  0xC0, 0x3F, 0xC0, 0x7F, 0xE0, 0x7F, 0xE0, 0x60, 0xE0, 0xE0, 0x70, 0x06, 0x00, 0x0D, 0x00, 0x18,
  0x80, 0x00, 0x00, 0x0F, 0x00, 0x0F, 0x00, 0x1F, 0x80, 0x1F, 0x80, 0x19, 0x80, 0x39, 0xC0, 0x39,
  0xC0, 0x3F, 0xC0, 0x7F, 0xE0, 0x7F, 0xE0, 0x60, 0xE0, 0xE0, 0x70, 0x0C, 0x80, 0x0F, 0x80, 0x09,
  0x00, 0x00, 0x00, 0x0F, 0x00, 0x0F, 0x00, 0x1F, 0x80, 0x1F, 0x80, 0x19, 0x80, 0x39, 0xC0, 0x39,
  0xC0, 0x3F, 0xC0, 0x7F, 0xE0, 0x7F, 0xE0, 0x60, 0xE0, 0xE0, 0x70, 0x0D, 0x80, 0x0D, 0x80, 0x00,
  0x00, 0x00, 0x00, 0x0F, 0x00, 0x0F, 0x00, 0x1F, 0x80, 0x1F, 0x80, 0x19, 0x80, 0x39, 0xC0, 0x39,
  0xC0, 0x3F, 0xC0, 0x7F, 0xE0, 0x7F, 0xE0, 0x60, 0xE0, 0xE0, 0x70, 0x06, 0x00, 0x0F, 0x00, 0x09,
  0x00, 0x0B, 0x00, 0x0F, 0x00, 0x0F, 0x00, 0x1F, 0x80, 0x1F, 0x80, 0x19, 0x80, 0x39, 0xC0, 0x39,
  0xC0, 0x3F, 0xC0, 0x7F, 0xE0, 0x7F, 0xE0, 0x60, 0xE0, 0xE0, 0x70, 0x0F, 0xFE, 0x0F, 0xFE, 0x0C,
  0xC0, 0x1C, 0xC0, 0x1C, 0xFE, 0x38, 0xFE, 0x38, 0xFE, 0x3F, 0xC0, 0x7F, 0xC0, 0x70, 0xC0, 0x60,
  0xFE, 0xE0, 0xFE, 0x0E, 0x00, 0x3F, 0x80, 0x7F, 0x80, 0xF0, 0x00, 0xE0, 0x00, 0xE0, 0x00, 0xE0,
  0x00, 0xE0, 0x00, 0xE0, 0x00, 0xE0, 0x00, 0x70, 0x80, 0x7F, 0x80, 0x1F, 0x80, 0x02, 0x00, 0x02,
  0x00, 0x0E, 0x00, 0x30, 0x18, 0x08, 0x00, 0xFF, 0xFF, 0xE0, 0xE0, 0xFF, 0xFF, 0xFF, 0xE0, 0xE0,
  0xE0, 0xFF, 0xFF, 0x0E, 0x0C, 0x18, 0x00, 0xFF, 0xFF, 0xE0, 0xE0, 0xFF, 0xFF, 0xFF, 0xE0, 0xE0,
  0xE0, 0xFF, 0xFF, 0x18, 0x34, 0x62, 0x00, 0xFF, 0xFF, 0xE0, 0xE0, 0xFF, 0xFF, 0xFF, 0xE0, 0xE0,
  0xE0, 0xFF, 0xFF, 0x36, 0x36, 0x00, 0x00, 0xFF, 0xFF, 0xE0, 0xE0, 0xFF, 0xFF, 0xFF, 0xE0, 0xE0,
  0xE0, 0xFF, 0xFF, 0xC0, 0x60, 0x20, 0x00, 0x70, 0x70, 0x70, 0x70, 0x70, 0x70, 0x70, 0x70, 0x70,
  0x70, 0x70, 0x70, 0x70, 0x60, 0xC0, 0x00, 0xE0, 0xE0, 0xE0, 0xE0, 0xE0, 0xE0, 0xE0, 0xE0, 0xE0,
  0xE0, 0xE0, 0xE0, 0x30, 0x68, 0xC4, 0x00, 0x70, 0x70, 0x70, 0x70, 0x70, 0x70, 0x70, 0x70, 0x70,
  0x70, 0x70, 0x70, 0xD8, 0xD8, 0x00, 0x00, 0xE0, 0xE0, 0xE0, 0xE0, 0xE0, 0xE0, 0xE0, 0xE0, 0xE0,
  0xE0, 0xE0, 0xE0, 0x3F, 0x80, 0x3F, 0xE0, 0x30, 0xE0, 0x30, 0x70, 0x30, 0x70, 0xFC, 0x70, 0xFC,
  0x70, 0x30, 0x70, 0x30, 0xF0, 0x33, 0xE0, 0x3F, 0xC0, 0x3F, 0x80, 0x19, 0x00, 0x1F, 0x00, 0x12,
  0x00, 0x00, 0x00, 0xF0, 0xC0, 0xF8, 0xC0, 0xF8, 0xC0, 0xF8, 0xC0, 0xEC, 0xC0, 0xEC, 0xC0, 0xE6,
  0xC0, 0xE6, 0xC0, 0xE3, 0xC0, 0xE3, 0xC0, 0xE3, 0xC0, 0xE1, 0xC0, 0x18, 0x00, 0x0C, 0x00, 0x04,
  0x00, 0x0E, 0x00, 0x3F, 0x80, 0x7F, 0xC0, 0xF1, 0xE0, 0xE0, 0xE0, 0xE0, 0xE0, 0xE0, 0xE0, 0xE0,
  0xE0, 0xE0, 0xE0, 0xE0, 0xE0, 0x71, 0xC0, 0x7F, 0xC0, 0x3F, 0x80, 0x07, 0x00, 0x06, 0x00, 0x0C,
  0x00, 0x0E, 0x00, 0x3F, 0x80, 0x7F, 0xC0, 0xF1, 0xE0, 0xE0, 0xE0, 0xE0, 0xE0, 0xE0, 0xE0, 0xE0,
  0xE0, 0xE0, 0xE0, 0xE0, 0xE0, 0x71, 0xC0, 0x7F, 0xC0, 0x3F, 0x80, 0x0C, 0x00, 0x1A, 0x00, 0x31,
  0x00, 0x0E, 0x00, 0x3F, 0x80, 0x7F, 0xC0, 0xF1, 0xE0, 0xE0, 0xE0, 0xE0, 0xE0, 0xE0, 0xE0, 0xE0,
  0xE0, 0xE0, 0xE0, 0xE0, 0xE0, 0x71, 0xC0, 0x7F, 0xC0, 0x3F, 0x80, 0x19, 0x00, 0x1F, 0x00, 0x12,
  0x00, 0x0E, 0x00, 0x3F, 0x80, 0x7F, 0xC0, 0xF1, 0xE0, 0xE0, 0xE0, 0xE0, 0xE0, 0xE0, 0xE0, 0xE0,
  0xE0, 0xE0, 0xE0, 0xE0, 0xE0, 0x71, 0xC0, 0x7F, 0xC0, 0x3F, 0x80, 0x1B, 0x00, 0x1B, 0x00, 0x00,
  0x00, 0x0E, 0x00, 0x3F, 0x80, 0x7F, 0xC0, 0xF1, 0xE0, 0xE0, 0xE0, 0xE0, 0xE0, 0xE0, 0xE0, 0xE0,
  0xE0, 0xE0, 0xE0, 0xE0, 0xE0, 0x71, 0xC0, 0x7F, 0xC0, 0x3F, 0x80, 0xC1, 0x00, 0xE3, 0x80, 0x77,
  0x00, 0x3E, 0x00, 0x1C, 0x00, 0x3C, 0x00, 0x36, 0x00, 0x63, 0x00, 0xC1, 0x80, 0x07, 0x10, 0x1F,
  0xF0, 0x3F, 0xE0, 0x78, 0xF0, 0x70, 0xF0, 0x71, 0x70, 0x73, 0x70, 0x76, 0x70, 0x7C, 0x70, 0x78,
  0x70, 0x38, 0xE0, 0x7F, 0xE0, 0xCF, 0xC0, 0x18, 0x00, 0x0C, 0x00, 0x04, 0x00, 0x00, 0x00, 0xE1,
  0xC0, 0xE1, 0xC0, 0xE1, 0xC0, 0xE1, 0xC0, 0xE1, 0xC0, 0xE1, 0xC0, 0xE1, 0xC0, 0xE1, 0xC0, 0x61,
  0xC0, 0x73, 0xC0, 0x7F, 0x80, 0x3F, 0x00, 0x07, 0x00, 0x06, 0x00, 0x0C, 0x00, 0x00, 0x00, 0xE1,
  0xC0, 0xE1, 0xC0, 0xE1, 0xC0, 0xE1, 0xC0, 0xE1, 0xC0, 0xE1, 0xC0, 0xE1, 0xC0, 0xE1, 0xC0, 0x61,
  0xC0, 0x73, 0xC0, 0x7F, 0x80, 0x3F, 0x00, 0x0C, 0x00, 0x1A, 0x00, 0x31, 0x00, 0x00, 0x00, 0xE1,
  0xC0, 0xE1, 0xC0, 0xE1, 0xC0, 0xE1, 0xC0, 0xE1, 0xC0, 0xE1, 0xC0, 0xE1, 0xC0, 0xE1, 0xC0, 0x61,
  0xC0, 0x73, 0xC0, 0x7F, 0x80, 0x3F, 0x00, 0x1B, 0x00, 0x1B, 0x00, 0x00, 0x00, 0x00, 0x00, 0xE1,
  0xC0, 0xE1, 0xC0, 0xE1, 0xC0, 0xE1, 0xC0, 0xE1, 0xC0, 0xE1, 0xC0, 0xE1, 0xC0, 0xE1, 0xC0, 0x61,
  0xC0, 0x73, 0xC0, 0x7F, 0x80, 0x3F, 0x00, 0x07, 0x00, 0x06, 0x00, 0x0C, 0x00, 0x00, 0x00, 0xF0,
  0xE0, 0x71, 0xC0, 0x3B, 0xC0, 0x3B, 0x80, 0x1F, 0x00, 0x1F, 0x00, 0x0E, 0x00, 0x0E, 0x00, 0x0E,
  0x00, 0x0E, 0x00, 0x0E, 0x00, 0x0E, 0x00, 0xE0, 0x00, 0xE0, 0x00, 0xFF, 0x00, 0xFF, 0x80, 0xE3,
  0x80, 0xE1, 0xC0, 0xE1, 0xC0, 0xE7, 0x80, 0xFF, 0x80, 0xFE, 0x00, 0xE0, 0x00, 0xE0, 0x00, 0x3E,
  0x00, 0x7F, 0x00, 0xE3, 0x00, 0xE3, 0x00, 0xEE, 0x00, 0xEC, 0x00, 0xEE, 0x00, 0xEF, 0x00, 0xE7,
  0x80, 0xE3, 0x80, 0xE1, 0x80, 0xEF, 0x80, 0xEF, 0x00, 0x60, 0x30, 0x10, 0x18, 0x10, 0xFE, 0xEF,
  0x07, 0x7F, 0xFF, 0xC7, 0xC7, 0xFF, 0x7F, 0x06, 0x0C, 0x18, 0x10, 0x10, 0xFE, 0xEF, 0x07, 0x7F,
  0xFF, 0xC7, 0xC7, 0xFF, 0x7F, 0x18, 0x38, 0x2C, 0x46, 0x10, 0xFE, 0xEF, 0x07, 0x7F, 0xFF, 0xC7,
  0xC7, 0xFF, 0x7F, 0x34, 0x4C, 0x00, 0x10, 0xFE, 0xEF, 0x07, 0x7F, 0xFF, 0xC7, 0xC7, 0xFF, 0x7F,
  0x6C, 0x6C, 0x00, 0x10, 0xFE, 0xEF, 0x07, 0x7F, 0xFF, 0xC7, 0xC7, 0xFF, 0x7F, 0x38, 0x24, 0x24,
  0x3C, 0x18, 0x10, 0xFE, 0xEF, 0x07, 0x7F, 0xFF, 0xC7, 0xC7, 0xFF, 0x7F, 0x10, 0x00, 0xFF, 0xF8,
  0xEF, 0xBC, 0x07, 0x1C, 0x7F, 0xFC, 0xFF, 0xFC, 0xC7, 0x00, 0xC7, 0x04, 0xFF, 0xFC, 0x79, 0xFC,
  0x08, 0x7E, 0xFE, 0xE0, 0xE0, 0xC0, 0xE0, 0xE0, 0x7E, 0x3E, 0x08, 0x08, 0x38, 0x30, 0x00, 0x18,
  0x00, 0x08, 0x00, 0x0C, 0x00, 0x08, 0x00, 0x7E, 0x00, 0xF7, 0x00, 0xE3, 0x00, 0xFF, 0x80, 0xFF,
  0x80, 0xC0, 0x00, 0xE0, 0x00, 0x7F, 0x00, 0x3F, 0x00, 0x03, 0x00, 0x06, 0x00, 0x0C, 0x00, 0x08,
  0x00, 0x08, 0x00, 0x7E, 0x00, 0xF7, 0x00, 0xE3, 0x00, 0xFF, 0x80, 0xFF, 0x80, 0xC0, 0x00, 0xE0,
  0x00, 0x7F, 0x00, 0x3F, 0x00, 0x0C, 0x00, 0x1C, 0x00, 0x16, 0x00, 0x23, 0x00, 0x08, 0x00, 0x7E,
  0x00, 0xF7, 0x00, 0xE3, 0x00, 0xFF, 0x80, 0xFF, 0x80, 0xC0, 0x00, 0xE0, 0x00, 0x7F, 0x00, 0x3F,
  0x00, 0x36, 0x00, 0x36, 0x00, 0x00, 0x00, 0x08, 0x00, 0x7E, 0x00, 0xF7, 0x00, 0xE3, 0x00, 0xFF,
  0x80, 0xFF, 0x80, 0xC0, 0x00, 0xE0, 0x00, 0x7F, 0x00, 0x3F, 0x00, 0xC0, 0x60, 0x20, 0x30, 0x00,
  0x70, 0x70, 0x70, 0x70, 0x70, 0x70, 0x70, 0x70, 0x70, 0x18, 0x30, 0x60, 0x40, 0x00, 0xE0, 0xE0,
  0xE0, 0xE0, 0xE0, 0xE0, 0xE0, 0xE0, 0xE0, 0x30, 0x70, 0x58, 0x8C, 0x00, 0x70, 0x70, 0x70, 0x70,
  0x70, 0x70, 0x70, 0x70, 0x70, 0xD8, 0xD8, 0x00, 0x00, 0x70, 0x70, 0x70, 0x70, 0x70, 0x70, 0x70,
  0x70, 0x70, 0x31, 0x00, 0x1E, 0x00, 0x7C, 0x00, 0x0E, 0x00, 0x3F, 0x00, 0x7F, 0x00, 0xF7, 0x80,
  0xE3, 0x80, 0xC3, 0x80, 0xE3, 0x80, 0xE3, 0x80, 0x7F, 0x00, 0x3E, 0x00, 0x1A, 0x00, 0x26, 0x00,
  0x00, 0x00, 0x04, 0x00, 0xFF, 0x00, 0xFF, 0x00, 0xE3, 0x80, 0xE3, 0x80, 0xE3, 0x80, 0xE3, 0x80,
  0xE3, 0x80, 0xE3, 0x80, 0xE3, 0x80, 0x30, 0x00, 0x18, 0x00, 0x08, 0x00, 0x0C, 0x00, 0x08, 0x00,
  0x7E, 0x00, 0xFF, 0x00, 0xE3, 0x80, 0xC3, 0x80, 0xC3, 0x80, 0xE3, 0x80, 0xE3, 0x80, 0x7F, 0x00,
  0x3E, 0x00, 0x03, 0x00, 0x06, 0x00, 0x0C, 0x00, 0x08, 0x00, 0x08, 0x00, 0x7E, 0x00, 0xFF, 0x00,
  0xE3, 0x80, 0xC3, 0x80, 0xC3, 0x80, 0xE3, 0x80, 0xE3, 0x80, 0x7F, 0x00, 0x3E, 0x00, 0x18, 0x00,
  0x38, 0x00, 0x2C, 0x00, 0x46, 0x00, 0x08, 0x00, 0x7E, 0x00, 0xFF, 0x00, 0xE3, 0x80, 0xC3, 0x80,
  0xC3, 0x80, 0xE3, 0x80, 0xE3, 0x80, 0x7F, 0x00, 0x3E, 0x00, 0x34, 0x00, 0x4C, 0x00, 0x00, 0x00,
  0x08, 0x00, 0x7E, 0x00, 0xFF, 0x00, 0xE3, 0x80, 0xC3, 0x80, 0xC3, 0x80, 0xE3, 0x80, 0xE3, 0x80,
  0x7F, 0x00, 0x3E, 0x00, 0x6C, 0x00, 0x6C, 0x00, 0x00, 0x00, 0x08, 0x00, 0x7E, 0x00, 0xFF, 0x00,
  0xE3, 0x80, 0xC3, 0x80, 0xC3, 0x80, 0xE3, 0x80, 0xE3, 0x80, 0x7F, 0x00, 0x3E, 0x00, 0x1C, 0x00,
  0x1C, 0x00, 0x1C, 0x00, 0x00, 0x00, 0xFF, 0x80, 0xFF, 0x80, 0x00, 0x00, 0x1C, 0x00, 0x1C, 0x00,
  0x08, 0x80, 0x7F, 0x00, 0xFF, 0x00, 0xE7, 0x80, 0xCF, 0x80, 0xDB, 0x80, 0xF3, 0x80, 0xE3, 0x80,
  0x7F, 0x00, 0xFE, 0x00, 0x80, 0x00, 0x30, 0x00, 0x18, 0x00, 0x08, 0x00, 0x0C, 0x00, 0x00, 0x00,
  0xE3, 0x80, 0xE3, 0x80, 0xE3, 0x80, 0xE3, 0x80, 0xE3, 0x80, 0xE3, 0x80, 0xE7, 0x80, 0x7F, 0x80,
  0x7B, 0x80, 0x03, 0x00, 0x06, 0x00, 0x0C, 0x00, 0x08, 0x00, 0x00, 0x00, 0xE3, 0x80, 0xE3, 0x80,
  0xE3, 0x80, 0xE3, 0x80, 0xE3, 0x80, 0xE3, 0x80, 0xE7, 0x80, 0x7F, 0x80, 0x7B, 0x80, 0x0C, 0x00,
  0x1C, 0x00, 0x16, 0x00, 0x23, 0x00, 0x00, 0x00, 0xE3, 0x80, 0xE3, 0x80, 0xE3, 0x80, 0xE3, 0x80,
  0xE3, 0x80, 0xE3, 0x80, 0xE7, 0x80, 0x7F, 0x80, 0x7B, 0x80, 0x36, 0x00, 0x36, 0x00, 0x00, 0x00,
  0x00, 0x00, 0xE3, 0x80, 0xE3, 0x80, 0xE3, 0x80, 0xE3, 0x80, 0xE3, 0x80, 0xE3, 0x80, 0xE7, 0x80,
  0x7F, 0x80, 0x7B, 0x80, 0x03, 0x00, 0x06, 0x00, 0x0C, 0x00, 0x08, 0x00, 0x00, 0x00, 0xE1, 0x80,
  0x63, 0x80, 0x73, 0x80, 0x33, 0x00, 0x3B, 0x00, 0x3F, 0x00, 0x1E, 0x00, 0x1E, 0x00, 0x0E, 0x00,
  0x0C, 0x00, 0x1C, 0x00, 0x38, 0x00, 0x30, 0x00, 0xE0, 0x00, 0xE0, 0x00, 0xE0, 0x00, 0xE4, 0x00,
  0xFF, 0x00, 0xFF, 0x80, 0xE3, 0x80, 0xE3, 0x80, 0xE3, 0x80, 0xE3, 0x80, 0xF3, 0x80, 0xFF, 0x80,
  0xEF, 0x00, 0xE0, 0x00, 0xE0, 0x00, 0xE0, 0x00, 0xE0, 0x00, 0x36, 0x00, 0x36, 0x00, 0x00, 0x00,
  0x00, 0x00, 0xE1, 0x80, 0x63, 0x80, 0x73, 0x80, 0x33, 0x00, 0x3B, 0x00, 0x3F, 0x00, 0x1E, 0x00,
  0x1E, 0x00, 0x0E, 0x00, 0x0C, 0x00, 0x1C, 0x00, 0x38, 0x00, 0x30, 0x00, 0xFC, 0xFC, 0xFF, 0xF8,
  0xFF, 0xF8, 0x60, 0xC0, 0xC0, 0xC0, 0xC0, 0x60, 0x60, 0x60, 0xC0, 0xC0, 0x64, 0xCC, 0xDC, 0xDC,
  0xDC, 0xEC, 0xEC, 0xCC, 0xCC, 0x98, 0x78, 0xF8, 0xFC, 0xF8, 0x78, 0x30, 0xE7, 0x38, 0xE7, 0x38,
  0xE7, 0x38, 0x07, 0x00, 0x1F, 0xC0, 0x3F, 0xC0, 0x38, 0x40, 0x70, 0x00, 0xFF, 0x00, 0x70, 0x00,
  0xFE, 0x00, 0xFE, 0x00, 0x70, 0x00, 0x38, 0x40, 0x1F, 0xC0, 0x0F, 0x80, 0x00, 0x80, 0x01, 0xC0,
  0x00, 0xE0, 0xFF, 0xE0, 0xFF, 0xE0, 0x00, 0xC0, 0x01, 0x80,
};
// DejaVuSans-Bold.ttf @ 14px: 201 glyphs, 2655 bitmap bytes
const Glyph sans_bold_14_glyphs[] = {
  {0x0020, 0, 0, 0, 13, 5, 0, 0},
  {0x0021, 2, 10, 2, 3, 6, 0, 0},
  {0x0022, 5, 4, 1, 3, 7, 0, 10},
  {0x0023, 10, 10, 1, 3, 12, 0, 14},
  {0x0024, 7, 13, 2, 2, 10, 0, 34},
  {0x0025, 13, 10, 1, 3, 14, 0, 47},
  {0x0026, 11, 10, 1, 3, 13, 0, 67},
  {0x0027, 2, 4, 1, 3, 4, 0, 87},
  {0x0028, 4, 12, 1, 2, 6, 0, 91},
  {0x0029, 4, 12, 1, 2, 6, 0, 103},
  {0x002A, 7, 7, 0, 3, 7, 0, 115},
  {0x002B, 8, 8, 2, 5, 12, 0, 122},
  {0x002C, 3, 5, 0, 10, 5, 0, 130},
  {0x002D, 4, 2, 1, 8, 6, 0, 135},
  {0x002E, 2, 3, 1, 10, 5, 0, 137},
  {0x002F, 5, 12, 0, 3, 5, 0, 140},
  {0x0030, 8, 10, 1, 3, 10, 0, 152},
  {0x0031, 6, 10, 2, 3, 10, 0, 162},
  {0x0032, 7, 10, 1, 3, 10, 0, 172},
  {0x0033, 8, 10, 1, 3, 10, 0, 182},
  {0x0034, 8, 10, 1, 3, 10, 0, 192},
  {0x0035, 8, 10, 1, 3, 10, 0, 202},
  {0x0036, 8, 10, 1, 3, 10, 0, 212},
  {0x0037, 8, 10, 1, 3, 10, 0, 222},
  {0x0038, 8, 10, 1, 3, 10, 0, 232},
  {0x0039, 8, 10, 1, 3, 10, 0, 242},
  {0x003A, 2, 8, 1, 5, 6, 0, 252},
  {0x003B, 3, 10, 0, 5, 6, 0, 260},
  {0x003C, 9, 8, 1, 5, 12, 0, 270},
  {0x003D, 9, 6, 1, 5, 12, 0, 286},
  {0x003E, 9, 8, 1, 5, 12, 0, 298},
  {0x003F, 6, 10, 1, 3, 8, 0, 314},
  {0x0040, 12, 12, 1, 3, 14, 0, 324},
  {0x0041, 11, 10, 0, 3, 11, 0, 348},
  {0x0042, 8, 10, 1, 3, 10, 0, 368},
  {0x0043, 9, 10, 1, 3, 11, 0, 378},
  {0x0044, 9, 10, 1, 3, 11, 0, 398},
  {0x0045, 7, 10, 1, 3, 9, 0, 418},
  {0x0046, 7, 10, 1, 3, 9, 0, 428},
  {0x0047, 10, 10, 1, 3, 12, 0, 438},
  {0x0048, 9, 10, 1, 3, 11, 0, 458},
  {0x0049, 2, 10, 1, 3, 4, 0, 478},
  {0x004A, 4, 13, -1, 3, 4, 0, 488},
  {0x004B, 9, 10, 1, 3, 11, 0, 501},
  {0x004C, 7, 10, 1, 3, 9, 0, 521},
  {0x004D, 11, 10, 1, 3, 13, 0, 531},
  {0x004E, 9, 10, 1, 3, 11, 0, 551},
  {0x004F, 10, 10, 1, 3, 12, 0, 571},
  {0x0050, 8, 10, 1, 3, 10, 0, 591},
  {0x0051, 10, 12, 1, 3, 12, 0, 601},
  {0x0052, 9, 10, 1, 3, 10, 0, 625},
  {0x0053, 8, 10, 1, 3, 10, 0, 645},
  {0x0054, 8, 10, 1, 3, 10, 0, 655},
  {0x0055, 9, 10, 1, 3, 11, 0, 665},
  {0x0056, 11, 10, 0, 3, 11, 0, 685},
  {0x0057, 13, 10, 1, 3, 15, 0, 705},
  {0x0058, 10, 10, 0, 3, 10, 0, 725},
  {0x0059, 10, 10, 0, 3, 10, 0, 745},
  {0x005A, 9, 10, 1, 3, 11, 0, 765},
  {0x005B, 4, 12, 1, 2, 6, 0, 785},
  {0x005C, 5, 12, 0, 3, 5, 0, 797},
  {0x005D, 4, 12, 1, 2, 6, 0, 809},
  {0x005E, 9, 4, 1, 3, 12, 0, 821},
  {0x005F, 7, 1, 0, 15, 7, 0, 829},
  {0x0060, 4, 3, 1, 1, 7, 0, 830},
  {0x0061, 7, 8, 1, 5, 9, 0, 833},
  {0x0062, 8, 11, 1, 2, 10, 0, 841},
  {0x0063, 7, 8, 1, 5, 9, 0, 852},
  {0x0064, 8, 11, 1, 2, 10, 0, 860},
  {0x0065, 8, 8, 1, 5, 10, 0, 871},
  {0x0066, 5, 11, 1, 2, 6, 0, 879},
  {0x0067, 8, 11, 1, 5, 10, 0, 890},
  {0x0068, 8, 11, 1, 2, 10, 0, 901},
  {0x0069, 2, 11, 1, 2, 4, 0, 912},
  {0x006A, 4, 14, -1, 2, 4, 0, 923},
  {0x006B, 8, 11, 1, 2, 9, 0, 937},
  {0x006C, 2, 11, 1, 2, 4, 0, 948},
  {0x006D, 12, 8, 1, 5, 14, 0, 959},
  {0x006E, 8, 8, 1, 5, 10, 0, 975},
  {0x006F, 8, 8, 1, 5, 10, 0, 983},
  {0x0070, 8, 11, 1, 5, 10, 0, 991},
  {0x0071, 8, 11, 1, 5, 10, 0, 1002},
  {0x0072, 6, 8, 1, 5, 7, 0, 1013},
  {0x0073, 7, 8, 1, 5, 9, 0, 1021},
  {0x0074, 5, 10, 0, 3, 6, 0, 1029},
  {0x0075, 8, 8, 1, 5, 10, 0, 1039},
  {0x0076, 9, 8, 0, 5, 9, 0, 1047},
  {0x0077, 12, 8, 1, 5, 14, 0, 1063},
  {0x0078, 9, 8, 0, 5, 9, 0, 1079},
  {0x0079, 9, 11, 0, 5, 9, 0, 1095},
  {0x007A, 7, 8, 1, 5, 9, 0, 1117},
  {0x007B, 6, 13, 2, 2, 10, 0, 1125},
  {0x007C, 2, 14, 2, 2, 5, 0, 1138},
  {0x007D, 6, 13, 2, 2, 10, 0, 1152},
  {0x007E, 9, 3, 1, 6, 12, 0, 1165},
  {0x00A0, 0, 0, 0, 13, 5, 0, 1171},
  {0x00A1, 2, 10, 2, 5, 6, 0, 1171},
  {0x00A2, 6, 12, 1, 3, 10, 0, 1181},
  {0x00A3, 8, 10, 0, 3, 10, 0, 1193},
  {0x00A4, 8, 8, 1, 4, 9, 0, 1203},
  {0x00A5, 8, 10, 1, 3, 10, 0, 1211},
  {0x00A6, 2, 12, 2, 3, 5, 0, 1221},
  {0x00A7, 7, 11, 1, 3, 7, 0, 1233},
  {0x00A8, 5, 2, 1, 2, 7, 0, 1244},
  {0x00A9, 10, 10, 2, 3, 14, 0, 1246},
  {0x00AA, 6, 8, 1, 3, 8, 0, 1266},
  {0x00AB, 6, 6, 1, 6, 9, 0, 1274},
  {0x00AC, 9, 4, 1, 7, 12, 0, 1280},
  {0x00AD, 4, 2, 1, 8, 6, 0, 1288},
  {0x00AE, 10, 10, 2, 3, 14, 0, 1290},
  {0x00AF, 4, 1, 2, 3, 7, 0, 1310},
  {0x00B0, 5, 5, 1, 3, 7, 0, 1311},
  {0x00B1, 10, 8, 1, 5, 12, 0, 1316},
  {0x00B2, 5, 6, 1, 3, 6, 0, 1332},
  {0x00B3, 5, 6, 1, 3, 6, 0, 1338},
  {0x00B4, 4, 3, 3, 1, 7, 0, 1344},
  {0x00B5, 9, 11, 1, 5, 10, 0, 1347},
  {0x00B6, 6, 11, 1, 3, 9, 0, 1369},
  {0x00B7, 2, 3, 1, 7, 5, 0, 1380},
  {0x00B8, 3, 3, 2, 13, 7, 0, 1383},
  {0x00B9, 5, 6, 0, 3, 6, 0, 1386},
  {0x00BA, 6, 8, 1, 3, 8, 0, 1392},
  {0x00BB, 6, 6, 1, 6, 9, 0, 1400},
  {0x00BC, 14, 10, 0, 3, 15, 0, 1406},
  {0x00BD, 14, 11, 0, 3, 15, 0, 1426},
  {0x00BE, 13, 10, 1, 3, 15, 0, 1448},
  {0x00BF, 6, 11, 1, 5, 8, 0, 1468},
  {0x00C0, 11, 14, 0, -1, 11, 0, 1479},
  {0x00C1, 11, 14, 0, -1, 11, 0, 1507},
  {0x00C2, 11, 14, 0, -1, 11, 0, 1535},
  {0x00C3, 11, 14, 0, -1, 11, 0, 1563},
  {0x00C4, 11, 14, 0, -1, 11, 0, 1591},
  {0x00C5, 11, 13, 0, 0, 11, 0, 1619},
  {0x00C6, 14, 10, 0, 3, 15, 0, 1645},
  {0x00C7, 9, 13, 1, 3, 11, 0, 1665},
  {0x00C8, 7, 14, 1, -1, 9, 0, 1691},
  {0x00C9, 7, 14, 1, -1, 9, 0, 1705},
  {0x00CA, 7, 14, 1, -1, 9, 0, 1719},
  {0x00CB, 7, 14, 1, -1, 9, 0, 1733},
  {0x00CC, 3, 14, 0, -1, 4, 0, 1747},
  {0x00CD, 3, 14, 1, -1, 4, 0, 1761},
  {0x00CE, 4, 14, 0, -1, 4, 0, 1775},
  {0x00CF, 6, 14, -1, -1, 4, 0, 1789},
  {0x00D0, 10, 10, 0, 3, 11, 0, 1803},
  {0x00D1, 9, 14, 1, -1, 11, 0, 1823},
  {0x00D2, 10, 14, 1, -1, 12, 0, 1851},
  {0x00D3, 10, 14, 1, -1, 12, 0, 1879},
  {0x00D4, 10, 14, 1, -1, 12, 0, 1907},
  {0x00D5, 10, 14, 1, -1, 12, 0, 1935},
  {0x00D6, 10, 14, 1, -1, 12, 0, 1963},
  {0x00D7, 8, 8, 2, 4, 12, 0, 1991},
  {0x00D8, 10, 10, 1, 2, 12, 0, 1999},
  {0x00D9, 9, 14, 1, -1, 11, 0, 2019},
  {0x00DA, 9, 14, 1, -1, 11, 0, 2047},
  {0x00DB, 9, 14, 1, -1, 11, 0, 2075},
  {0x00DC, 9, 14, 1, -1, 11, 0, 2103},
  {0x00DD, 10, 14, 0, -1, 10, 0, 2131},
  {0x00DE, 8, 10, 1, 3, 10, 0, 2159},
  {0x00DF, 8, 11, 1, 2, 10, 0, 2169},
  {0x00E0, 7, 12, 1, 1, 9, 0, 2180},
  {0x00E1, 7, 12, 1, 1, 9, 0, 2192},
  {0x00E2, 7, 12, 1, 1, 9, 0, 2204},
  {0x00E3, 7, 12, 1, 1, 9, 0, 2216},
  {0x00E4, 7, 11, 1, 2, 9, 0, 2228},
  {0x00E5, 7, 13, 1, 0, 9, 0, 2239},
  {0x00E6, 14, 8, 1, 5, 16, 0, 2252},
  {0x00E7, 7, 11, 1, 5, 9, 0, 2268},
  {0x00E8, 8, 12, 1, 1, 10, 0, 2279},
  {0x00E9, 8, 12, 1, 1, 10, 0, 2291},
  {0x00EA, 8, 12, 1, 1, 10, 0, 2303},
  {0x00EB, 8, 11, 1, 2, 10, 0, 2315},
  {0x00EC, 4, 12, 0, 1, 4, 0, 2326},
  {0x00ED, 5, 12, 1, 1, 4, 0, 2338},
  {0x00EE, 4, 12, 0, 1, 4, 0, 2350},
  {0x00EF, 6, 11, -1, 2, 4, 0, 2362},
  {0x00F0, 8, 11, 1, 2, 10, 0, 2373},
  {0x00F1, 8, 12, 1, 1, 10, 0, 2384},
  {0x00F2, 8, 12, 1, 1, 10, 0, 2396},
  {0x00F3, 8, 12, 1, 1, 10, 0, 2408},
  {0x00F4, 8, 12, 1, 1, 10, 0, 2420},
  {0x00F5, 8, 12, 1, 1, 10, 0, 2432},
  {0x00F6, 8, 11, 1, 2, 10, 0, 2444},
  {0x00F7, 8, 8, 2, 5, 12, 0, 2455},
  {0x00F8, 8, 8, 1, 4, 10, 0, 2463},
  {0x00F9, 8, 12, 1, 1, 10, 0, 2471},
  {0x00FA, 8, 12, 1, 1, 10, 0, 2483},
  {0x00FB, 8, 12, 1, 1, 10, 0, 2495},
  {0x00FC, 8, 11, 1, 2, 10, 0, 2507},
  {0x00FD, 9, 15, 0, 1, 9, 0, 2518},
  {0x00FE, 8, 14, 1, 2, 10, 0, 2548},
  {0x00FF, 9, 14, 0, 2, 9, 0, 2562},
  {0x2013, 6, 2, 1, 8, 7, 0, 2590},
  {0x2014, 13, 2, 1, 8, 14, 0, 2592},
  {0x2018, 3, 4, 1, 3, 5, 0, 2596},
  {0x2019, 3, 4, 1, 3, 5, 0, 2600},
  {0x201C, 6, 4, 1, 3, 9, 0, 2604},
  {0x201D, 6, 4, 1, 3, 9, 0, 2608},
  {0x2022, 5, 5, 2, 5, 9, 0, 2612},
  {0x2026, 10, 3, 1, 10, 14, 0, 2617},
  {0x20AC, 9, 10, 0, 3, 10, 0, 2623},
  {0x2192, 10, 6, 1, 5, 12, 0, 2643},
};
const uint8_t sans_bold_14_bitmap[] = {
  0xC0, 0xC0, 0xC0, 0xC0, 0xC0, 0xC0, 0xC0, 0x00, 0xC0, 0xC0, 0xD8, 0xD8, 0xD8, 0xD8, 0x09, 0x80,
  0x19, 0x00, 0x19, 0x00, 0x7F, 0xC0, 0x13, 0x00, 0x32, 0x00, 0xFF, 0x80, 0x26, 0x00, 0x26, 0x00,
  0x64, 0x00, 0x10, 0x10, 0x78, 0xD4, 0xD0, 0xF0, 0x7C, 0x1E, 0x16, 0x96, 0x7C, 0x10, 0x10, 0x70,
  0x60, 0xD8, 0xC0, 0xD9, 0xC0, 0xDB, 0x80, 0xDB, 0x70, 0x76, 0xD8, 0x0E, 0xD8, 0x1C, 0xD8, 0x18,
  0xD8, 0x30, 0x70, 0x1E, 0x00, 0x31, 0x00, 0x30, 0x00, 0x38, 0x00, 0x6C, 0x60, 0xC6, 0x60, 0xC3,
  0x40, 0xC1, 0xC0, 0x63, 0xC0, 0x3E, 0x60, 0xC0, 0xC0, 0xC0, 0xC0, 0x70, 0x60, 0x60, 0xC0, 0xC0,
  0xC0, 0xC0, 0xC0, 0xC0, 0x60, 0x60, 0x70, 0xE0, 0x60, 0x60, 0x30, 0x30, 0x30, 0x30, 0x30, 0x30,
  0x60, 0x60, 0xE0, 0x10, 0x92, 0x7C, 0x38, 0x7C, 0x92, 0x10, 0x18, 0x18, 0x18, 0xFF, 0xFF, 0x18,
  0x18, 0x18, 0x60, 0x60, 0x60, 0x40, 0x80, 0xF0, 0xF0, 0xC0, 0xC0, 0xC0, 0x18, 0x18, 0x10, 0x30,
  0x30, 0x20, 0x20, 0x60, 0x60, 0x40, 0xC0, 0xC0, 0x3C, 0x66, 0xC3, 0xC3, 0xC3, 0xC3, 0xC3, 0xC3,
  0x66, 0x3C, 0x70, 0xB0, 0x30, 0x30, 0x30, 0x30, 0x30, 0x30, 0x30, 0xFC, 0x7C, 0x8E, 0x06, 0x06,
  0x0E, 0x1C, 0x38, 0x70, 0xE0, 0xFE, 0x7E, 0x83, 0x03, 0x03, 0x3E, 0x07, 0x03, 0x03, 0x87, 0x7C,
  0x0E, 0x16, 0x26, 0x66, 0xC6, 0x86, 0xFF, 0x06, 0x06, 0x06, 0xFE, 0xC0, 0xC0, 0xFC, 0x86, 0x03,
  0x03, 0x03, 0x86, 0x7C, 0x3C, 0x62, 0xC0, 0xFC, 0xE6, 0xC3, 0xC3, 0xC3, 0x66, 0x3C, 0xFF, 0x03,
  0x06, 0x06, 0x0E, 0x0C, 0x1C, 0x18, 0x38, 0x30, 0x7E, 0xC3, 0xC3, 0xC3, 0x3C, 0xE7, 0xC3, 0xC3,
  0xE7, 0x7E, 0x3C, 0x66, 0xC3, 0xC3, 0xC3, 0x67, 0x3F, 0x03, 0x46, 0x3C, 0xC0, 0xC0, 0xC0, 0x00,
  0x00, 0xC0, 0xC0, 0xC0, 0x60, 0x60, 0x60, 0x00, 0x00, 0x60, 0x60, 0x60, 0x40, 0x80, 0x00, 0x80,
  0x07, 0x80, 0x3E, 0x00, 0xF0, 0x00, 0xF0, 0x00, 0x3E, 0x00, 0x07, 0x80, 0x00, 0x80, 0xFF, 0x80,
  0xFF, 0x80, 0x00, 0x00, 0x00, 0x00, 0xFF, 0x80, 0xFF, 0x80, 0x80, 0x00, 0xF0, 0x00, 0x3E, 0x00,
  0x07, 0x80, 0x07, 0x80, 0x3E, 0x00, 0xF0, 0x00, 0x80, 0x00, 0x78, 0x8C, 0x0C, 0x1C, 0x38, 0x70,
  0x60, 0x00, 0x60, 0x60, 0x0F, 0x80, 0x30, 0x40, 0x40, 0x20, 0x4F, 0x90, 0x99, 0x90, 0x99, 0x90,
  0x99, 0x90, 0x99, 0xA0, 0x4F, 0xC0, 0x40, 0x00, 0x30, 0xC0, 0x0F, 0x80, 0x0E, 0x00, 0x0E, 0x00,
  0x1B, 0x00, 0x1B, 0x00, 0x31, 0x80, 0x31, 0x80, 0x3F, 0x80, 0x60, 0xC0, 0x60, 0xC0, 0xC0, 0x60,
  0xFE, 0xC3, 0xC3, 0xC3, 0xFE, 0xC3, 0xC3, 0xC3, 0xC3, 0xFE, 0x1F, 0x80, 0x70, 0x80, 0x60, 0x00,
  0xC0, 0x00, 0xC0, 0x00, 0xC0, 0x00, 0xC0, 0x00, 0x60, 0x00, 0x70, 0x80, 0x1F, 0x80, 0xFC, 0x00,
  0xC7, 0x00, 0xC3, 0x00, 0xC1, 0x80, 0xC1, 0x80, 0xC1, 0x80, 0xC1, 0x80, 0xC3, 0x00, 0xC7, 0x00,
  0xFC, 0x00, 0xFE, 0xC0, 0xC0, 0xC0, 0xFE, 0xC0, 0xC0, 0xC0, 0xC0, 0xFE, 0xFE, 0xC0, 0xC0, 0xC0,
  0xFE, 0xC0, 0xC0, 0xC0, 0xC0, 0xC0, 0x1F, 0x80, 0x70, 0x80, 0x60, 0x00, 0xC0, 0x00, 0xC3, 0xC0,
  0xC0, 0xC0, 0xC0, 0xC0, 0x60, 0xC0, 0x70, 0xC0, 0x1F, 0xC0, 0xC1, 0x80, 0xC1, 0x80, 0xC1, 0x80,
  0xC1, 0x80, 0xFF, 0x80, 0xC1, 0x80, 0xC1, 0x80, 0xC1, 0x80, 0xC1, 0x80, 0xC1, 0x80, 0xC0, 0xC0,
  0xC0, 0xC0, 0xC0, 0xC0, 0xC0, 0xC0, 0xC0, 0xC0, 0x30, 0x30, 0x30, 0x30, 0x30, 0x30, 0x30, 0x30,
  0x30, 0x30, 0x30, 0x30, 0xE0, 0xC3, 0x00, 0xC6, 0x00, 0xCC, 0x00, 0xD8, 0x00, 0xF0, 0x00, 0xD8,
  0x00, 0xCC, 0x00, 0xC6, 0x00, 0xC3, 0x00, 0xC1, 0x80, 0xC0, 0xC0, 0xC0, 0xC0, 0xC0, 0xC0, 0xC0,
  0xC0, 0xC0, 0xFE, 0xE0, 0xE0, 0xF1, 0xE0, 0xF1, 0xE0, 0xDB, 0x60, 0xDB, 0x60, 0xCE, 0x60, 0xCE,
  0x60, 0xC4, 0x60, 0xC0, 0x60, 0xC0, 0x60, 0xE1, 0x80, 0xE1, 0x80, 0xF1, 0x80, 0xD1, 0x80, 0xD9,
  0x80, 0xCD, 0x80, 0xCD, 0x80, 0xC7, 0x80, 0xC3, 0x80, 0xC3, 0x80, 0x1E, 0x00, 0x61, 0x80, 0x61,
  0x80, 0xC0, 0xC0, 0xC0, 0xC0, 0xC0, 0xC0, 0xC0, 0xC0, 0x61, 0x80, 0x61, 0x80, 0x1E, 0x00, 0xFC,
  0xC7, 0xC3, 0xC3, 0xC3, 0xC7, 0xFC, 0xC0, 0xC0, 0xC0, 0x1E, 0x00, 0x61, 0x80, 0x61, 0x80, 0xC0,
  0xC0, 0xC0, 0xC0, 0xC0, 0xC0, 0xC0, 0xC0, 0xE1, 0x80, 0x61, 0x80, 0x1E, 0x00, 0x03, 0x00, 0x01,
  0x80, 0xFE, 0x00, 0xC3, 0x00, 0xC3, 0x00, 0xC3, 0x00, 0xC7, 0x00, 0xFE, 0x00, 0xC6, 0x00, 0xC3,
  0x00, 0xC3, 0x00, 0xC1, 0x80, 0x7E, 0xC2, 0xC0, 0xF0, 0x7E, 0x1F, 0x03, 0x03, 0x83, 0xFE, 0xFF,
  0x18, 0x18, 0x18, 0x18, 0x18, 0x18, 0x18, 0x18, 0x18, 0xC1, 0x80, 0xC1, 0x80, 0xC1, 0x80, 0xC1,
  0x80, 0xC1, 0x80, 0xC1, 0x80, 0xC1, 0x80, 0xC1, 0x80, 0x63, 0x00, 0x3E, 0x00, 0xC0, 0x60, 0x60,
  0xC0, 0x60, 0xC0, 0x60, 0xC0, 0x31, 0x80, 0x31, 0x80, 0x1B, 0x00, 0x1B, 0x00, 0x1B, 0x00, 0x0E,
  0x00, 0xC7, 0x18, 0xC7, 0x18, 0xC7, 0x18, 0x65, 0x30, 0x6D, 0xB0, 0x6D, 0xB0, 0x68, 0xB0, 0x38,
  0xE0, 0x38, 0xE0, 0x38, 0xE0, 0xE1, 0xC0, 0x61, 0x80, 0x33, 0x00, 0x33, 0x00, 0x1E, 0x00, 0x1E,
  0x00, 0x33, 0x00, 0x33, 0x00, 0x61, 0x80, 0xE1, 0xC0, 0xE1, 0xC0, 0x61, 0x80, 0x33, 0x00, 0x33,
  0x00, 0x1E, 0x00, 0x0C, 0x00, 0x0C, 0x00, 0x0C, 0x00, 0x0C, 0x00, 0x0C, 0x00, 0xFF, 0x80, 0x01,
  0x80, 0x03, 0x00, 0x06, 0x00, 0x0C, 0x00, 0x18, 0x00, 0x30, 0x00, 0x60, 0x00, 0xC0, 0x00, 0xFF,
  0x80, 0xF0, 0xC0, 0xC0, 0xC0, 0xC0, 0xC0, 0xC0, 0xC0, 0xC0, 0xC0, 0xC0, 0xF0, 0xC0, 0xC0, 0x40,
  0x60, 0x60, 0x20, 0x20, 0x30, 0x30, 0x10, 0x18, 0x18, 0xF0, 0x30, 0x30, 0x30, 0x30, 0x30, 0x30,
  0x30, 0x30, 0x30, 0x30, 0xF0, 0x1C, 0x00, 0x3E, 0x00, 0x77, 0x00, 0xC1, 0x80, 0xFE, 0xC0, 0x60,
  0x30, 0x3C, 0x46, 0x06, 0x7E, 0xC6, 0xC6, 0xCE, 0x76, 0xC0, 0xC0, 0xC0, 0xDC, 0xE6, 0xC3, 0xC3,
  0xC3, 0xC3, 0xE6, 0xDC, 0x3C, 0x62, 0xC0, 0xC0, 0xC0, 0xC0, 0x62, 0x3C, 0x03, 0x03, 0x03, 0x3B,
  0x67, 0xC3, 0xC3, 0xC3, 0xC3, 0x67, 0x3B, 0x3C, 0x66, 0xC3, 0xFF, 0xC0, 0xC0, 0x61, 0x3E, 0x38,
  0x60, 0x60, 0xF8, 0x60, 0x60, 0x60, 0x60, 0x60, 0x60, 0x60, 0x3B, 0x67, 0xC3, 0xC3, 0xC3, 0xC3,
  0x67, 0x3B, 0x03, 0x46, 0x3C, 0xC0, 0xC0, 0xC0, 0xDE, 0xE3, 0xC3, 0xC3, 0xC3, 0xC3, 0xC3, 0xC3,
  0xC0, 0xC0, 0x00, 0xC0, 0xC0, 0xC0, 0xC0, 0xC0, 0xC0, 0xC0, 0xC0, 0x30, 0x30, 0x00, 0x30, 0x30,
  0x30, 0x30, 0x30, 0x30, 0x30, 0x30, 0x30, 0x30, 0xE0, 0xC0, 0xC0, 0xC0, 0xC6, 0xCC, 0xD8, 0xF0,
  0xD8, 0xCC, 0xC6, 0xC3, 0xC0, 0xC0, 0xC0, 0xC0, 0xC0, 0xC0, 0xC0, 0xC0, 0xC0, 0xC0, 0xC0, 0xDD,
  0xE0, 0xE7, 0x30, 0xC6, 0x30, 0xC6, 0x30, 0xC6, 0x30, 0xC6, 0x30, 0xC6, 0x30, 0xC6, 0x30, 0xDE,
  0xE3, 0xC3, 0xC3, 0xC3, 0xC3, 0xC3, 0xC3, 0x3C, 0x66, 0xC3, 0xC3, 0xC3, 0xC3, 0x66, 0x3C, 0xDC,
  0xE6, 0xC3, 0xC3, 0xC3, 0xC3, 0xE6, 0xDC, 0xC0, 0xC0, 0xC0, 0x3B, 0x67, 0xC3, 0xC3, 0xC3, 0xC3,
  0x67, 0x3B, 0x03, 0x03, 0x03, 0xDC, 0xE0, 0xC0, 0xC0, 0xC0, 0xC0, 0xC0, 0xC0, 0x7C, 0xC2, 0xC0,
  0xFC, 0x7E, 0x06, 0x86, 0x7C, 0x60, 0x60, 0xF8, 0x60, 0x60, 0x60, 0x60, 0x60, 0x60, 0x38, 0xC3,
  0xC3, 0xC3, 0xC3, 0xC3, 0xC3, 0xC7, 0x7B, 0xC1, 0x80, 0x63, 0x00, 0x63, 0x00, 0x63, 0x00, 0x36,
  0x00, 0x36, 0x00, 0x1C, 0x00, 0x1C, 0x00, 0xC6, 0x30, 0xC6, 0x30, 0x66, 0x60, 0x6F, 0x60, 0x6F,
  0x60, 0x29, 0x40, 0x39, 0xC0, 0x39, 0xC0, 0xE3, 0x80, 0x63, 0x00, 0x36, 0x00, 0x1C, 0x00, 0x1C,
  0x00, 0x36, 0x00, 0x63, 0x00, 0xE3, 0x80, 0xC1, 0x80, 0x63, 0x00, 0x63, 0x00, 0x63, 0x00, 0x36,
  0x00, 0x36, 0x00, 0x16, 0x00, 0x1C, 0x00, 0x0C, 0x00, 0x1C, 0x00, 0x78, 0x00, 0xFE, 0x06, 0x0C,
  0x18, 0x30, 0x60, 0xC0, 0xFE, 0x1C, 0x30, 0x30, 0x30, 0x30, 0x30, 0xE0, 0x30, 0x30, 0x30, 0x30,
  0x30, 0x1C, 0xC0, 0xC0, 0xC0, 0xC0, 0xC0, 0xC0, 0xC0, 0xC0, 0xC0, 0xC0, 0xC0, 0xC0, 0xC0, 0xC0,
  0xE0, 0x30, 0x30, 0x30, 0x30, 0x30, 0x1C, 0x30, 0x30, 0x30, 0x30, 0x30, 0xE0, 0x78, 0x80, 0xFF,
  0x80, 0x8F, 0x00, 0xC0, 0xC0, 0x00, 0xC0, 0xC0, 0xC0, 0xC0, 0xC0, 0xC0, 0xC0, 0x10, 0x10, 0x38,
  0x74, 0xD0, 0xD0, 0xD0, 0xD0, 0x74, 0x38, 0x10, 0x10, 0x1E, 0x31, 0x30, 0x30, 0x7E, 0x30, 0x30,
  0x30, 0x30, 0xFF, 0x83, 0x7E, 0x66, 0x42, 0x42, 0x66, 0x7E, 0x80, 0xE7, 0x66, 0x3C, 0xFF, 0x18,
  0xFF, 0x18, 0x18, 0x18, 0x18, 0xC0, 0xC0, 0xC0, 0xC0, 0xC0, 0x00, 0x00, 0xC0, 0xC0, 0xC0, 0xC0,
  0xC0, 0x3C, 0x64, 0x60, 0x38, 0xEE, 0xC6, 0xEE, 0x38, 0x0C, 0x4C, 0x78, 0xD8, 0xD8, 0x1E, 0x00,
  0x61, 0x80, 0x5E, 0x80, 0xB2, 0x40, 0xA0, 0x40, 0xA0, 0x40, 0xB0, 0x40, 0x5E, 0x80, 0x61, 0x80,
  0x1E, 0x00, 0xF8, 0x0C, 0x7C, 0xCC, 0xCC, 0x7C, 0x00, 0xFC, 0x24, 0x6C, 0xD8, 0xD8, 0x6C, 0x24,
  0xFF, 0x80, 0xFF, 0x80, 0x01, 0x80, 0x01, 0x80, 0xF0, 0xF0, 0x1E, 0x00, 0x61, 0x80, 0x5E, 0x80,
  0x92, 0x40, 0x9E, 0x40, 0x96, 0x40, 0x92, 0x40, 0x52, 0x80, 0x61, 0x80, 0x1E, 0x00, 0xF0, 0x70,
  0x88, 0x88, 0x88, 0x70, 0x0C, 0x00, 0x0C, 0x00, 0xFF, 0xC0, 0xFF, 0xC0, 0x0C, 0x00, 0x0C, 0x00,
  0xFF, 0xC0, 0xFF, 0xC0, 0xF0, 0x98, 0x18, 0x30, 0x60, 0xF8, 0xF8, 0x18, 0x70, 0x18, 0x98, 0xF0,
  0x30, 0x60, 0xC0, 0xC3, 0x00, 0xC3, 0x00, 0xC3, 0x00, 0xC3, 0x00, 0xC3, 0x00, 0xC3, 0x00, 0xC3,
  0x00, 0xFF, 0x80, 0xC0, 0x00, 0xC0, 0x00, 0xC0, 0x00, 0x7C, 0xF4, 0xF4, 0xF4, 0xF4, 0x74, 0x14,
  0x14, 0x14, 0x14, 0x14, 0xC0, 0xC0, 0xC0, 0x20, 0x20, 0xE0, 0xF0, 0x30, 0x30, 0x30, 0x30, 0x78,
  0x78, 0xCC, 0xCC, 0xCC, 0xCC, 0x78, 0x00, 0xFC, 0x90, 0xD8, 0x6C, 0x6C, 0xD8, 0x90, 0xF0, 0xE0,
  0x30, 0xC0, 0x31, 0xC0, 0x31, 0x80, 0x33, 0x00, 0x7B, 0x38, 0x06, 0x38, 0x0E, 0x58, 0x0C, 0xFC,
  0x1C, 0x18, 0xF0, 0xE0, 0x30, 0xC0, 0x31, 0xC0, 0x31, 0x80, 0x33, 0x00, 0x7B, 0x78, 0x06, 0x4C,
  0x0E, 0x0C, 0x0C, 0x18, 0x1C, 0x30, 0x00, 0x7C, 0xF9, 0xC0, 0x19, 0x80, 0x73, 0x80, 0x1B, 0x00,
  0x9E, 0x00, 0xF6, 0x70, 0x0C, 0x70, 0x1C, 0xB0, 0x19, 0xF8, 0x38, 0x30, 0x18, 0x18, 0x00, 0x18,
  0x18, 0x30, 0x60, 0xC0, 0xC0, 0xC4, 0x78, 0x18, 0x00, 0x0C, 0x00, 0x00, 0x00, 0x00, 0x00, 0x0E,
  0x00, 0x0E, 0x00, 0x1B, 0x00, 0x1B, 0x00, 0x31, 0x80, 0x31, 0x80, 0x3F, 0x80, 0x60, 0xC0, 0x60,
  0xC0, 0xC0, 0x60, 0x06, 0x00, 0x0C, 0x00, 0x00, 0x00, 0x00, 0x00, 0x0E, 0x00, 0x0E, 0x00, 0x1B,
  0x00, 0x1B, 0x00, 0x31, 0x80, 0x31, 0x80, 0x3F, 0x80, 0x60, 0xC0, 0x60, 0xC0, 0xC0, 0x60, 0x0E,
  0x00, 0x1B, 0x00, 0x00, 0x00, 0x00, 0x00, 0x0E, 0x00, 0x0E, 0x00, 0x1B, 0x00, 0x1B, 0x00, 0x31,
  0x80, 0x31, 0x80, 0x3F, 0x80, 0x60, 0xC0, 0x60, 0xC0, 0xC0, 0x60, 0x1D, 0x00, 0x17, 0x00, 0x00,
  0x00, 0x00, 0x00, 0x0E, 0x00, 0x0E, 0x00, 0x1B, 0x00, 0x1B, 0x00, 0x31, 0x80, 0x31, 0x80, 0x3F,
  0x80, 0x60, 0xC0, 0x60, 0xC0, 0xC0, 0x60, 0x1B, 0x00, 0x1B, 0x00, 0x00, 0x00, 0x00, 0x00, 0x0E,
  0x00, 0x0E, 0x00, 0x1B, 0x00, 0x1B, 0x00, 0x31, 0x80, 0x31, 0x80, 0x3F, 0x80, 0x60, 0xC0, 0x60,
  0xC0, 0xC0, 0x60, 0x0E, 0x00, 0x11, 0x00, 0x11, 0x00, 0x0E, 0x00, 0x1B, 0x00, 0x1B, 0x00, 0x31,
  0x80, 0x31, 0x80, 0x31, 0x80, 0x7F, 0xC0, 0x60, 0xC0, 0x60, 0xC0, 0xC0, 0x60, 0x0F, 0xFC, 0x0D,
  0x80, 0x19, 0x80, 0x19, 0x80, 0x31, 0xFC, 0x31, 0x80, 0x3F, 0x80, 0x61, 0x80, 0x61, 0x80, 0xC1,
  0xFC, 0x1F, 0x80, 0x70, 0x80, 0x60, 0x00, 0xC0, 0x00, 0xC0, 0x00, 0xC0, 0x00, 0xC0, 0x00, 0x60,
  0x00, 0x70, 0x80, 0x1F, 0x80, 0x02, 0x00, 0x02, 0x00, 0x0E, 0x00, 0x60, 0x30, 0x00, 0x00, 0xFE,
  0xC0, 0xC0, 0xC0, 0xFE, 0xC0, 0xC0, 0xC0, 0xC0, 0xFE, 0x18, 0x30, 0x00, 0x00, 0xFE, 0xC0, 0xC0,
  0xC0, 0xFE, 0xC0, 0xC0, 0xC0, 0xC0, 0xFE, 0x38, 0x6C, 0x00, 0x00, 0xFE, 0xC0, 0xC0, 0xC0, 0xFE,
  0xC0, 0xC0, 0xC0, 0xC0, 0xFE, 0x6C, 0x6C, 0x00, 0x00, 0xFE, 0xC0, 0xC0, 0xC0, 0xFE, 0xC0, 0xC0,
  0xC0, 0xC0, 0xFE, 0xC0, 0x60, 0x00, 0x00, 0x60, 0x60, 0x60, 0x60, 0x60, 0x60, 0x60, 0x60, 0x60,
  0x60, 0x60, 0xC0, 0x00, 0x00, 0xC0, 0xC0, 0xC0, 0xC0, 0xC0, 0xC0, 0xC0, 0xC0, 0xC0, 0xC0, 0x60,
  0x90, 0x00, 0x00, 0x60, 0x60, 0x60, 0x60, 0x60, 0x60, 0x60, 0x60, 0x60, 0x60, 0xCC, 0xCC, 0x00,
  0x00, 0x30, 0x30, 0x30, 0x30, 0x30, 0x30, 0x30, 0x30, 0x30, 0x30, 0x7E, 0x00, 0x63, 0x80, 0x61,
  0x80, 0x60, 0xC0, 0xF8, 0xC0, 0x60, 0xC0, 0x60, 0xC0, 0x61, 0x80, 0x63, 0x80, 0x7E, 0x00, 0x3A,
  0x00, 0x2E, 0x00, 0x00, 0x00, 0x00, 0x00, 0xE1, 0x80, 0xE1, 0x80, 0xF1, 0x80, 0xD1, 0x80, 0xD9,
  0x80, 0xCD, 0x80, 0xCD, 0x80, 0xC7, 0x80, 0xC3, 0x80, 0xC3, 0x80, 0x30, 0x00, 0x18, 0x00, 0x00,
  0x00, 0x00, 0x00, 0x1E, 0x00, 0x61, 0x80, 0x61, 0x80, 0xC0, 0xC0, 0xC0, 0xC0, 0xC0, 0xC0, 0xC0,
  0xC0, 0x61, 0x80, 0x61, 0x80, 0x1E, 0x00, 0x0C, 0x00, 0x18, 0x00, 0x00, 0x00, 0x00, 0x00, 0x1E,
  0x00, 0x61, 0x80, 0x61, 0x80, 0xC0, 0xC0, 0xC0, 0xC0, 0xC0, 0xC0, 0xC0, 0xC0, 0x61, 0x80, 0x61,
  0x80, 0x1E, 0x00, 0x1C, 0x00, 0x36, 0x00, 0x00, 0x00, 0x00, 0x00, 0x1E, 0x00, 0x61, 0x80, 0x61,
  0x80, 0xC0, 0xC0, 0xC0, 0xC0, 0xC0, 0xC0, 0xC0, 0xC0, 0x61, 0x80, 0x61, 0x80, 0x1E, 0x00, 0x1A,
  0x00, 0x16, 0x00, 0x00, 0x00, 0x00, 0x00, 0x1E, 0x00, 0x61, 0x80, 0x61, 0x80, 0xC0, 0xC0, 0xC0,
  0xC0, 0xC0, 0xC0, 0xC0, 0xC0, 0x61, 0x80, 0x61, 0x80, 0x1E, 0x00, 0x33, 0x00, 0x33, 0x00, 0x00,
  0x00, 0x00, 0x00, 0x1E, 0x00, 0x61, 0x80, 0x61, 0x80, 0xC0, 0xC0, 0xC0, 0xC0, 0xC0, 0xC0, 0xC0,
  0xC0, 0x61, 0x80, 0x61, 0x80, 0x1E, 0x00, 0x42, 0xE7, 0x7E, 0x3C, 0x3C, 0x7E, 0xE7, 0x42, 0x1E,
  0x40, 0x61, 0x80, 0x61, 0x80, 0xC2, 0xC0, 0xC4, 0xC0, 0xC8, 0xC0, 0xD0, 0xC0, 0x61, 0x80, 0x61,
  0x80, 0x9E, 0x00, 0x30, 0x00, 0x18, 0x00, 0x00, 0x00, 0x00, 0x00, 0xC1, 0x80, 0xC1, 0x80, 0xC1,
  0x80, 0xC1, 0x80, 0xC1, 0x80, 0xC1, 0x80, 0xC1, 0x80, 0xC1, 0x80, 0x63, 0x00, 0x3E, 0x00, 0x0C,
  0x00, 0x18, 0x00, 0x00, 0x00, 0x00, 0x00, 0xC1, 0x80, 0xC1, 0x80, 0xC1, 0x80, 0xC1, 0x80, 0xC1,
  0x80, 0xC1, 0x80, 0xC1, 0x80, 0xC1, 0x80, 0x63, 0x00, 0x3E, 0x00, 0x1C, 0x00, 0x36, 0x00, 0x00,
  0x00, 0x00, 0x00, 0xC1, 0x80, 0xC1, 0x80, 0xC1, 0x80, 0xC1, 0x80, 0xC1, 0x80, 0xC1, 0x80, 0xC1,
  0x80, 0xC1, 0x80, 0x63, 0x00, 0x3E, 0x00, 0x36, 0x00, 0x36, 0x00, 0x00, 0x00, 0x00, 0x00, 0xC1,
  0x80, 0xC1, 0x80, 0xC1, 0x80, 0xC1, 0x80, 0xC1, 0x80, 0xC1, 0x80, 0xC1, 0x80, 0xC1, 0x80, 0x63,
  0x00, 0x3E, 0x00, 0x06, 0x00, 0x0C, 0x00, 0x00, 0x00, 0x00, 0x00, 0xE1, 0xC0, 0x61, 0x80, 0x33,
  0x00, 0x33, 0x00, 0x1E, 0x00, 0x0C, 0x00, 0x0C, 0x00, 0x0C, 0x00, 0x0C, 0x00, 0x0C, 0x00, 0xC0,
  0xFC, 0xC7, 0xC3, 0xC3, 0xC3, 0xC7, 0xFC, 0xC0, 0xC0, 0x7C, 0xC6, 0xC6, 0xCC, 0xD8, 0xD8, 0xDE,
  0xCF, 0xC3, 0xC3, 0xDE, 0x60, 0x30, 0x18, 0x00, 0x3C, 0x46, 0x06, 0x7E, 0xC6, 0xC6, 0xCE, 0x76,
  0x06, 0x0C, 0x18, 0x00, 0x3C, 0x46, 0x06, 0x7E, 0xC6, 0xC6, 0xCE, 0x76, 0x38, 0x28, 0x6C, 0x00,
  0x3C, 0x46, 0x06, 0x7E, 0xC6, 0xC6, 0xCE, 0x76, 0x34, 0x34, 0x2C, 0x00, 0x3C, 0x46, 0x06, 0x7E,
  0xC6, 0xC6, 0xCE, 0x76, 0x6C, 0x6C, 0x00, 0x3C, 0x46, 0x06, 0x7E, 0xC6, 0xC6, 0xCE, 0x76, 0x18,
  0x24, 0x24, 0x18, 0x00, 0x3C, 0x46, 0x06, 0x7E, 0xC6, 0xC6, 0xCE, 0x76, 0x3C, 0xF0, 0x43, 0x98,
  0x03, 0x0C, 0x7F, 0xFC, 0xC3, 0x00, 0xC3, 0x00, 0xC7, 0x84, 0x7D, 0xF8, 0x3C, 0x62, 0xC0, 0xC0,
  0xC0, 0xC0, 0x62, 0x3C, 0x08, 0x08, 0x38, 0x60, 0x30, 0x18, 0x00, 0x3C, 0x66, 0xC3, 0xFF, 0xC0,
  0xC0, 0x61, 0x3E, 0x06, 0x0C, 0x18, 0x00, 0x3C, 0x66, 0xC3, 0xFF, 0xC0, 0xC0, 0x61, 0x3E, 0x38,
  0x28, 0x6C, 0x00, 0x3C, 0x66, 0xC3, 0xFF, 0xC0, 0xC0, 0x61, 0x3E, 0x6C, 0x6C, 0x00, 0x3C, 0x66,
  0xC3, 0xFF, 0xC0, 0xC0, 0x61, 0x3E, 0xC0, 0x60, 0x30, 0x00, 0x60, 0x60, 0x60, 0x60, 0x60, 0x60,
  0x60, 0x60, 0x18, 0x30, 0x60, 0x00, 0xC0, 0xC0, 0xC0, 0xC0, 0xC0, 0xC0, 0xC0, 0xC0, 0x60, 0xF0,
  0x90, 0x00, 0x60, 0x60, 0x60, 0x60, 0x60, 0x60, 0x60, 0x60, 0xCC, 0xCC, 0x00, 0x30, 0x30, 0x30,
  0x30, 0x30, 0x30, 0x30, 0x30, 0x32, 0x1C, 0x7C, 0x0E, 0x3E, 0xE3, 0xC3, 0xC3, 0xC3, 0x66, 0x3C,
  0x12, 0x2A, 0x24, 0x00, 0xDE, 0xE3, 0xC3, 0xC3, 0xC3, 0xC3, 0xC3, 0xC3, 0x60, 0x30, 0x18, 0x00,
  0x3C, 0x66, 0xC3, 0xC3, 0xC3, 0xC3, 0x66, 0x3C, 0x06, 0x0C, 0x18, 0x00, 0x3C, 0x66, 0xC3, 0xC3,
  0xC3, 0xC3, 0x66, 0x3C, 0x18, 0x3C, 0x24, 0x00, 0x3C, 0x66, 0xC3, 0xC3, 0xC3, 0xC3, 0x66, 0x3C,
  0x32, 0x52, 0x4C, 0x00, 0x3C, 0x66, 0xC3, 0xC3, 0xC3, 0xC3, 0x66, 0x3C, 0x66, 0x66, 0x00, 0x3C,
  0x66, 0xC3, 0xC3, 0xC3, 0xC3, 0x66, 0x3C, 0x18, 0x18, 0x00, 0xFF, 0xFF, 0x00, 0x18, 0x18, 0x3D,
  0x66, 0xCF, 0xCB, 0xD3, 0xF3, 0x66, 0xBC, 0x30, 0x18, 0x0C, 0x00, 0xC3, 0xC3, 0xC3, 0xC3, 0xC3,
  0xC3, 0xC7, 0x7B, 0x03, 0x06, 0x0C, 0x00, 0xC3, 0xC3, 0xC3, 0xC3, 0xC3, 0xC3, 0xC7, 0x7B, 0x18,
  0x3C, 0x24, 0x00, 0xC3, 0xC3, 0xC3, 0xC3, 0xC3, 0xC3, 0xC7, 0x7B, 0x66, 0x66, 0x00, 0xC3, 0xC3,
  0xC3, 0xC3, 0xC3, 0xC3, 0xC7, 0x7B, 0x03, 0x00, 0x06, 0x00, 0x0C, 0x00, 0x00, 0x00, 0xC1, 0x80,
  0x63, 0x00, 0x63, 0x00, 0x63, 0x00, 0x36, 0x00, 0x36, 0x00, 0x16, 0x00, 0x1C, 0x00, 0x0C, 0x00,
  0x1C, 0x00, 0x78, 0x00, 0xC0, 0xC0, 0xC0, 0xDC, 0xE6, 0xC3, 0xC3, 0xC3, 0xC3, 0xE6, 0xDC, 0xC0,
  0xC0, 0xC0, 0x36, 0x00, 0x36, 0x00, 0x00, 0x00, 0xC1, 0x80, 0x63, 0x00, 0x63, 0x00, 0x63, 0x00,
  0x36, 0x00, 0x36, 0x00, 0x16, 0x00, 0x1C, 0x00, 0x0C, 0x00, 0x1C, 0x00, 0x78, 0x00, 0xFC, 0xFC,
  0xFF, 0xF8, 0xFF, 0xF8, 0x20, 0x40, 0xC0, 0xC0, 0x60, 0x60, 0x40, 0x80, 0x24, 0x48, 0xD8, 0xD8,
  0x6C, 0x6C, 0x48, 0x90, 0x70, 0xF8, 0xF8, 0xF8, 0x70, 0xCC, 0xC0, 0xCC, 0xC0, 0xCC, 0xC0, 0x1F,
  0x80, 0x30, 0x80, 0x70, 0x00, 0xFE, 0x00, 0x60, 0x00, 0xFC, 0x00, 0x60, 0x00, 0x30, 0x00, 0x38,
  0x80, 0x0F, 0x80, 0x03, 0x00, 0x01, 0x80, 0xFF, 0xC0, 0xFF, 0xC0, 0x01, 0x80, 0x03, 0x00,
};
// DejaVuSans-Bold.ttf @ 12px: 201 glyphs, 2022 bitmap bytes
const Glyph sans_bold_12_glyphs[] = {
  {0x0020, 0, 0, 0, 12, 4, 0, 0},
  {0x0021, 2, 9, 2, 3, 5, 0, 0},
  {0x0022, 3, 3, 1, 3, 6, 0, 9},
  {0x0023, 8, 9, 1, 3, 10, 0, 12},
  {0x0024, 7, 11, 1, 3, 8, 0, 21},
  {0x0025, 11, 9, 1, 3, 12, 0, 32},
  {0x0026, 9, 9, 1, 3, 10, 0, 50},
  {0x0027, 1, 3, 1, 3, 4, 0, 68},
  {0x0028, 4, 11, 1, 2, 5, 0, 71},
  {0x0029, 4, 11, 0, 2, 5, 0, 82},
  {0x002A, 5, 6, 1, 3, 6, 0, 93},
  {0x002B, 7, 7, 1, 5, 10, 0, 99},
  {0x002C, 3, 4, 0, 10, 5, 0, 106},
  {0x002D, 4, 2, 1, 8, 5, 0, 110},
  {0x002E, 2, 2, 1, 10, 5, 0, 112},
  {0x002F, 4, 10, 0, 3, 4, 0, 114},
  {0x0030, 7, 9, 1, 3, 8, 0, 124},
  {0x0031, 6, 9, 1, 3, 8, 0, 133},
  {0x0032, 7, 9, 1, 3, 8, 0, 142},
  {0x0033, 7, 9, 1, 3, 8, 0, 151},
  {0x0034, 7, 9, 1, 3, 8, 0, 160},
  {0x0035, 7, 9, 1, 3, 8, 0, 169},
  {0x0036, 7, 9, 1, 3, 8, 0, 178},
  {0x0037, 7, 9, 1, 3, 8, 0, 187},
  {0x0038, 7, 9, 1, 3, 8, 0, 196},
  {0x0039, 7, 9, 1, 3, 8, 0, 205},
  {0x003A, 2, 7, 1, 5, 5, 0, 214},
  {0x003B, 3, 9, 0, 5, 5, 0, 221},
  {0x003C, 8, 7, 1, 5, 10, 0, 230},
  {0x003D, 8, 3, 1, 7, 10, 0, 237},
  {0x003E, 8, 7, 1, 5, 10, 0, 240},
  {0x003F, 5, 9, 1, 3, 7, 0, 247},
  {0x0040, 10, 11, 1, 3, 12, 0, 256},
  {0x0041, 9, 9, 0, 3, 9, 0, 278},
  {0x0042, 7, 9, 1, 3, 9, 0, 296},
  {0x0043, 7, 9, 1, 3, 9, 0, 305},
  {0x0044, 8, 9, 1, 3, 10, 0, 314},
  {0x0045, 6, 9, 1, 3, 8, 0, 323},
  {0x0046, 6, 9, 1, 3, 8, 0, 332},
  {0x0047, 8, 9, 1, 3, 10, 0, 341},
  {0x0048, 8, 9, 1, 3, 10, 0, 350},
  {0x0049, 2, 9, 1, 3, 4, 0, 359},
  {0x004A, 4, 11, -1, 3, 4, 0, 368},
  {0x004B, 8, 9, 1, 3, 9, 0, 379},
  {0x004C, 6, 9, 1, 3, 8, 0, 388},
  {0x004D, 10, 9, 1, 3, 12, 0, 397},
  {0x004E, 8, 9, 1, 3, 10, 0, 415},
  {0x004F, 9, 9, 1, 3, 11, 0, 424},
  {0x0050, 7, 9, 1, 3, 9, 0, 442},
  {0x0051, 9, 11, 1, 3, 10, 0, 451},
  {0x0052, 8, 9, 1, 3, 9, 0, 473},
  {0x0053, 7, 9, 1, 3, 9, 0, 482},
  {0x0054, 8, 9, 0, 3, 8, 0, 491},
  {0x0055, 8, 9, 1, 3, 10, 0, 500},
  {0x0056, 9, 9, 0, 3, 9, 0, 509},
  {0x0057, 12, 9, 1, 3, 14, 0, 527},
  {0x0058, 9, 9, 0, 3, 9, 0, 545},
  {0x0059, 8, 9, 0, 3, 8, 0, 563},
  {0x005A, 8, 9, 1, 3, 10, 0, 572},
  {0x005B, 4, 11, 1, 2, 5, 0, 581},
  {0x005C, 4, 10, 0, 3, 4, 0, 592},
  {0x005D, 4, 11, 0, 2, 5, 0, 602},
  {0x005E, 6, 3, 2, 3, 10, 0, 613},
  {0x005F, 6, 1, 0, 14, 6, 0, 616},
  {0x0060, 3, 2, 1, 2, 6, 0, 617},
  {0x0061, 7, 7, 1, 5, 9, 0, 619},
  {0x0062, 7, 10, 1, 2, 9, 0, 626},
  {0x0063, 6, 7, 1, 5, 7, 0, 636},
  {0x0064, 7, 10, 1, 2, 9, 0, 643},
  {0x0065, 7, 7, 1, 5, 9, 0, 653},
  {0x0066, 5, 10, 0, 2, 5, 0, 660},
  {0x0067, 7, 10, 1, 5, 9, 0, 670},
  {0x0068, 7, 10, 1, 2, 9, 0, 680},
  {0x0069, 2, 10, 1, 2, 4, 0, 690},
  {0x006A, 3, 13, 0, 2, 4, 0, 700},
  {0x006B, 7, 10, 1, 2, 8, 0, 713},
  {0x006C, 2, 10, 1, 2, 4, 0, 723},
  {0x006D, 10, 7, 1, 5, 12, 0, 733},
  {0x006E, 7, 7, 1, 5, 9, 0, 747},
  {0x006F, 7, 7, 1, 5, 9, 0, 754},
  {0x0070, 7, 10, 1, 5, 9, 0, 761},
  {0x0071, 7, 10, 1, 5, 9, 0, 771},
  {0x0072, 5, 7, 1, 5, 6, 0, 781},
  {0x0073, 6, 7, 1, 5, 8, 0, 788},
  {0x0074, 5, 9, 0, 3, 6, 0, 795},
  {0x0075, 7, 7, 1, 5, 9, 0, 804},
  {0x0076, 7, 7, -1, 5, 7, 0, 811},
  {0x0077, 10, 7, 1, 5, 12, 0, 818},
  {0x0078, 7, 7, 0, 5, 7, 0, 832},
  {0x0079, 7, 10, -1, 5, 8, 0, 839},
  {0x007A, 6, 7, 1, 5, 8, 0, 849},
  {0x007B, 6, 11, 1, 2, 9, 0, 856},
  {0x007C, 1, 12, 2, 3, 4, 0, 867},
  {0x007D, 6, 11, 1, 2, 9, 0, 879},
  {0x007E, 8, 2, 1, 6, 10, 0, 890},
  {0x00A0, 0, 0, 0, 12, 4, 0, 892},
  {0x00A1, 2, 9, 2, 5, 5, 0, 892},
  {0x00A2, 6, 11, 1, 3, 8, 0, 901},
  {0x00A3, 6, 9, 1, 3, 8, 0, 912},
  {0x00A4, 7, 7, 0, 4, 8, 0, 921},
  {0x00A5, 8, 9, 0, 3, 8, 0, 928},
  {0x00A6, 1, 10, 2, 4, 4, 0, 937},
  {0x00A7, 6, 10, 1, 3, 6, 0, 947},
  {0x00A8, 3, 1, 2, 3, 6, 0, 957},
  {0x00A9, 9, 9, 2, 3, 12, 0, 958},
  {0x00AA, 5, 7, 1, 3, 7, 0, 976},
  {0x00AB, 6, 5, 1, 6, 8, 0, 983},
  {0x00AC, 8, 4, 1, 7, 10, 0, 988},
  {0x00AD, 4, 2, 1, 8, 5, 0, 992},
  {0x00AE, 9, 9, 2, 3, 12, 0, 994},
  {0x00AF, 4, 1, 1, 3, 6, 0, 1012},
  {0x00B0, 4, 4, 1, 3, 6, 0, 1013},
  {0x00B1, 7, 7, 1, 5, 10, 0, 1017},
  {0x00B2, 4, 5, 1, 3, 5, 0, 1024},
  {0x00B3, 4, 5, 1, 3, 5, 0, 1029},
  {0x00B4, 3, 2, 2, 2, 6, 0, 1034},
  {0x00B5, 8, 10, 1, 5, 9, 0, 1036},
  {0x00B6, 6, 10, 0, 3, 8, 0, 1046},
  {0x00B7, 2, 2, 1, 7, 5, 0, 1056},
  {0x00B8, 3, 2, 2, 12, 6, 0, 1058},
  {0x00B9, 3, 5, 1, 3, 5, 0, 1060},
  {0x00BA, 5, 7, 1, 3, 7, 0, 1065},
  {0x00BB, 6, 5, 1, 6, 8, 0, 1072},
  {0x00BC, 11, 9, 1, 3, 12, 0, 1077},
  {0x00BD, 11, 9, 1, 3, 12, 0, 1095},
  {0x00BE, 11, 9, 1, 3, 12, 0, 1113},
  {0x00BF, 5, 10, 1, 5, 7, 0, 1131},
  {0x00C0, 9, 12, 0, 0, 9, 0, 1141},
  {0x00C1, 9, 12, 0, 0, 9, 0, 1165},
  {0x00C2, 9, 12, 0, 0, 9, 0, 1189},
  {0x00C3, 9, 12, 0, 0, 9, 0, 1213},
  {0x00C4, 9, 11, 0, 1, 9, 0, 1237},
  {0x00C5, 9, 11, 0, 1, 9, 0, 1259},
  {0x00C6, 12, 9, 0, 3, 13, 0, 1281},
  {0x00C7, 7, 11, 1, 3, 9, 0, 1299},
  {0x00C8, 6, 12, 1, 0, 8, 0, 1310},
  {0x00C9, 6, 12, 1, 0, 8, 0, 1322},
  {0x00CA, 6, 12, 1, 0, 8, 0, 1334},
  {0x00CB, 6, 11, 1, 1, 8, 0, 1346},
  {0x00CC, 3, 12, 0, 0, 4, 0, 1357},
  {0x00CD, 3, 12, 1, 0, 4, 0, 1369},
  {0x00CE, 4, 12, 0, 0, 4, 0, 1381},
  {0x00CF, 4, 11, 0, 1, 4, 0, 1393},
  {0x00D0, 9, 9, 0, 3, 10, 0, 1404},
  {0x00D1, 8, 12, 1, 0, 10, 0, 1422},
  {0x00D2, 9, 12, 1, 0, 11, 0, 1434},
  {0x00D3, 9, 12, 1, 0, 11, 0, 1458},
  {0x00D4, 9, 12, 1, 0, 11, 0, 1482},
  {0x00D5, 9, 12, 1, 0, 11, 0, 1506},
  {0x00D6, 9, 11, 1, 1, 11, 0, 1530},
  {0x00D7, 7, 7, 2, 5, 10, 0, 1552},
  {0x00D8, 9, 9, 1, 2, 11, 0, 1559},
  {0x00D9, 8, 12, 1, 0, 10, 0, 1577},
  {0x00DA, 8, 12, 1, 0, 10, 0, 1589},
  {0x00DB, 8, 12, 1, 0, 10, 0, 1601},
  {0x00DC, 8, 11, 1, 1, 10, 0, 1613},
  {0x00DD, 8, 12, 0, 0, 8, 0, 1624},
  {0x00DE, 7, 9, 1, 3, 9, 0, 1636},
  {0x00DF, 7, 10, 1, 2, 9, 0, 1645},
  {0x00E0, 7, 10, 1, 2, 9, 0, 1655},
  {0x00E1, 7, 10, 1, 2, 9, 0, 1665},
  {0x00E2, 7, 10, 1, 2, 9, 0, 1675},
  {0x00E3, 7, 10, 1, 2, 9, 0, 1685},
  {0x00E4, 7, 9, 1, 3, 9, 0, 1695},
  {0x00E5, 7, 11, 1, 1, 9, 0, 1704},
  {0x00E6, 12, 7, 1, 5, 14, 0, 1715},
  {0x00E7, 6, 9, 1, 5, 7, 0, 1729},
  {0x00E8, 7, 10, 1, 2, 9, 0, 1738},
  {0x00E9, 7, 10, 1, 2, 9, 0, 1748},
  {0x00EA, 7, 10, 1, 2, 9, 0, 1758},
  {0x00EB, 7, 9, 1, 3, 9, 0, 1768},
  {0x00EC, 3, 10, 0, 2, 4, 0, 1777},
  {0x00ED, 3, 10, 1, 2, 4, 0, 1787},
  {0x00EE, 4, 10, 0, 2, 4, 0, 1797},
  {0x00EF, 4, 9, 0, 3, 4, 0, 1807},
  {0x00F0, 7, 10, 1, 2, 9, 0, 1816},
  {0x00F1, 7, 10, 1, 2, 9, 0, 1826},
  {0x00F2, 7, 10, 1, 2, 9, 0, 1836},
  {0x00F3, 7, 10, 1, 2, 9, 0, 1846},
  {0x00F4, 7, 10, 1, 2, 9, 0, 1856},
  {0x00F5, 7, 10, 1, 2, 9, 0, 1866},
  {0x00F6, 7, 9, 1, 3, 9, 0, 1876},
  {0x00F7, 8, 7, 1, 5, 10, 0, 1885},
  {0x00F8, 7, 7, 1, 4, 9, 0, 1892},
  {0x00F9, 7, 10, 1, 2, 9, 0, 1899},
  {0x00FA, 7, 10, 1, 2, 9, 0, 1909},
  {0x00FB, 7, 10, 1, 2, 9, 0, 1919},
  {0x00FC, 7, 9, 1, 3, 9, 0, 1929},
  {0x00FD, 7, 13, -1, 2, 8, 0, 1938},
  {0x00FE, 7, 13, 1, 2, 9, 0, 1951},
  {0x00FF, 7, 12, -1, 3, 8, 0, 1964},
  {0x2013, 5, 1, 1, 8, 6, 0, 1976},
  {0x2014, 11, 1, 1, 8, 12, 0, 1977},
  {0x2018, 3, 4, 1, 3, 5, 0, 1979},
  {0x2019, 3, 4, 0, 3, 5, 0, 1983},
  {0x201C, 6, 4, 1, 3, 8, 0, 1987},
  {0x201D, 6, 4, 1, 3, 8, 0, 1991},
  {0x2022, 4, 4, 2, 5, 8, 0, 1995},
  {0x2026, 10, 2, 1, 10, 12, 0, 1999},
  {0x20AC, 8, 9, 0, 3, 8, 0, 2003},
  {0x2192, 9, 5, 1, 6, 10, 0, 2012},
};
const uint8_t sans_bold_12_bitmap[] = {
  0xC0, 0xC0, 0xC0, 0xC0, 0xC0, 0xC0, 0x00, 0xC0, 0xC0, 0xA0, 0xA0, 0xA0, 0x12, 0x16, 0x7F, 0x24,
  0x24, 0xFE, 0x68, 0x68, 0x48, 0x10, 0x7C, 0xD0, 0xF0, 0xFC, 0x7E, 0x1E, 0x16, 0xFC, 0x10, 0x10,
  0x71, 0x00, 0x89, 0x00, 0x8A, 0x00, 0x8E, 0x00, 0x75, 0xC0, 0x0E, 0x20, 0x0A, 0x20, 0x12, 0x20,
  0x11, 0xC0, 0x38, 0x00, 0x64, 0x00, 0x60, 0x00, 0x30, 0x00, 0x79, 0x80, 0xDD, 0x80, 0xCF, 0x00,
  0xC7, 0x00, 0x7D, 0x80, 0x80, 0x80, 0x80, 0x70, 0x60, 0x60, 0xC0, 0xC0, 0xC0, 0xC0, 0xC0, 0x60,
  0x60, 0x70, 0xE0, 0x60, 0x60, 0x30, 0x30, 0x30, 0x30, 0x30, 0x60, 0x60, 0xE0, 0x20, 0xA8, 0x70,
  0x70, 0xA8, 0x20, 0x10, 0x10, 0x10, 0xFE, 0x10, 0x10, 0x10, 0x60, 0x60, 0x40, 0x80, 0xF0, 0xF0,
  0xC0, 0xC0, 0x10, 0x30, 0x20, 0x20, 0x20, 0x40, 0x40, 0x40, 0xC0, 0x80, 0x38, 0x6C, 0xC6, 0xC6,
  0xC6, 0xC6, 0xC6, 0x6C, 0x38, 0xF0, 0x30, 0x30, 0x30, 0x30, 0x30, 0x30, 0x30, 0xFC, 0x7C, 0x86,
  0x06, 0x06, 0x0C, 0x18, 0x30, 0x60, 0xFE, 0x7C, 0x86, 0x06, 0x06, 0x3C, 0x06, 0x06, 0x86, 0x7C,
  0x1C, 0x3C, 0x2C, 0x4C, 0xCC, 0x8C, 0xFE, 0x0C, 0x0C, 0xFC, 0xC0, 0xC0, 0xFC, 0x0E, 0x06, 0x06,
  0x0E, 0xFC, 0x3C, 0x60, 0xC0, 0xFC, 0xC6, 0xC6, 0xC6, 0x46, 0x3C, 0xFE, 0x06, 0x0C, 0x0C, 0x18,
  0x18, 0x30, 0x30, 0x60, 0x7C, 0xC6, 0xC6, 0xC6, 0x38, 0xC6, 0xC6, 0xC6, 0x7C, 0x78, 0xC4, 0xC6,
  0xC6, 0xC6, 0x7E, 0x06, 0x0C, 0x78, 0xC0, 0xC0, 0x00, 0x00, 0x00, 0xC0, 0xC0, 0x60, 0x60, 0x00,
  0x00, 0x00, 0x60, 0x60, 0x40, 0x80, 0x01, 0x0F, 0x78, 0xC0, 0x78, 0x0F, 0x01, 0xFF, 0x00, 0xFF,
  0x80, 0xF0, 0x1E, 0x03, 0x1E, 0xF0, 0x80, 0xF0, 0x18, 0x18, 0x30, 0x60, 0x60, 0x00, 0x60, 0x60,
  0x1E, 0x00, 0x21, 0x80, 0x40, 0x80, 0x8E, 0x40, 0x92, 0x40, 0x92, 0x40, 0x92, 0xC0, 0x8F, 0x80,
  0x40, 0x00, 0x21, 0x00, 0x1F, 0x80, 0x1C, 0x00, 0x1C, 0x00, 0x36, 0x00, 0x36, 0x00, 0x36, 0x00,
  0x63, 0x00, 0x7F, 0x00, 0x63, 0x00, 0xC1, 0x80, 0xFC, 0xC6, 0xC6, 0xC6, 0xFC, 0xC6, 0xC6, 0xC6,
  0xFC, 0x3E, 0x62, 0xC0, 0xC0, 0xC0, 0xC0, 0xC0, 0x62, 0x3E, 0xFC, 0xC6, 0xC3, 0xC3, 0xC3, 0xC3,
  0xC3, 0xC6, 0xFC, 0xFC, 0xC0, 0xC0, 0xC0, 0xFC, 0xC0, 0xC0, 0xC0, 0xFC, 0xFC, 0xC0, 0xC0, 0xC0,
  0xFC, 0xC0, 0xC0, 0xC0, 0xC0, 0x3F, 0x61, 0xC0, 0xC0, 0xC7, 0xC3, 0xC3, 0x63, 0x3F, 0xC3, 0xC3,
  0xC3, 0xC3, 0xFF, 0xC3, 0xC3, 0xC3, 0xC3, 0xC0, 0xC0, 0xC0, 0xC0, 0xC0, 0xC0, 0xC0, 0xC0, 0xC0,
  0x30, 0x30, 0x30, 0x30, 0x30, 0x30, 0x30, 0x30, 0x30, 0x30, 0xE0, 0xC3, 0xC6, 0xCC, 0xD8, 0xF0,
  0xD8, 0xCC, 0xC6, 0xC3, 0xC0, 0xC0, 0xC0, 0xC0, 0xC0, 0xC0, 0xC0, 0xC0, 0xFC, 0xE1, 0xC0, 0xE1,
  0xC0, 0xF3, 0xC0, 0xD2, 0xC0, 0xDE, 0xC0, 0xCC, 0xC0, 0xCC, 0xC0, 0xC0, 0xC0, 0xC0, 0xC0, 0xE3,
  0xE3, 0xF3, 0xD3, 0xDB, 0xCB, 0xCF, 0xC7, 0xC7, 0x3E, 0x00, 0x63, 0x00, 0xC1, 0x80, 0xC1, 0x80,
  0xC1, 0x80, 0xC1, 0x80, 0xC1, 0x80, 0x63, 0x00, 0x3E, 0x00, 0xFC, 0xC6, 0xC6, 0xC6, 0xC6, 0xFC,
  0xC0, 0xC0, 0xC0, 0x3E, 0x00, 0x63, 0x00, 0xC1, 0x80, 0xC1, 0x80, 0xC1, 0x80, 0xC1, 0x80, 0xC1,
  0x80, 0x63, 0x00, 0x3E, 0x00, 0x06, 0x00, 0x03, 0x00, 0xFC, 0xC6, 0xC6, 0xC6, 0xFC, 0xCC, 0xC6,
  0xC6, 0xC3, 0x7C, 0xC4, 0xC0, 0xF0, 0x7C, 0x0E, 0x06, 0x86, 0xFC, 0xFF, 0x18, 0x18, 0x18, 0x18,
  0x18, 0x18, 0x18, 0x18, 0xC3, 0xC3, 0xC3, 0xC3, 0xC3, 0xC3, 0xC3, 0xC3, 0x7E, 0xC1, 0x80, 0x63,
  0x00, 0x63, 0x00, 0x63, 0x00, 0x36, 0x00, 0x36, 0x00, 0x36, 0x00, 0x1C, 0x00, 0x1C, 0x00, 0xC6,
  0x30, 0xC6, 0x30, 0x6F, 0x60, 0x6F, 0x60, 0x69, 0x60, 0x79, 0xE0, 0x39, 0xC0, 0x30, 0xC0, 0x30,
  0xC0, 0xC1, 0x80, 0x63, 0x00, 0x36, 0x00, 0x36, 0x00, 0x1C, 0x00, 0x36, 0x00, 0x36, 0x00, 0x63,
  0x00, 0xC1, 0x80, 0xC3, 0x66, 0x66, 0x3C, 0x18, 0x18, 0x18, 0x18, 0x18, 0xFF, 0x03, 0x06, 0x0C,
  0x18, 0x30, 0x60, 0xC0, 0xFF, 0xF0, 0xC0, 0xC0, 0xC0, 0xC0, 0xC0, 0xC0, 0xC0, 0xC0, 0xC0, 0xF0,
  0x80, 0xC0, 0x40, 0x40, 0x40, 0x20, 0x20, 0x20, 0x30, 0x10, 0xF0, 0x30, 0x30, 0x30, 0x30, 0x30,
  0x30, 0x30, 0x30, 0x30, 0xF0, 0x30, 0x78, 0x84, 0xFC, 0xC0, 0x60, 0x3C, 0x46, 0x06, 0x7E, 0xC6,
  0xC6, 0x7E, 0xC0, 0xC0, 0xC0, 0xFC, 0xC6, 0xC6, 0xC6, 0xC6, 0xC6, 0xFC, 0x38, 0x64, 0xC0, 0xC0,
  0xC0, 0x64, 0x38, 0x06, 0x06, 0x06, 0x7E, 0xC6, 0xC6, 0xC6, 0xC6, 0xC6, 0x7E, 0x3C, 0x64, 0xC6,
  0xFE, 0xC0, 0x62, 0x3C, 0x38, 0x60, 0x60, 0xF8, 0x60, 0x60, 0x60, 0x60, 0x60, 0x60, 0x7E, 0xEE,
  0xC6, 0xC6, 0xC6, 0xCE, 0x7E, 0x06, 0x46, 0x3C, 0xC0, 0xC0, 0xC0, 0xFC, 0xE6, 0xC6, 0xC6, 0xC6,
  0xC6, 0xC6, 0xC0, 0xC0, 0x00, 0xC0, 0xC0, 0xC0, 0xC0, 0xC0, 0xC0, 0xC0, 0x60, 0x60, 0x00, 0x60,
  0x60, 0x60, 0x60, 0x60, 0x60, 0x60, 0x60, 0x60, 0xC0, 0xC0, 0xC0, 0xC0, 0xCC, 0xD8, 0xF0, 0xF0,
  0xD8, 0xCC, 0xC6, 0xC0, 0xC0, 0xC0, 0xC0, 0xC0, 0xC0, 0xC0, 0xC0, 0xC0, 0xC0, 0xFF, 0x80, 0xCC,
  0xC0, 0xCC, 0xC0, 0xCC, 0xC0, 0xCC, 0xC0, 0xCC, 0xC0, 0xCC, 0xC0, 0xFC, 0xE6, 0xC6, 0xC6, 0xC6,
  0xC6, 0xC6, 0x7C, 0xC6, 0xC6, 0xC6, 0xC6, 0xC6, 0x7C, 0xFC, 0xC6, 0xC6, 0xC6, 0xC6, 0xC6, 0xFC,
  0xC0, 0xC0, 0xC0, 0x7E, 0xC6, 0xC6, 0xC6, 0xC6, 0xC6, 0x7E, 0x06, 0x06, 0x06, 0xF8, 0xE0, 0xC0,
  0xC0, 0xC0, 0xC0, 0xC0, 0x78, 0xC4, 0xC0, 0x78, 0x0C, 0x8C, 0x78, 0x60, 0x60, 0xF8, 0x60, 0x60,
  0x60, 0x60, 0x60, 0x78, 0xC6, 0xC6, 0xC6, 0xC6, 0xC6, 0xCE, 0x7E, 0xC6, 0xC6, 0x6C, 0x6C, 0x6C,
  0x38, 0x38, 0xCC, 0xC0, 0xCC, 0xC0, 0xDE, 0xC0, 0x5E, 0x80, 0x73, 0x80, 0x73, 0x80, 0x33, 0x00,
  0xC6, 0x6C, 0x38, 0x38, 0x38, 0x6C, 0xC6, 0xC6, 0xC6, 0x6C, 0x6C, 0x3C, 0x38, 0x18, 0x18, 0x30,
  0x60, 0xFC, 0x0C, 0x18, 0x30, 0x60, 0xC0, 0xFC, 0x1C, 0x30, 0x30, 0x30, 0x30, 0xE0, 0x30, 0x30,
  0x30, 0x30, 0x1C, 0x80, 0x80, 0x80, 0x80, 0x80, 0x80, 0x80, 0x80, 0x80, 0x80, 0x80, 0x80, 0xE0,
  0x30, 0x30, 0x30, 0x30, 0x1C, 0x30, 0x30, 0x30, 0x30, 0xE0, 0x71, 0x8E, 0xC0, 0xC0, 0x00, 0xC0,
  0xC0, 0xC0, 0xC0, 0xC0, 0xC0, 0x10, 0x10, 0x78, 0xF4, 0xD0, 0xD0, 0xD0, 0x74, 0x38, 0x10, 0x10,
  0x3C, 0x60, 0x60, 0x60, 0xF8, 0x60, 0x60, 0x60, 0xFC, 0x86, 0x7C, 0x44, 0x44, 0x44, 0x7C, 0x80,
  0xC3, 0x66, 0x24, 0xFF, 0x18, 0xFF, 0x18, 0x18, 0x18, 0x80, 0x80, 0x80, 0x80, 0x00, 0x00, 0x80,
  0x80, 0x80, 0x80, 0x78, 0x60, 0x38, 0xFC, 0xCC, 0xEC, 0x30, 0x0C, 0x4C, 0x78, 0xA0, 0x3E, 0x00,
  0x63, 0x00, 0xDF, 0x80, 0xA0, 0x80, 0xA0, 0x80, 0xA0, 0x80, 0xDF, 0x80, 0x63, 0x00, 0x3E, 0x00,
  0xF0, 0x08, 0x78, 0x88, 0x78, 0x00, 0xF8, 0x24, 0x6C, 0x90, 0x6C, 0x24, 0xFF, 0x01, 0x01, 0x01,
  0xF0, 0xF0, 0x3E, 0x00, 0x63, 0x00, 0xFF, 0x80, 0xA2, 0x80, 0xBE, 0x80, 0xA6, 0x80, 0xE3, 0x80,
  0x63, 0x00, 0x3E, 0x00, 0xF0, 0x60, 0x90, 0x90, 0x60, 0x10, 0x10, 0xFE, 0x10, 0x10, 0x00, 0xFE,
  0xF0, 0x90, 0x10, 0x60, 0xF0, 0xF0, 0x10, 0x60, 0x10, 0xF0, 0x60, 0xC0, 0xC6, 0xC6, 0xC6, 0xC6,
  0xC6, 0xC6, 0xFF, 0xC0, 0xC0, 0xC0, 0x7C, 0xF4, 0xF4, 0xF4, 0x74, 0x14, 0x14, 0x14, 0x14, 0x14,
  0xC0, 0xC0, 0x20, 0xE0, 0xC0, 0x40, 0x40, 0x40, 0xE0, 0x70, 0x88, 0x88, 0x88, 0x70, 0x00, 0xF8,
  0x90, 0xD8, 0x24, 0xD8, 0x90, 0xC0, 0x80, 0x41, 0x00, 0x42, 0x00, 0x42, 0x00, 0xE4, 0xC0, 0x09,
  0x40, 0x09, 0x40, 0x13, 0xE0, 0x30, 0x40, 0xC0, 0x80, 0x41, 0x00, 0x42, 0x00, 0x42, 0x00, 0xE5,
  0xE0, 0x09, 0x20, 0x08, 0x20, 0x10, 0xC0, 0x31, 0xE0, 0xF0, 0x80, 0x11, 0x00, 0x62, 0x00, 0x12,
  0x00, 0xF4, 0xC0, 0x09, 0x40, 0x09, 0x40, 0x13, 0xE0, 0x30, 0x40, 0x30, 0x30, 0x00, 0x30, 0x30,
  0x70, 0xE0, 0xC0, 0xC0, 0x78, 0x18, 0x00, 0x0C, 0x00, 0x00, 0x00, 0x1C, 0x00, 0x1C, 0x00, 0x36,
  0x00, 0x36, 0x00, 0x36, 0x00, 0x63, 0x00, 0x7F, 0x00, 0x63, 0x00, 0xC1, 0x80, 0x06, 0x00, 0x0C,
  0x00, 0x00, 0x00, 0x1C, 0x00, 0x1C, 0x00, 0x36, 0x00, 0x36, 0x00, 0x36, 0x00, 0x63, 0x00, 0x7F,
  0x00, 0x63, 0x00, 0xC1, 0x80, 0x1C, 0x00, 0x14, 0x00, 0x00, 0x00, 0x1C, 0x00, 0x1C, 0x00, 0x36,
  0x00, 0x36, 0x00, 0x36, 0x00, 0x63, 0x00, 0x7F, 0x00, 0x63, 0x00, 0xC1, 0x80, 0x3A, 0x00, 0x2E,
  0x00, 0x00, 0x00, 0x1C, 0x00, 0x1C, 0x00, 0x36, 0x00, 0x36, 0x00, 0x36, 0x00, 0x63, 0x00, 0x7F,
  0x00, 0x63, 0x00, 0xC1, 0x80, 0x14, 0x00, 0x00, 0x00, 0x1C, 0x00, 0x1C, 0x00, 0x36, 0x00, 0x36,
  0x00, 0x36, 0x00, 0x63, 0x00, 0x7F, 0x00, 0x63, 0x00, 0xC1, 0x80, 0x1C, 0x00, 0x14, 0x00, 0x1C,
  0x00, 0x1C, 0x00, 0x36, 0x00, 0x36, 0x00, 0x36, 0x00, 0x63, 0x00, 0x7F, 0x00, 0x63, 0x00, 0xC1,
  0x80, 0x1F, 0xF0, 0x1B, 0x00, 0x1B, 0x00, 0x33, 0x00, 0x33, 0xF0, 0x7F, 0x00, 0x63, 0x00, 0x63,
  0x00, 0xC3, 0xF0, 0x3E, 0x62, 0xC0, 0xC0, 0xC0, 0xC0, 0xC0, 0x62, 0x3E, 0x04, 0x1C, 0x60, 0x30,
  0x00, 0xFC, 0xC0, 0xC0, 0xC0, 0xFC, 0xC0, 0xC0, 0xC0, 0xFC, 0x18, 0x30, 0x00, 0xFC, 0xC0, 0xC0,
  0xC0, 0xFC, 0xC0, 0xC0, 0xC0, 0xFC, 0x30, 0x48, 0x00, 0xFC, 0xC0, 0xC0, 0xC0, 0xFC, 0xC0, 0xC0,
  0xC0, 0xFC, 0x50, 0x00, 0xFC, 0xC0, 0xC0, 0xC0, 0xFC, 0xC0, 0xC0, 0xC0, 0xFC, 0xC0, 0x60, 0x00,
  0x60, 0x60, 0x60, 0x60, 0x60, 0x60, 0x60, 0x60, 0x60, 0x60, 0xC0, 0x00, 0xC0, 0xC0, 0xC0, 0xC0,
  0xC0, 0xC0, 0xC0, 0xC0, 0xC0, 0x60, 0x90, 0x00, 0x60, 0x60, 0x60, 0x60, 0x60, 0x60, 0x60, 0x60,
  0x60, 0x90, 0x00, 0x60, 0x60, 0x60, 0x60, 0x60, 0x60, 0x60, 0x60, 0x60, 0x7E, 0x00, 0x63, 0x00,
  0x61, 0x80, 0x61, 0x80, 0xF1, 0x80, 0x61, 0x80, 0x61, 0x80, 0x63, 0x00, 0x7E, 0x00, 0x34, 0x2C,
  0x00, 0xE3, 0xE3, 0xF3, 0xD3, 0xDB, 0xCB, 0xCF, 0xC7, 0xC7, 0x30, 0x00, 0x18, 0x00, 0x00, 0x00,
  0x3E, 0x00, 0x63, 0x00, 0xC1, 0x80, 0xC1, 0x80, 0xC1, 0x80, 0xC1, 0x80, 0xC1, 0x80, 0x63, 0x00,
  0x3E, 0x00, 0x0C, 0x00, 0x18, 0x00, 0x00, 0x00, 0x3E, 0x00, 0x63, 0x00, 0xC1, 0x80, 0xC1, 0x80,
  0xC1, 0x80, 0xC1, 0x80, 0xC1, 0x80, 0x63, 0x00, 0x3E, 0x00, 0x18, 0x00, 0x24, 0x00, 0x00, 0x00,
  0x3E, 0x00, 0x63, 0x00, 0xC1, 0x80, 0xC1, 0x80, 0xC1, 0x80, 0xC1, 0x80, 0xC1, 0x80, 0x63, 0x00,
  0x3E, 0x00, 0x1C, 0x00, 0x1C, 0x00, 0x00, 0x00, 0x3E, 0x00, 0x63, 0x00, 0xC1, 0x80, 0xC1, 0x80,
  0xC1, 0x80, 0xC1, 0x80, 0xC1, 0x80, 0x63, 0x00, 0x3E, 0x00, 0x14, 0x00, 0x00, 0x00, 0x3E, 0x00,
  0x63, 0x00, 0xC1, 0x80, 0xC1, 0x80, 0xC1, 0x80, 0xC1, 0x80, 0xC1, 0x80, 0x63, 0x00, 0x3E, 0x00,
  0x82, 0x44, 0x28, 0x10, 0x28, 0x44, 0x82, 0x3E, 0x80, 0x63, 0x00, 0xC3, 0x80, 0xC5, 0x80, 0xC9,
  0x80, 0xD1, 0x80, 0xE1, 0x80, 0x63, 0x00, 0xBE, 0x00, 0x30, 0x18, 0x00, 0xC3, 0xC3, 0xC3, 0xC3,
  0xC3, 0xC3, 0xC3, 0xC3, 0x7E, 0x0C, 0x18, 0x00, 0xC3, 0xC3, 0xC3, 0xC3, 0xC3, 0xC3, 0xC3, 0xC3,
  0x7E, 0x18, 0x24, 0x00, 0xC3, 0xC3, 0xC3, 0xC3, 0xC3, 0xC3, 0xC3, 0xC3, 0x7E, 0x24, 0x00, 0xC3,
  0xC3, 0xC3, 0xC3, 0xC3, 0xC3, 0xC3, 0xC3, 0x7E, 0x0C, 0x18, 0x00, 0xC3, 0x66, 0x66, 0x3C, 0x18,
  0x18, 0x18, 0x18, 0x18, 0xC0, 0xFC, 0xC6, 0xC6, 0xC6, 0xC6, 0xFC, 0xC0, 0xC0, 0x78, 0xCC, 0xCC,
  0xD8, 0xD8, 0xD8, 0xDE, 0xC6, 0xC6, 0xDC, 0x60, 0x30, 0x00, 0x3C, 0x46, 0x06, 0x7E, 0xC6, 0xC6,
  0x7E, 0x18, 0x30, 0x00, 0x3C, 0x46, 0x06, 0x7E, 0xC6, 0xC6, 0x7E, 0x30, 0x48, 0x00, 0x3C, 0x46,
  0x06, 0x7E, 0xC6, 0xC6, 0x7E, 0x34, 0x2C, 0x00, 0x3C, 0x46, 0x06, 0x7E, 0xC6, 0xC6, 0x7E, 0x28,
  0x00, 0x3C, 0x46, 0x06, 0x7E, 0xC6, 0xC6, 0x7E, 0x38, 0x28, 0x38, 0x00, 0x3C, 0x46, 0x06, 0x7E,
  0xC6, 0xC6, 0x7E, 0x3D, 0xC0, 0x47, 0x20, 0x06, 0x30, 0x7F, 0xF0, 0xC6, 0x00, 0xCF, 0x10, 0x7B,
  0xE0, 0x38, 0x64, 0xC0, 0xC0, 0xC0, 0x64, 0x38, 0x08, 0x38, 0x60, 0x30, 0x00, 0x3C, 0x64, 0xC6,
  0xFE, 0xC0, 0x62, 0x3C, 0x18, 0x30, 0x00, 0x3C, 0x64, 0xC6, 0xFE, 0xC0, 0x62, 0x3C, 0x30, 0x48,
  0x00, 0x3C, 0x64, 0xC6, 0xFE, 0xC0, 0x62, 0x3C, 0x28, 0x00, 0x3C, 0x64, 0xC6, 0xFE, 0xC0, 0x62,
  0x3C, 0xC0, 0x60, 0x00, 0x60, 0x60, 0x60, 0x60, 0x60, 0x60, 0x60, 0x60, 0xC0, 0x00, 0xC0, 0xC0,
  0xC0, 0xC0, 0xC0, 0xC0, 0xC0, 0x60, 0x90, 0x00, 0x60, 0x60, 0x60, 0x60, 0x60, 0x60, 0x60, 0x90,
  0x00, 0x60, 0x60, 0x60, 0x60, 0x60, 0x60, 0x60, 0x34, 0x18, 0x38, 0x0C, 0x7C, 0xC6, 0xC6, 0xC6,
  0xC6, 0x7C, 0x68, 0x58, 0x00, 0xFC, 0xE6, 0xC6, 0xC6, 0xC6, 0xC6, 0xC6, 0x60, 0x30, 0x00, 0x7C,
  0xC6, 0xC6, 0xC6, 0xC6, 0xC6, 0x7C, 0x18, 0x30, 0x00, 0x7C, 0xC6, 0xC6, 0xC6, 0xC6, 0xC6, 0x7C,
  0x10, 0x28, 0x00, 0x7C, 0xC6, 0xC6, 0xC6, 0xC6, 0xC6, 0x7C, 0x74, 0x5C, 0x00, 0x7C, 0xC6, 0xC6,
  0xC6, 0xC6, 0xC6, 0x7C, 0x28, 0x00, 0x7C, 0xC6, 0xC6, 0xC6, 0xC6, 0xC6, 0x7C, 0x18, 0x18, 0x00,
  0xFF, 0x00, 0x18, 0x18, 0x3A, 0x44, 0xCE, 0xD6, 0xE6, 0x44, 0xB8, 0x60, 0x30, 0x00, 0xC6, 0xC6,
  0xC6, 0xC6, 0xC6, 0xCE, 0x7E, 0x18, 0x30, 0x00, 0xC6, 0xC6, 0xC6, 0xC6, 0xC6, 0xCE, 0x7E, 0x10,
  0x28, 0x00, 0xC6, 0xC6, 0xC6, 0xC6, 0xC6, 0xCE, 0x7E, 0x28, 0x00, 0xC6, 0xC6, 0xC6, 0xC6, 0xC6,
  0xCE, 0x7E, 0x0C, 0x18, 0x00, 0xC6, 0xC6, 0x6C, 0x6C, 0x3C, 0x38, 0x18, 0x18, 0x30, 0x60, 0xC0,
  0xC0, 0xC0, 0xFC, 0xC6, 0xC6, 0xC6, 0xC6, 0xC6, 0xFC, 0xC0, 0xC0, 0xC0, 0x14, 0x00, 0xC6, 0xC6,
  0x6C, 0x6C, 0x3C, 0x38, 0x18, 0x18, 0x30, 0x60, 0xF8, 0xFF, 0xE0, 0x20, 0x40, 0xC0, 0xC0, 0x60,
  0x60, 0x40, 0x80, 0x24, 0x48, 0xD8, 0xD8, 0x6C, 0x6C, 0x48, 0x90, 0x60, 0xF0, 0xF0, 0x60, 0xCC,
  0xC0, 0xCC, 0xC0, 0x1F, 0x31, 0x60, 0xFC, 0x60, 0xFC, 0x60, 0x31, 0x1F, 0x02, 0x00, 0x01, 0x00,
  0xFF, 0x80, 0x01, 0x00, 0x02, 0x00,
};
// DejaVuSans.ttf @ 12px: 201 glyphs, 1792 bitmap bytes
const Glyph sans_12_glyphs[] = {
  {0x0020, 0, 0, 0, 12, 4, 0, 0},
  {0x0021, 1, 9, 2, 3, 5, 0, 0},
  {0x0022, 3, 3, 1, 3, 5, 0, 9},
  {0x0023, 8, 8, 1, 4, 10, 0, 12},
  {0x0024, 5, 11, 2, 3, 8, 0, 20},
  {0x0025, 10, 9, 0, 3, 11, 0, 31},
  {0x0026, 8, 9, 1, 3, 10, 0, 49},
  {0x0027, 1, 3, 1, 3, 3, 0, 58},
  {0x0028, 3, 11, 1, 2, 5, 0, 61},
  {0x0029, 3, 11, 1, 2, 5, 0, 72},
  {0x002A, 5, 6, 1, 3, 6, 0, 83},
  {0x002B, 7, 7, 1, 5, 10, 0, 89},
  {0x002C, 1, 3, 1, 10, 4, 0, 96},
  {0x002D, 3, 1, 1, 8, 4, 0, 99},
  {0x002E, 1, 2, 1, 10, 4, 0, 100},
  {0x002F, 4, 10, 0, 3, 4, 0, 102},
  {0x0030, 6, 9, 1, 3, 8, 0, 112},
  {0x0031, 5, 9, 1, 3, 8, 0, 121},
  {0x0032, 6, 9, 1, 3, 8, 0, 130},
  {0x0033, 6, 9, 1, 3, 8, 0, 139},
  {0x0034, 6, 9, 1, 3, 8, 0, 148},
  {0x0035, 6, 9, 1, 3, 8, 0, 157},
  {0x0036, 6, 9, 1, 3, 8, 0, 166},
  {0x0037, 6, 9, 1, 3, 8, 0, 175},
  {0x0038, 6, 9, 1, 3, 8, 0, 184},
  {0x0039, 6, 9, 1, 3, 8, 0, 193},
  {0x003A, 1, 6, 1, 6, 4, 0, 202},
  {0x003B, 1, 7, 1, 6, 4, 0, 208},
  {0x003C, 8, 6, 1, 5, 10, 0, 215},
  {0x003D, 8, 3, 1, 7, 10, 0, 221},
  {0x003E, 8, 6, 1, 5, 10, 0, 224},
  {0x003F, 5, 9, 0, 3, 6, 0, 230},
  {0x0040, 11, 11, 1, 3, 13, 0, 239},
  {0x0041, 8, 9, 0, 3, 8, 0, 261},
  {0x0042, 6, 9, 1, 3, 8, 0, 270},
  {0x0043, 6, 9, 1, 3, 8, 0, 279},
  {0x0044, 7, 9, 1, 3, 9, 0, 288},
  {0x0045, 6, 9, 1, 3, 8, 0, 297},
  {0x0046, 5, 9, 1, 3, 7, 0, 306},
  {0x0047, 7, 9, 1, 3, 9, 0, 315},
  {0x0048, 7, 9, 1, 3, 9, 0, 324},
  {0x0049, 1, 9, 1, 3, 3, 0, 333},
  {0x004A, 3, 11, -1, 3, 3, 0, 342},
  {0x004B, 6, 9, 1, 3, 7, 0, 353},
  {0x004C, 5, 9, 1, 3, 6, 0, 362},
  {0x004D, 8, 9, 1, 3, 10, 0, 371},
  {0x004E, 7, 9, 1, 3, 9, 0, 380},
  {0x004F, 7, 9, 1, 3, 9, 0, 389},
  {0x0050, 6, 9, 1, 3, 8, 0, 398},
  {0x0051, 7, 11, 1, 3, 9, 0, 407},
  {0x0052, 7, 9, 1, 3, 8, 0, 418},
  {0x0053, 6, 9, 1, 3, 8, 0, 427},
  {0x0054, 7, 9, 0, 3, 7, 0, 436},
  {0x0055, 7, 9, 1, 3, 9, 0, 445},
  {0x0056, 8, 9, 0, 3, 8, 0, 454},
  {0x0057, 11, 9, 0, 3, 11, 0, 463},
  {0x0058, 7, 9, 0, 3, 7, 0, 481},
  {0x0059, 7, 9, 0, 3, 7, 0, 490},
  {0x005A, 7, 9, 1, 3, 9, 0, 499},
  {0x005B, 2, 11, 2, 3, 5, 0, 508},
  {0x005C, 4, 10, 0, 3, 4, 0, 519},
  {0x005D, 2, 11, 1, 3, 5, 0, 529},
  {0x005E, 6, 3, 2, 3, 10, 0, 540},
  {0x005F, 6, 1, 0, 14, 6, 0, 543},
  {0x0060, 2, 2, 2, 2, 6, 0, 544},
  {0x0061, 6, 7, 1, 5, 8, 0, 546},
  {0x0062, 6, 10, 1, 2, 8, 0, 553},
  {0x0063, 5, 7, 1, 5, 7, 0, 563},
  {0x0064, 6, 10, 1, 2, 8, 0, 570},
  {0x0065, 6, 7, 1, 5, 8, 0, 580},
  {0x0066, 4, 10, 0, 2, 4, 0, 587},
  {0x0067, 6, 10, 1, 5, 8, 0, 597},
  {0x0068, 6, 10, 1, 2, 8, 0, 607},
  {0x0069, 1, 9, 1, 3, 3, 0, 617},
  {0x006A, 2, 12, 0, 3, 3, 0, 626},
  {0x006B, 5, 10, 1, 2, 7, 0, 638},
  {0x006C, 1, 10, 1, 2, 3, 0, 648},
  {0x006D, 9, 7, 1, 5, 11, 0, 658},
  {0x006E, 6, 7, 1, 5, 8, 0, 672},
  {0x006F, 6, 7, 1, 5, 8, 0, 679},
  {0x0070, 6, 10, 1, 5, 8, 0, 686},
  {0x0071, 6, 10, 1, 5, 8, 0, 696},
  {0x0072, 4, 7, 1, 5, 5, 0, 706},
  {0x0073, 5, 7, 1, 5, 7, 0, 713},
  {0x0074, 4, 9, 0, 3, 5, 0, 720},
  {0x0075, 6, 7, 1, 5, 8, 0, 729},
  {0x0076, 6, 7, -1, 5, 6, 0, 736},
  {0x0077, 9, 7, 0, 5, 9, 0, 743},
  {0x0078, 6, 7, 0, 5, 6, 0, 757},
  {0x0079, 6, 10, -1, 5, 6, 0, 764},
  {0x007A, 5, 7, 0, 5, 5, 0, 774},
  {0x007B, 5, 11, 2, 3, 8, 0, 781},
  {0x007C, 1, 12, 2, 3, 4, 0, 792},
  {0x007D, 5, 11, 1, 3, 8, 0, 804},
  {0x007E, 8, 2, 1, 6, 10, 0, 815},
  {0x00A0, 0, 0, 0, 12, 4, 0, 817},
  {0x00A1, 1, 9, 2, 5, 5, 0, 817},
  {0x00A2, 5, 11, 1, 3, 8, 0, 826},
  {0x00A3, 5, 9, 2, 3, 8, 0, 837},
  {0x00A4, 7, 7, 0, 4, 8, 0, 846},
  {0x00A5, 7, 9, 1, 3, 8, 0, 853},
  {0x00A6, 1, 10, 2, 4, 4, 0, 862},
  {0x00A7, 5, 10, 0, 3, 6, 0, 872},
  {0x00A8, 3, 1, 2, 3, 6, 0, 882},
  {0x00A9, 9, 9, 2, 3, 12, 0, 883},
  {0x00AA, 5, 7, 1, 3, 6, 0, 901},
  {0x00AB, 6, 5, 1, 6, 7, 0, 908},
  {0x00AC, 8, 3, 1, 7, 10, 0, 913},
  {0x00AD, 3, 1, 1, 8, 4, 0, 916},
  {0x00AE, 9, 9, 2, 3, 12, 0, 917},
  {0x00AF, 4, 1, 1, 3, 6, 0, 935},
  {0x00B0, 4, 4, 1, 3, 6, 0, 936},
  {0x00B1, 7, 7, 2, 5, 10, 0, 940},
  {0x00B2, 3, 5, 1, 3, 5, 0, 947},
  {0x00B3, 4, 5, 1, 3, 5, 0, 952},
  {0x00B4, 2, 2, 2, 2, 6, 0, 957},
  {0x00B5, 7, 10, 1, 5, 8, 0, 959},
  {0x00B6, 5, 10, 1, 3, 8, 0, 969},
  {0x00B7, 1, 2, 1, 7, 4, 0, 979},
  {0x00B8, 2, 2, 2, 12, 6, 0, 981},
  {0x00B9, 3, 5, 1, 3, 5, 0, 983},
  {0x00BA, 5, 7, 1, 3, 6, 0, 988},
  {0x00BB, 6, 5, 1, 6, 7, 0, 995},
  {0x00BC, 11, 9, 1, 3, 12, 0, 1000},
  {0x00BD, 10, 9, 1, 3, 12, 0, 1018},
  {0x00BE, 11, 9, 1, 3, 12, 0, 1036},
  {0x00BF, 5, 10, 1, 5, 6, 0, 1054},
  {0x00C0, 8, 12, 0, 0, 8, 0, 1064},
  {0x00C1, 8, 12, 0, 0, 8, 0, 1076},
  {0x00C2, 8, 12, 0, 0, 8, 0, 1088},
  {0x00C3, 8, 12, 0, 0, 8, 0, 1100},
  {0x00C4, 8, 11, 0, 1, 8, 0, 1112},
  {0x00C5, 8, 12, 0, 0, 8, 0, 1123},
  {0x00C6, 11, 9, 0, 3, 12, 0, 1135},
  {0x00C7, 6, 11, 1, 3, 8, 0, 1153},
  {0x00C8, 6, 12, 1, 0, 8, 0, 1164},
  {0x00C9, 6, 12, 1, 0, 8, 0, 1176},
  {0x00CA, 6, 12, 1, 0, 8, 0, 1188},
  {0x00CB, 6, 11, 1, 1, 8, 0, 1200},
  {0x00CC, 2, 12, 1, 0, 3, 0, 1211},
  {0x00CD, 2, 12, 1, 0, 3, 0, 1223},
  {0x00CE, 5, 12, -1, 0, 3, 0, 1235},
  {0x00CF, 3, 11, 0, 1, 3, 0, 1247},
  {0x00D0, 8, 9, 0, 3, 9, 0, 1258},
  {0x00D1, 7, 12, 1, 0, 9, 0, 1267},
  {0x00D2, 7, 12, 1, 0, 9, 0, 1279},
  {0x00D3, 7, 12, 1, 0, 9, 0, 1291},
  {0x00D4, 7, 12, 1, 0, 9, 0, 1303},
  {0x00D5, 7, 12, 1, 0, 9, 0, 1315},
  {0x00D6, 7, 11, 1, 1, 9, 0, 1327},
  {0x00D7, 7, 7, 2, 5, 10, 0, 1338},
  {0x00D8, 7, 9, 1, 2, 9, 0, 1345},
  {0x00D9, 7, 12, 1, 0, 9, 0, 1354},
  {0x00DA, 7, 12, 1, 0, 9, 0, 1366},
  {0x00DB, 7, 12, 1, 0, 9, 0, 1378},
  {0x00DC, 7, 11, 1, 1, 9, 0, 1390},
  {0x00DD, 7, 12, 0, 0, 7, 0, 1401},
  {0x00DE, 6, 9, 1, 3, 8, 0, 1413},
  {0x00DF, 6, 10, 1, 2, 8, 0, 1422},
  {0x00E0, 6, 10, 1, 2, 8, 0, 1432},
  {0x00E1, 6, 10, 1, 2, 8, 0, 1442},
  {0x00E2, 6, 10, 1, 2, 8, 0, 1452},
  {0x00E3, 6, 10, 1, 2, 8, 0, 1462},
  {0x00E4, 6, 9, 1, 3, 8, 0, 1472},
  {0x00E5, 6, 12, 1, 0, 8, 0, 1481},
  {0x00E6, 10, 7, 1, 5, 12, 0, 1493},
  {0x00E7, 5, 9, 1, 5, 7, 0, 1507},
  {0x00E8, 6, 10, 1, 2, 8, 0, 1516},
  {0x00E9, 6, 10, 1, 2, 8, 0, 1526},
  {0x00EA, 6, 10, 1, 2, 8, 0, 1536},
  {0x00EB, 6, 9, 1, 3, 8, 0, 1546},
  {0x00EC, 2, 10, 1, 2, 3, 0, 1555},
  {0x00ED, 2, 10, 1, 2, 3, 0, 1565},
  {0x00EE, 5, 10, -1, 2, 3, 0, 1575},
  {0x00EF, 3, 9, 0, 3, 3, 0, 1585},
  {0x00F0, 6, 9, 1, 2, 8, 0, 1594},
  {0x00F1, 6, 10, 1, 2, 8, 0, 1603},
  {0x00F2, 6, 10, 1, 2, 8, 0, 1613},
  {0x00F3, 6, 10, 1, 2, 8, 0, 1623},
  {0x00F4, 6, 10, 1, 2, 8, 0, 1633},
  {0x00F5, 6, 10, 1, 2, 8, 0, 1643},
  {0x00F6, 6, 9, 1, 3, 8, 0, 1653},
  {0x00F7, 7, 5, 1, 6, 10, 0, 1662},
  {0x00F8, 6, 7, 1, 4, 8, 0, 1667},
  {0x00F9, 6, 10, 1, 2, 8, 0, 1674},
  {0x00FA, 6, 10, 1, 2, 8, 0, 1684},
  {0x00FB, 6, 10, 1, 2, 8, 0, 1694},
  {0x00FC, 6, 9, 1, 3, 8, 0, 1704},
  {0x00FD, 6, 13, -1, 2, 6, 0, 1713},
  {0x00FE, 6, 13, 1, 2, 8, 0, 1726},
  {0x00FF, 6, 12, -1, 3, 6, 0, 1739},
  {0x2013, 5, 1, 1, 8, 6, 0, 1751},
  {0x2014, 11, 1, 1, 8, 12, 0, 1752},
  {0x2018, 1, 3, 1, 3, 4, 0, 1754},
  {0x2019, 1, 3, 2, 3, 4, 0, 1757},
  {0x201C, 3, 3, 1, 3, 6, 0, 1760},
  {0x201D, 3, 3, 2, 3, 6, 0, 1763},
  {0x2022, 3, 3, 2, 6, 7, 0, 1766},
  {0x2026, 9, 2, 1, 10, 12, 0, 1769},
  {0x20AC, 7, 9, 1, 3, 8, 0, 1773},
  {0x2192, 9, 5, 1, 6, 10, 0, 1782},
};
const uint8_t sans_12_bitmap[] = {
  0x80, 0x80, 0x80, 0x80, 0x80, 0x80, 0x00, 0x80, 0x80, 0xA0, 0xA0, 0xA0, 0x12, 0x14, 0x7F, 0x24,
  0x24, 0xFE, 0x28, 0x48, 0x20, 0x70, 0xA8, 0xA0, 0xE0, 0x38, 0x28, 0xA8, 0x70, 0x20, 0x20, 0x61,
  0x00, 0x92, 0x00, 0x92, 0x00, 0x94, 0x00, 0x6D, 0x80, 0x0A, 0x40, 0x12, 0x40, 0x12, 0x40, 0x21,
  0x80, 0x30, 0x48, 0x40, 0x60, 0x51, 0x89, 0x86, 0xC4, 0x7B, 0x80, 0x80, 0x80, 0x60, 0x40, 0x40,
  0x80, 0x80, 0x80, 0x80, 0x80, 0x40, 0x40, 0x60, 0xC0, 0x40, 0x40, 0x20, 0x20, 0x20, 0x20, 0x20,
  0x40, 0x40, 0xC0, 0x20, 0xA8, 0x70, 0x70, 0xA8, 0x20, 0x10, 0x10, 0x10, 0xFE, 0x10, 0x10, 0x10,
  0x80, 0x80, 0x80, 0xE0, 0x80, 0x80, 0x10, 0x10, 0x20, 0x20, 0x20, 0x40, 0x40, 0x40, 0x80, 0x80,
  0x78, 0x48, 0x84, 0x84, 0x84, 0x84, 0x84, 0x48, 0x78, 0xE0, 0x20, 0x20, 0x20, 0x20, 0x20, 0x20,
  0x20, 0xF8, 0x78, 0x8C, 0x04, 0x04, 0x08, 0x10, 0x20, 0x40, 0xFC, 0x78, 0x84, 0x04, 0x04, 0x38,
  0x04, 0x04, 0x84, 0x78, 0x18, 0x18, 0x28, 0x48, 0x48, 0x88, 0xFC, 0x08, 0x08, 0xF8, 0x80, 0x80,
  0xF8, 0x0C, 0x04, 0x04, 0x8C, 0x78, 0x38, 0x44, 0x80, 0xB8, 0xCC, 0x84, 0x84, 0x4C, 0x78, 0xFC,
  0x04, 0x08, 0x08, 0x10, 0x10, 0x20, 0x20, 0x40, 0x78, 0x84, 0x84, 0x84, 0x78, 0x84, 0x84, 0x84,
  0x78, 0x78, 0xC8, 0x84, 0x84, 0xCC, 0x74, 0x04, 0x88, 0x70, 0x80, 0x80, 0x00, 0x00, 0x80, 0x80,
  0x80, 0x80, 0x00, 0x00, 0x80, 0x80, 0x80, 0x03, 0x1E, 0xE0, 0xE0, 0x1E, 0x03, 0xFF, 0x00, 0xFF,
  0xC0, 0x78, 0x07, 0x07, 0x78, 0xC0, 0x70, 0x88, 0x08, 0x10, 0x20, 0x20, 0x00, 0x20, 0x20, 0x1F,
  0x00, 0x20, 0xC0, 0x40, 0x40, 0x8F, 0x20, 0x91, 0x20, 0x91, 0x20, 0x91, 0x40, 0x8F, 0x80, 0x40,
  0x00, 0x20, 0x80, 0x1F, 0x00, 0x18, 0x18, 0x24, 0x24, 0x24, 0x42, 0x7E, 0x42, 0x81, 0xF8, 0x84,
  0x84, 0x84, 0xF8, 0x84, 0x84, 0x84, 0xF8, 0x38, 0x44, 0x80, 0x80, 0x80, 0x80, 0x80, 0x44, 0x38,
  0xF8, 0x84, 0x82, 0x82, 0x82, 0x82, 0x82, 0x84, 0xF8, 0xFC, 0x80, 0x80, 0x80, 0xFC, 0x80, 0x80,
  0x80, 0xFC, 0xF8, 0x80, 0x80, 0x80, 0xF8, 0x80, 0x80, 0x80, 0x80, 0x3C, 0x42, 0x80, 0x80, 0x8E,
  0x82, 0x82, 0x42, 0x3C, 0x82, 0x82, 0x82, 0x82, 0xFE, 0x82, 0x82, 0x82, 0x82, 0x80, 0x80, 0x80,
  0x80, 0x80, 0x80, 0x80, 0x80, 0x80, 0x20, 0x20, 0x20, 0x20, 0x20, 0x20, 0x20, 0x20, 0x20, 0x20,
  0xC0, 0x84, 0x88, 0x90, 0xA0, 0xC0, 0xA0, 0x90, 0x88, 0x84, 0x80, 0x80, 0x80, 0x80, 0x80, 0x80,
  0x80, 0x80, 0xF8, 0x81, 0xC3, 0xC3, 0xA5, 0xA5, 0x99, 0x99, 0x81, 0x81, 0xC2, 0xC2, 0xA2, 0xA2,
  0x92, 0x8A, 0x8A, 0x86, 0x86, 0x38, 0x44, 0x82, 0x82, 0x82, 0x82, 0x82, 0x44, 0x38, 0xF8, 0x84,
  0x84, 0x84, 0xF8, 0x80, 0x80, 0x80, 0x80, 0x38, 0x44, 0x82, 0x82, 0x82, 0x82, 0x82, 0x44, 0x38,
  0x08, 0x04, 0xF8, 0x84, 0x84, 0x84, 0xF8, 0x88, 0x84, 0x84, 0x82, 0x78, 0x84, 0x80, 0x80, 0x78,
  0x04, 0x04, 0x84, 0x78, 0xFE, 0x10, 0x10, 0x10, 0x10, 0x10, 0x10, 0x10, 0x10, 0x82, 0x82, 0x82,
  0x82, 0x82, 0x82, 0x82, 0xC6, 0x7C, 0x81, 0x81, 0x42, 0x42, 0x42, 0x24, 0x24, 0x18, 0x18, 0x84,
  0x20, 0x44, 0x40, 0x44, 0x40, 0x4A, 0x40, 0x2A, 0x80, 0x2A, 0x80, 0x2A, 0x80, 0x11, 0x00, 0x11,
  0x00, 0xC6, 0x44, 0x28, 0x28, 0x10, 0x28, 0x28, 0x44, 0x82, 0x82, 0x44, 0x44, 0x28, 0x28, 0x10,
  0x10, 0x10, 0x10, 0xFE, 0x02, 0x04, 0x08, 0x10, 0x20, 0x40, 0x80, 0xFE, 0xC0, 0x80, 0x80, 0x80,
  0x80, 0x80, 0x80, 0x80, 0x80, 0x80, 0xC0, 0x80, 0x80, 0x40, 0x40, 0x40, 0x20, 0x20, 0x20, 0x10,
  0x10, 0xC0, 0x40, 0x40, 0x40, 0x40, 0x40, 0x40, 0x40, 0x40, 0x40, 0xC0, 0x30, 0x48, 0x84, 0xFC,
  0x80, 0x40, 0x78, 0x84, 0x04, 0x7C, 0x84, 0x8C, 0x74, 0x80, 0x80, 0x80, 0xF8, 0xCC, 0x84, 0x84,
  0x84, 0xCC, 0xF8, 0x70, 0xC8, 0x80, 0x80, 0x80, 0xC8, 0x70, 0x04, 0x04, 0x04, 0x7C, 0xCC, 0x84,
  0x84, 0x84, 0xCC, 0x7C, 0x78, 0xCC, 0x84, 0xFC, 0x80, 0xC4, 0x78, 0x30, 0x40, 0x40, 0xF0, 0x40,
  0x40, 0x40, 0x40, 0x40, 0x40, 0x7C, 0xCC, 0x84, 0x84, 0x84, 0xCC, 0x7C, 0x04, 0x4C, 0x38, 0x80,
  0x80, 0x80, 0xB8, 0xC4, 0x84, 0x84, 0x84, 0x84, 0x84, 0x80, 0x00, 0x80, 0x80, 0x80, 0x80, 0x80,
  0x80, 0x80, 0x40, 0x00, 0x40, 0x40, 0x40, 0x40, 0x40, 0x40, 0x40, 0x40, 0x40, 0xC0, 0x80, 0x80,
  0x80, 0x88, 0x90, 0xA0, 0xC0, 0xA0, 0x90, 0x88, 0x80, 0x80, 0x80, 0x80, 0x80, 0x80, 0x80, 0x80,
  0x80, 0x80, 0xF7, 0x00, 0x88, 0x80, 0x88, 0x80, 0x88, 0x80, 0x88, 0x80, 0x88, 0x80, 0x88, 0x80,
  0xB8, 0xC4, 0x84, 0x84, 0x84, 0x84, 0x84, 0x78, 0xCC, 0x84, 0x84, 0x84, 0xCC, 0x78, 0xF8, 0xCC,
  0x84, 0x84, 0x84, 0xCC, 0xF8, 0x80, 0x80, 0x80, 0x7C, 0xCC, 0x84, 0x84, 0x84, 0xCC, 0x7C, 0x04,
  0x04, 0x04, 0xB0, 0xC0, 0x80, 0x80, 0x80, 0x80, 0x80, 0x70, 0x88, 0x80, 0x70, 0x08, 0x88, 0x70,
  0x40, 0x40, 0xF0, 0x40, 0x40, 0x40, 0x40, 0x40, 0x70, 0x84, 0x84, 0x84, 0x84, 0x84, 0x8C, 0x74,
  0x84, 0x84, 0x48, 0x48, 0x48, 0x30, 0x30, 0x88, 0x80, 0x88, 0x80, 0x55, 0x00, 0x55, 0x00, 0x55,
  0x00, 0x22, 0x00, 0x22, 0x00, 0x84, 0x48, 0x48, 0x30, 0x48, 0x48, 0x84, 0x84, 0x84, 0x48, 0x48,
  0x28, 0x30, 0x10, 0x10, 0x20, 0xC0, 0xF8, 0x08, 0x10, 0x20, 0x40, 0x80, 0xF8, 0x38, 0x20, 0x20,
  0x20, 0x20, 0xC0, 0x20, 0x20, 0x20, 0x20, 0x38, 0x80, 0x80, 0x80, 0x80, 0x80, 0x80, 0x80, 0x80,
  0x80, 0x80, 0x80, 0x80, 0xE0, 0x20, 0x20, 0x20, 0x20, 0x18, 0x20, 0x20, 0x20, 0x20, 0xE0, 0x71,
  0x8E, 0x80, 0x80, 0x00, 0x80, 0x80, 0x80, 0x80, 0x80, 0x80, 0x20, 0x20, 0x70, 0xA8, 0xA0, 0xA0,
  0xA0, 0xA8, 0x70, 0x20, 0x20, 0x30, 0x48, 0x40, 0x40, 0xF0, 0x40, 0x40, 0x40, 0xF8, 0x82, 0x7C,
  0x44, 0x44, 0x44, 0x7C, 0x82, 0x82, 0x44, 0x28, 0x6C, 0x10, 0x7C, 0x10, 0x10, 0x10, 0x80, 0x80,
  0x80, 0x80, 0x00, 0x00, 0x80, 0x80, 0x80, 0x80, 0x78, 0x80, 0xC0, 0xB0, 0x98, 0xC8, 0x68, 0x18,
  0x08, 0xF0, 0xA0, 0x3E, 0x00, 0x63, 0x00, 0xDF, 0x80, 0xA0, 0x80, 0xA0, 0x80, 0xA0, 0x80, 0xDF,
  0x80, 0x63, 0x00, 0x3E, 0x00, 0x70, 0x08, 0x78, 0x88, 0xF8, 0x00, 0xF8, 0x24, 0x6C, 0x90, 0x6C,
  0x24, 0xFF, 0x01, 0x01, 0xE0, 0x3E, 0x00, 0x63, 0x00, 0xFF, 0x80, 0xA2, 0x80, 0xBC, 0x80, 0xA4,
  0x80, 0xE3, 0x80, 0x63, 0x00, 0x3E, 0x00, 0xF0, 0x60, 0x90, 0x90, 0x60, 0x10, 0x10, 0xFE, 0x10,
  0x10, 0x00, 0xFE, 0xE0, 0x20, 0x20, 0x40, 0xE0, 0xF0, 0x10, 0x60, 0x10, 0xF0, 0x40, 0x80, 0x84,
  0x84, 0x84, 0x84, 0x84, 0x84, 0xFE, 0x80, 0x80, 0x80, 0x78, 0xE8, 0xE8, 0xE8, 0x68, 0x28, 0x28,
  0x28, 0x28, 0x28, 0x80, 0x80, 0x40, 0xC0, 0xC0, 0x40, 0x40, 0x40, 0xE0, 0x70, 0x88, 0x88, 0x88,
  0x70, 0x00, 0xF8, 0x90, 0xD8, 0x24, 0xD8, 0x90, 0xC1, 0x00, 0x42, 0x00, 0x42, 0x00, 0x44, 0x00,
  0xEC, 0x40, 0x08, 0xC0, 0x11, 0x40, 0x11, 0xE0, 0x20, 0x40, 0xC1, 0x00, 0x42, 0x00, 0x42, 0x00,
  0x44, 0x00, 0xED, 0xC0, 0x08, 0x40, 0x10, 0x40, 0x10, 0x80, 0x21, 0xC0, 0xF1, 0x00, 0x12, 0x00,
  0x62, 0x00, 0x14, 0x00, 0xFC, 0x40, 0x08, 0xC0, 0x11, 0x40, 0x11, 0xE0, 0x20, 0x40, 0x20, 0x20,
  0x00, 0x20, 0x20, 0x60, 0xC0, 0x80, 0x88, 0x70, 0x10, 0x08, 0x00, 0x18, 0x18, 0x24, 0x24, 0x24,
  0x42, 0x7E, 0x42, 0x81, 0x08, 0x10, 0x00, 0x18, 0x18, 0x24, 0x24, 0x24, 0x42, 0x7E, 0x42, 0x81,
  0x18, 0x24, 0x00, 0x18, 0x18, 0x24, 0x24, 0x24, 0x42, 0x7E, 0x42, 0x81, 0x34, 0x2C, 0x00, 0x18,
  0x18, 0x24, 0x24, 0x24, 0x42, 0x7E, 0x42, 0x81, 0x24, 0x00, 0x18, 0x18, 0x24, 0x24, 0x24, 0x42,
  0x7E, 0x42, 0x81, 0x18, 0x24, 0x24, 0x18, 0x18, 0x24, 0x24, 0x24, 0x42, 0x7E, 0x42, 0x81, 0x1F,
  0xE0, 0x14, 0x00, 0x14, 0x00, 0x24, 0x00, 0x27, 0xE0, 0x44, 0x00, 0x7C, 0x00, 0x44, 0x00, 0x87,
  0xE0, 0x38, 0x44, 0x80, 0x80, 0x80, 0x80, 0x80, 0x44, 0x38, 0x08, 0x18, 0x20, 0x10, 0x00, 0xFC,
  0x80, 0x80, 0x80, 0xFC, 0x80, 0x80, 0x80, 0xFC, 0x10, 0x20, 0x00, 0xFC, 0x80, 0x80, 0x80, 0xFC,
  0x80, 0x80, 0x80, 0xFC, 0x30, 0x48, 0x00, 0xFC, 0x80, 0x80, 0x80, 0xFC, 0x80, 0x80, 0x80, 0xFC,
  0x50, 0x00, 0xFC, 0x80, 0x80, 0x80, 0xFC, 0x80, 0x80, 0x80, 0xFC, 0x80, 0x40, 0x00, 0x80, 0x80,
  0x80, 0x80, 0x80, 0x80, 0x80, 0x80, 0x80, 0x40, 0x80, 0x00, 0x80, 0x80, 0x80, 0x80, 0x80, 0x80,
  0x80, 0x80, 0x80, 0x70, 0xD8, 0x00, 0x20, 0x20, 0x20, 0x20, 0x20, 0x20, 0x20, 0x20, 0x20, 0xA0,
  0x00, 0x40, 0x40, 0x40, 0x40, 0x40, 0x40, 0x40, 0x40, 0x40, 0x7C, 0x42, 0x41, 0x41, 0xF1, 0x41,
  0x41, 0x42, 0x7C, 0x74, 0x5C, 0x00, 0xC2, 0xC2, 0xA2, 0xA2, 0x92, 0x8A, 0x8A, 0x86, 0x86, 0x10,
  0x08, 0x00, 0x38, 0x44, 0x82, 0x82, 0x82, 0x82, 0x82, 0x44, 0x38, 0x08, 0x10, 0x00, 0x38, 0x44,
  0x82, 0x82, 0x82, 0x82, 0x82, 0x44, 0x38, 0x10, 0x28, 0x00, 0x38, 0x44, 0x82, 0x82, 0x82, 0x82,
  0x82, 0x44, 0x38, 0x74, 0x5C, 0x00, 0x38, 0x44, 0x82, 0x82, 0x82, 0x82, 0x82, 0x44, 0x38, 0x28,
  0x00, 0x38, 0x44, 0x82, 0x82, 0x82, 0x82, 0x82, 0x44, 0x38, 0x82, 0x44, 0x28, 0x10, 0x28, 0x44,
  0x82, 0x3A, 0x44, 0x86, 0x8A, 0x92, 0xA2, 0xC2, 0x44, 0xB8, 0x20, 0x10, 0x00, 0x82, 0x82, 0x82,
  0x82, 0x82, 0x82, 0x82, 0xC6, 0x7C, 0x10, 0x20, 0x00, 0x82, 0x82, 0x82, 0x82, 0x82, 0x82, 0x82,
  0xC6, 0x7C, 0x10, 0x28, 0x00, 0x82, 0x82, 0x82, 0x82, 0x82, 0x82, 0x82, 0xC6, 0x7C, 0x28, 0x00,
  0x82, 0x82, 0x82, 0x82, 0x82, 0x82, 0x82, 0xC6, 0x7C, 0x08, 0x10, 0x00, 0x82, 0x44, 0x44, 0x28,
  0x28, 0x10, 0x10, 0x10, 0x10, 0x80, 0xF8, 0x84, 0x84, 0x84, 0xF8, 0x80, 0x80, 0x80, 0x70, 0x88,
  0x88, 0xB0, 0xA0, 0xB0, 0x88, 0x84, 0x84, 0xB8, 0x20, 0x10, 0x00, 0x78, 0x84, 0x04, 0x7C, 0x84,
  0x8C, 0x74, 0x10, 0x20, 0x00, 0x78, 0x84, 0x04, 0x7C, 0x84, 0x8C, 0x74, 0x30, 0x48, 0x00, 0x78,
  0x84, 0x04, 0x7C, 0x84, 0x8C, 0x74, 0x68, 0x58, 0x00, 0x78, 0x84, 0x04, 0x7C, 0x84, 0x8C, 0x74,
  0x48, 0x00, 0x78, 0x84, 0x04, 0x7C, 0x84, 0x8C, 0x74, 0x30, 0x48, 0x48, 0x30, 0x00, 0x78, 0x84,
  0x04, 0x7C, 0x84, 0x8C, 0x74, 0x77, 0x80, 0x8C, 0xC0, 0x08, 0x40, 0x7F, 0xC0, 0x88, 0x00, 0x9C,
  0x40, 0x77, 0x80, 0x70, 0xC8, 0x80, 0x80, 0x80, 0xC8, 0x70, 0x10, 0x30, 0x20, 0x10, 0x00, 0x78,
  0xCC, 0x84, 0xFC, 0x80, 0xC4, 0x78, 0x10, 0x20, 0x00, 0x78, 0xCC, 0x84, 0xFC, 0x80, 0xC4, 0x78,
  0x30, 0x48, 0x00, 0x78, 0xCC, 0x84, 0xFC, 0x80, 0xC4, 0x78, 0x28, 0x00, 0x78, 0xCC, 0x84, 0xFC,
  0x80, 0xC4, 0x78, 0x80, 0x40, 0x00, 0x80, 0x80, 0x80, 0x80, 0x80, 0x80, 0x80, 0x40, 0x80, 0x00,
  0x80, 0x80, 0x80, 0x80, 0x80, 0x80, 0x80, 0x70, 0xD8, 0x00, 0x20, 0x20, 0x20, 0x20, 0x20, 0x20,
  0x20, 0xA0, 0x00, 0x40, 0x40, 0x40, 0x40, 0x40, 0x40, 0x40, 0x48, 0x70, 0x10, 0x78, 0xC4, 0x84,
  0x84, 0xCC, 0x78, 0x74, 0x5C, 0x00, 0xB8, 0xC4, 0x84, 0x84, 0x84, 0x84, 0x84, 0x20, 0x10, 0x00,
  0x78, 0xCC, 0x84, 0x84, 0x84, 0xCC, 0x78, 0x10, 0x20, 0x00, 0x78, 0xCC, 0x84, 0x84, 0x84, 0xCC,
  0x78, 0x30, 0x48, 0x00, 0x78, 0xCC, 0x84, 0x84, 0x84, 0xCC, 0x78, 0x68, 0x58, 0x00, 0x78, 0xCC,
  0x84, 0x84, 0x84, 0xCC, 0x78, 0x48, 0x00, 0x78, 0xCC, 0x84, 0x84, 0x84, 0xCC, 0x78, 0x10, 0x00,
  0xFE, 0x00, 0x10, 0x7C, 0xCC, 0x94, 0xA4, 0xA4, 0xCC, 0xF8, 0x20, 0x10, 0x00, 0x84, 0x84, 0x84,
  0x84, 0x84, 0x8C, 0x74, 0x10, 0x20, 0x00, 0x84, 0x84, 0x84, 0x84, 0x84, 0x8C, 0x74, 0x30, 0x48,
  0x00, 0x84, 0x84, 0x84, 0x84, 0x84, 0x8C, 0x74, 0x48, 0x00, 0x84, 0x84, 0x84, 0x84, 0x84, 0x8C,
  0x74, 0x08, 0x10, 0x00, 0x84, 0x84, 0x48, 0x48, 0x28, 0x30, 0x10, 0x10, 0x20, 0xC0, 0x80, 0x80,
  0x80, 0xF8, 0xCC, 0x84, 0x84, 0x84, 0xCC, 0xF8, 0x80, 0x80, 0x80, 0x48, 0x00, 0x84, 0x84, 0x48,
  0x48, 0x28, 0x30, 0x10, 0x10, 0x20, 0xC0, 0xF8, 0xFF, 0xE0, 0x80, 0x80, 0x80, 0x80, 0x80, 0x80,
  0xA0, 0xA0, 0xA0, 0xA0, 0xA0, 0xA0, 0xE0, 0xE0, 0xE0, 0x88, 0x80, 0x88, 0x80, 0x1C, 0x22, 0x40,
  0xFC, 0x40, 0xF8, 0x40, 0x22, 0x1C, 0x02, 0x00, 0x01, 0x00, 0xFF, 0x80, 0x01, 0x00, 0x02, 0x00,
};
// DejaVuSans.ttf @ 11px: 201 glyphs, 1571 bitmap bytes
const Glyph sans_11_glyphs[] = {
  {0x0020, 0, 0, 0, 11, 4, 0, 0},
  {0x0021, 1, 8, 1, 3, 3, 0, 0},
  {0x0022, 3, 3, 1, 3, 5, 0, 8},
  {0x0023, 8, 8, 1, 3, 9, 0, 11},
  {0x0024, 5, 10, 1, 3, 7, 0, 19},
  {0x0025, 9, 8, 0, 3, 10, 0, 29},
  {0x0026, 8, 8, 1, 3, 10, 0, 45},
  {0x0027, 1, 3, 1, 3, 3, 0, 53},
  {0x0028, 2, 10, 1, 2, 4, 0, 56},
  {0x0029, 2, 10, 1, 2, 4, 0, 66},
  {0x002A, 5, 6, 0, 3, 6, 0, 76},
  {0x002B, 7, 7, 1, 4, 9, 0, 82},
  {0x002C, 1, 2, 1, 10, 4, 0, 89},
  {0x002D, 3, 1, 1, 7, 4, 0, 91},
  {0x002E, 1, 1, 1, 10, 4, 0, 92},
  {0x002F, 4, 9, 0, 3, 4, 0, 93},
  {0x0030, 5, 8, 1, 3, 7, 0, 102},
  {0x0031, 5, 8, 1, 3, 7, 0, 110},
  {0x0032, 5, 8, 1, 3, 7, 0, 118},
  {0x0033, 5, 8, 1, 3, 7, 0, 126},
  {0x0034, 6, 8, 0, 3, 7, 0, 134},
  {0x0035, 5, 8, 1, 3, 7, 0, 142},
  {0x0036, 5, 8, 1, 3, 7, 0, 150},
  {0x0037, 5, 8, 1, 3, 7, 0, 158},
  {0x0038, 5, 8, 1, 3, 7, 0, 166},
  {0x0039, 5, 8, 1, 3, 7, 0, 174},
  {0x003A, 1, 6, 1, 5, 4, 0, 182},
  {0x003B, 1, 7, 1, 5, 4, 0, 188},
  {0x003C, 7, 6, 1, 5, 9, 0, 195},
  {0x003D, 7, 3, 1, 6, 9, 0, 201},
  {0x003E, 7, 6, 1, 5, 9, 0, 204},
  {0x003F, 4, 8, 1, 3, 6, 0, 210},
  {0x0040, 10, 10, 1, 3, 12, 0, 218},
  {0x0041, 7, 8, 0, 3, 7, 0, 238},
  {0x0042, 6, 8, 1, 3, 8, 0, 246},
  {0x0043, 6, 8, 1, 3, 8, 0, 254},
  {0x0044, 6, 8, 1, 3, 8, 0, 262},
  {0x0045, 5, 8, 1, 3, 7, 0, 270},
  {0x0046, 5, 8, 1, 3, 6, 0, 278},
  {0x0047, 7, 8, 1, 3, 9, 0, 286},
  {0x0048, 6, 8, 1, 3, 8, 0, 294},
  {0x0049, 1, 8, 1, 3, 3, 0, 302},
  {0x004A, 3, 10, -1, 3, 3, 0, 310},
  {0x004B, 6, 8, 1, 3, 7, 0, 320},
  {0x004C, 5, 8, 1, 3, 6, 0, 328},
  {0x004D, 7, 8, 1, 3, 9, 0, 336},
  {0x004E, 6, 8, 1, 3, 8, 0, 344},
  {0x004F, 7, 8, 1, 3, 9, 0, 352},
  {0x0050, 5, 8, 1, 3, 7, 0, 360},
  {0x0051, 7, 9, 1, 3, 9, 0, 368},
  {0x0052, 6, 8, 1, 3, 7, 0, 377},
  {0x0053, 6, 8, 1, 3, 8, 0, 385},
  {0x0054, 7, 8, 0, 3, 7, 0, 393},
  {0x0055, 6, 8, 1, 3, 8, 0, 401},
  {0x0056, 7, 8, -1, 3, 7, 0, 409},
  {0x0057, 9, 8, 0, 3, 9, 0, 417},
  {0x0058, 7, 8, 0, 3, 7, 0, 433},
  {0x0059, 7, 8, 0, 3, 7, 0, 441},
  {0x005A, 7, 8, 1, 3, 9, 0, 449},
  {0x005B, 2, 10, 1, 3, 4, 0, 457},
  {0x005C, 4, 9, 0, 3, 4, 0, 467},
  {0x005D, 2, 10, 1, 3, 4, 0, 476},
  {0x005E, 7, 3, 1, 3, 9, 0, 486},
  {0x005F, 6, 1, 0, 13, 6, 0, 489},
  {0x0060, 2, 2, 1, 2, 6, 0, 490},
  {0x0061, 5, 6, 1, 5, 7, 0, 492},
  {0x0062, 5, 9, 1, 2, 7, 0, 498},
  {0x0063, 4, 6, 1, 5, 6, 0, 507},
  {0x0064, 5, 9, 1, 2, 7, 0, 513},
  {0x0065, 5, 6, 1, 5, 7, 0, 522},
  {0x0066, 4, 9, 0, 2, 4, 0, 528},
  {0x0067, 5, 8, 1, 5, 7, 0, 537},
  {0x0068, 5, 9, 1, 2, 7, 0, 545},
  {0x0069, 1, 8, 1, 3, 3, 0, 554},
  {0x006A, 2, 10, 0, 3, 3, 0, 562},
  {0x006B, 5, 9, 1, 2, 6, 0, 572},
  {0x006C, 1, 9, 1, 2, 3, 0, 581},
  {0x006D, 9, 6, 1, 5, 11, 0, 590},
  {0x006E, 5, 6, 1, 5, 7, 0, 602},
  {0x006F, 5, 6, 1, 5, 7, 0, 608},
  {0x0070, 5, 8, 1, 5, 7, 0, 614},
  {0x0071, 5, 8, 1, 5, 7, 0, 622},
  {0x0072, 4, 6, 1, 5, 5, 0, 630},
  {0x0073, 5, 6, 1, 5, 7, 0, 636},
  {0x0074, 4, 8, 0, 3, 4, 0, 642},
  {0x0075, 5, 6, 1, 5, 7, 0, 650},
  {0x0076, 6, 6, -1, 5, 6, 0, 656},
  {0x0077, 7, 6, 1, 5, 9, 0, 662},
  {0x0078, 6, 6, 0, 5, 6, 0, 668},
  {0x0079, 6, 8, 0, 5, 6, 0, 674},
  {0x007A, 5, 6, 0, 5, 5, 0, 682},
  {0x007B, 5, 10, 1, 3, 7, 0, 688},
  {0x007C, 1, 11, 1, 3, 4, 0, 698},
  {0x007D, 5, 10, 1, 3, 7, 0, 709},
  {0x007E, 7, 2, 1, 6, 9, 0, 719},
  {0x00A0, 0, 0, 0, 11, 4, 0, 721},
  {0x00A1, 1, 8, 1, 5, 3, 0, 721},
  {0x00A2, 5, 10, 1, 3, 7, 0, 729},
  {0x00A3, 5, 8, 1, 3, 7, 0, 739},
  {0x00A4, 7, 7, 0, 3, 7, 0, 747},
  {0x00A5, 7, 8, -1, 3, 7, 0, 754},
  {0x00A6, 1, 9, 1, 3, 4, 0, 762},
  {0x00A7, 5, 9, 0, 3, 6, 0, 771},
  {0x00A8, 3, 1, 1, 3, 6, 0, 780},
  {0x00A9, 8, 8, 2, 3, 11, 0, 781},
  {0x00AA, 4, 6, 1, 3, 5, 0, 789},
  {0x00AB, 6, 5, 1, 5, 7, 0, 795},
  {0x00AC, 7, 3, 1, 6, 9, 0, 800},
  {0x00AD, 3, 1, 1, 7, 4, 0, 803},
  {0x00AE, 8, 8, 2, 3, 11, 0, 804},
  {0x00AF, 3, 1, 1, 3, 6, 0, 812},
  {0x00B0, 3, 3, 1, 3, 6, 0, 813},
  {0x00B1, 7, 7, 1, 4, 9, 0, 816},
  {0x00B2, 3, 4, 1, 3, 4, 0, 823},
  {0x00B3, 3, 4, 1, 3, 4, 0, 827},
  {0x00B4, 2, 2, 2, 2, 6, 0, 831},
  {0x00B5, 6, 8, 1, 5, 7, 0, 833},
  {0x00B6, 5, 9, 1, 3, 7, 0, 841},
  {0x00B7, 1, 1, 1, 6, 4, 0, 850},
  {0x00B8, 2, 2, 2, 11, 6, 0, 851},
  {0x00B9, 3, 4, 1, 3, 4, 0, 853},
  {0x00BA, 4, 6, 1, 3, 5, 0, 857},
  {0x00BB, 6, 5, 1, 5, 7, 0, 863},
  {0x00BC, 9, 8, 1, 3, 11, 0, 868},
  {0x00BD, 9, 8, 1, 3, 11, 0, 884},
  {0x00BE, 9, 8, 1, 3, 11, 0, 900},
  {0x00BF, 4, 8, 1, 5, 6, 0, 916},
  {0x00C0, 7, 11, 0, 0, 7, 0, 924},
  {0x00C1, 7, 11, 0, 0, 7, 0, 935},
  {0x00C2, 7, 11, 0, 0, 7, 0, 946},
  {0x00C3, 7, 11, 0, 0, 7, 0, 957},
  {0x00C4, 7, 10, 0, 1, 7, 0, 968},
  {0x00C5, 7, 10, 0, 1, 7, 0, 978},
  {0x00C6, 10, 8, 0, 3, 11, 0, 988},
  {0x00C7, 6, 10, 1, 3, 8, 0, 1004},
  {0x00C8, 5, 11, 1, 0, 7, 0, 1014},
  {0x00C9, 5, 11, 1, 0, 7, 0, 1025},
  {0x00CA, 5, 11, 1, 0, 7, 0, 1036},
  {0x00CB, 5, 10, 1, 1, 7, 0, 1047},
  {0x00CC, 2, 11, 0, 0, 3, 0, 1057},
  {0x00CD, 2, 11, 0, 0, 3, 0, 1068},
  {0x00CE, 3, 11, 0, 0, 3, 0, 1079},
  {0x00CF, 3, 10, 0, 1, 3, 0, 1090},
  {0x00D0, 7, 8, 0, 3, 8, 0, 1100},
  {0x00D1, 6, 11, 1, 0, 8, 0, 1108},
  {0x00D2, 7, 11, 1, 0, 9, 0, 1119},
  {0x00D3, 7, 11, 1, 0, 9, 0, 1130},
  {0x00D4, 7, 11, 1, 0, 9, 0, 1141},
  {0x00D5, 7, 11, 1, 0, 9, 0, 1152},
  {0x00D6, 7, 10, 1, 1, 9, 0, 1163},
  {0x00D7, 6, 6, 2, 4, 9, 0, 1173},
  {0x00D8, 7, 8, 1, 2, 9, 0, 1179},
  {0x00D9, 6, 11, 1, 0, 8, 0, 1187},
  {0x00DA, 6, 11, 1, 0, 8, 0, 1198},
  {0x00DB, 6, 11, 1, 0, 8, 0, 1209},
  {0x00DC, 6, 10, 1, 1, 8, 0, 1220},
  {0x00DD, 7, 11, 0, 0, 7, 0, 1230},
  {0x00DE, 5, 8, 1, 3, 7, 0, 1241},
  {0x00DF, 5, 9, 1, 2, 7, 0, 1249},
  {0x00E0, 5, 9, 1, 2, 7, 0, 1258},
  {0x00E1, 5, 9, 1, 2, 7, 0, 1267},
  {0x00E2, 5, 9, 1, 2, 7, 0, 1276},
  {0x00E3, 5, 9, 1, 2, 7, 0, 1285},
  {0x00E4, 5, 8, 1, 3, 7, 0, 1294},
  {0x00E5, 5, 10, 1, 1, 7, 0, 1302},
  {0x00E6, 9, 6, 1, 5, 11, 0, 1312},
  {0x00E7, 4, 8, 1, 5, 6, 0, 1324},
  {0x00E8, 5, 9, 1, 2, 7, 0, 1332},
  {0x00E9, 5, 9, 1, 2, 7, 0, 1341},
  {0x00EA, 5, 9, 1, 2, 7, 0, 1350},
  {0x00EB, 5, 8, 1, 3, 7, 0, 1359},
  {0x00EC, 2, 9, 0, 2, 3, 0, 1367},
  {0x00ED, 2, 9, 1, 2, 3, 0, 1376},
  {0x00EE, 3, 9, 0, 2, 3, 0, 1385},
  {0x00EF, 3, 8, 0, 3, 3, 0, 1394},
  {0x00F0, 5, 9, 1, 1, 7, 0, 1402},
  {0x00F1, 5, 9, 1, 2, 7, 0, 1411},
  {0x00F2, 5, 9, 1, 2, 7, 0, 1420},
  {0x00F3, 5, 9, 1, 2, 7, 0, 1429},
  {0x00F4, 5, 9, 1, 2, 7, 0, 1438},
  {0x00F5, 5, 9, 1, 2, 7, 0, 1447},
  {0x00F6, 5, 8, 1, 3, 7, 0, 1456},
  {0x00F7, 7, 5, 1, 5, 9, 0, 1464},
  {0x00F8, 5, 6, 1, 4, 7, 0, 1469},
  {0x00F9, 5, 9, 1, 2, 7, 0, 1475},
  {0x00FA, 5, 9, 1, 2, 7, 0, 1484},
  {0x00FB, 5, 9, 1, 2, 7, 0, 1493},
  {0x00FC, 5, 8, 1, 3, 7, 0, 1502},
  {0x00FD, 6, 11, 0, 2, 6, 0, 1510},
  {0x00FE, 5, 11, 1, 2, 7, 0, 1521},
  {0x00FF, 6, 10, 0, 3, 6, 0, 1532},
  {0x2013, 4, 1, 1, 8, 6, 0, 1542},
  {0x2014, 10, 1, 1, 8, 11, 0, 1543},
  {0x2018, 1, 2, 1, 3, 4, 0, 1545},
  {0x2019, 1, 2, 1, 3, 4, 0, 1547},
  {0x201C, 3, 2, 1, 3, 6, 0, 1549},
  {0x201D, 3, 2, 1, 3, 6, 0, 1551},
  {0x2022, 3, 3, 2, 5, 6, 0, 1553},
  {0x2026, 9, 1, 1, 10, 11, 0, 1556},
  {0x20AC, 6, 8, 0, 3, 7, 0, 1558},
  {0x2192, 8, 5, 1, 5, 9, 0, 1566},
};
const uint8_t sans_11_bitmap[] = {
  0x80, 0x80, 0x80, 0x80, 0x80, 0x80, 0x00, 0x80, 0xA0, 0xA0, 0xA0, 0x12, 0x14, 0x7F, 0x24, 0x24,
  0xFE, 0x28, 0x48, 0x20, 0x78, 0xA0, 0xA0, 0x70, 0x28, 0x28, 0xF0, 0x20, 0x20, 0x62, 0x00, 0x94,
  0x00, 0x94, 0x00, 0x68, 0x00, 0x0B, 0x00, 0x14, 0x80, 0x14, 0x80, 0x23, 0x00, 0x30, 0x48, 0x40,
  0x60, 0x91, 0x8A, 0xC4, 0x7B, 0x80, 0x80, 0x80, 0x40, 0x80, 0x80, 0x80, 0x80, 0x80, 0x80, 0x80,
  0x80, 0x40, 0x80, 0x80, 0x40, 0x40, 0x40, 0x40, 0x40, 0x40, 0x80, 0x80, 0x20, 0xA8, 0x70, 0x70,
  0xA8, 0x20, 0x10, 0x10, 0x10, 0xFE, 0x10, 0x10, 0x10, 0x80, 0x80, 0xE0, 0x80, 0x10, 0x30, 0x20,
  0x20, 0x60, 0x40, 0x40, 0xC0, 0x80, 0x70, 0xD8, 0x88, 0x88, 0x88, 0x88, 0xD8, 0x70, 0xE0, 0x20,
  0x20, 0x20, 0x20, 0x20, 0x20, 0xF8, 0x70, 0x88, 0x08, 0x08, 0x10, 0x20, 0x40, 0xF8, 0x70, 0x88,
  0x08, 0x70, 0x08, 0x08, 0x88, 0x70, 0x08, 0x18, 0x28, 0x48, 0x88, 0xFC, 0x08, 0x08, 0xF0, 0x80,
  0x80, 0xF0, 0x08, 0x08, 0x08, 0xF0, 0x38, 0x40, 0x80, 0xF0, 0x88, 0x88, 0x88, 0x70, 0xF8, 0x08,
  0x10, 0x10, 0x20, 0x20, 0x20, 0x40, 0x70, 0x88, 0x88, 0x70, 0x88, 0x88, 0x88, 0x70, 0x70, 0x88,
  0x88, 0x88, 0x78, 0x08, 0x10, 0xE0, 0x80, 0x00, 0x00, 0x00, 0x00, 0x80, 0x80, 0x00, 0x00, 0x00,
  0x00, 0x80, 0x80, 0x02, 0x1C, 0xE0, 0xE0, 0x1C, 0x02, 0xFE, 0x00, 0xFE, 0x80, 0x70, 0x0E, 0x0E,
  0x70, 0x80, 0xE0, 0x10, 0x30, 0x60, 0x40, 0x40, 0x00, 0x40, 0x1F, 0x00, 0x61, 0x80, 0x40, 0x40,
  0x8E, 0x40, 0x92, 0x40, 0x92, 0xC0, 0x8F, 0x00, 0x40, 0x00, 0x61, 0x00, 0x1E, 0x00, 0x10, 0x28,
  0x28, 0x28, 0x44, 0x7C, 0x44, 0x82, 0xF8, 0x84, 0x84, 0xF8, 0x84, 0x84, 0x84, 0xF8, 0x38, 0x44,
  0x80, 0x80, 0x80, 0x80, 0x44, 0x38, 0xF0, 0x88, 0x84, 0x84, 0x84, 0x84, 0x88, 0xF0, 0xF8, 0x80,
  0x80, 0xF8, 0x80, 0x80, 0x80, 0xF8, 0xF8, 0x80, 0x80, 0xF8, 0x80, 0x80, 0x80, 0x80, 0x3C, 0x42,
  0x80, 0x80, 0x8E, 0x82, 0x42, 0x3C, 0x84, 0x84, 0x84, 0xFC, 0x84, 0x84, 0x84, 0x84, 0x80, 0x80,
  0x80, 0x80, 0x80, 0x80, 0x80, 0x80, 0x20, 0x20, 0x20, 0x20, 0x20, 0x20, 0x20, 0x20, 0x20, 0xC0,
  0x88, 0x90, 0xA0, 0xC0, 0xA0, 0x90, 0x88, 0x84, 0x80, 0x80, 0x80, 0x80, 0x80, 0x80, 0x80, 0xF8,
  0x82, 0xC6, 0xC6, 0xAA, 0xAA, 0x92, 0x82, 0x82, 0xC4, 0xC4, 0xA4, 0xA4, 0x94, 0x94, 0x8C, 0x8C,
  0x38, 0x44, 0x82, 0x82, 0x82, 0x82, 0x44, 0x38, 0xF0, 0x88, 0x88, 0x88, 0xF0, 0x80, 0x80, 0x80,
  0x38, 0x44, 0x82, 0x82, 0x82, 0x82, 0x44, 0x38, 0x0C, 0xF0, 0x88, 0x88, 0x88, 0xF0, 0x90, 0x88,
  0x84, 0x78, 0x84, 0x80, 0xF0, 0x0C, 0x04, 0x84, 0x78, 0xFE, 0x10, 0x10, 0x10, 0x10, 0x10, 0x10,
  0x10, 0x84, 0x84, 0x84, 0x84, 0x84, 0x84, 0xCC, 0x78, 0x82, 0x82, 0x44, 0x44, 0x28, 0x28, 0x10,
  0x10, 0x88, 0x80, 0x88, 0x80, 0x49, 0x00, 0x55, 0x00, 0x55, 0x00, 0x55, 0x00, 0x22, 0x00, 0x22,
  0x00, 0xC6, 0x44, 0x28, 0x10, 0x10, 0x28, 0x44, 0xC6, 0x82, 0x44, 0x28, 0x10, 0x10, 0x10, 0x10,
  0x10, 0xFE, 0x04, 0x08, 0x10, 0x10, 0x20, 0x40, 0xFE, 0xC0, 0x80, 0x80, 0x80, 0x80, 0x80, 0x80,
  0x80, 0x80, 0xC0, 0x80, 0xC0, 0x40, 0x40, 0x60, 0x20, 0x20, 0x30, 0x10, 0xC0, 0x40, 0x40, 0x40,
  0x40, 0x40, 0x40, 0x40, 0x40, 0xC0, 0x38, 0x6C, 0xC6, 0xFC, 0x80, 0x40, 0x70, 0x08, 0x78, 0x88,
  0x88, 0x78, 0x80, 0x80, 0x80, 0xF0, 0x88, 0x88, 0x88, 0x88, 0xF0, 0x70, 0x80, 0x80, 0x80, 0x80,
  0x70, 0x08, 0x08, 0x08, 0x78, 0x88, 0x88, 0x88, 0x88, 0x78, 0x70, 0x88, 0xF8, 0x80, 0xC8, 0x70,
  0x30, 0x40, 0x40, 0xF0, 0x40, 0x40, 0x40, 0x40, 0x40, 0x78, 0x88, 0x88, 0x88, 0x88, 0x78, 0x08,
  0x70, 0x80, 0x80, 0x80, 0xF0, 0x88, 0x88, 0x88, 0x88, 0x88, 0x80, 0x00, 0x80, 0x80, 0x80, 0x80,
  0x80, 0x80, 0x40, 0x00, 0x40, 0x40, 0x40, 0x40, 0x40, 0x40, 0x40, 0xC0, 0x80, 0x80, 0x80, 0x90,
  0xA0, 0xC0, 0xA0, 0x90, 0x88, 0x80, 0x80, 0x80, 0x80, 0x80, 0x80, 0x80, 0x80, 0x80, 0xF7, 0x00,
  0x88, 0x80, 0x88, 0x80, 0x88, 0x80, 0x88, 0x80, 0x88, 0x80, 0xF0, 0x88, 0x88, 0x88, 0x88, 0x88,
  0x70, 0x88, 0x88, 0x88, 0x88, 0x70, 0xF0, 0x88, 0x88, 0x88, 0x88, 0xF0, 0x80, 0x80, 0x78, 0x88,
  0x88, 0x88, 0x88, 0x78, 0x08, 0x08, 0xB0, 0xC0, 0x80, 0x80, 0x80, 0x80, 0x70, 0x88, 0xE0, 0x18,
  0x88, 0x70, 0x40, 0x40, 0xF0, 0x40, 0x40, 0x40, 0x40, 0x70, 0x88, 0x88, 0x88, 0x88, 0x88, 0x78,
  0x84, 0x84, 0x48, 0x48, 0x30, 0x30, 0x92, 0x92, 0xAA, 0xAA, 0x44, 0x44, 0x84, 0x48, 0x30, 0x30,
  0x48, 0x84, 0x84, 0x84, 0x48, 0x48, 0x30, 0x30, 0x20, 0xC0, 0xF8, 0x08, 0x10, 0x20, 0x40, 0xF8,
  0x38, 0x20, 0x20, 0x20, 0xC0, 0x20, 0x20, 0x20, 0x20, 0x38, 0x80, 0x80, 0x80, 0x80, 0x80, 0x80,
  0x80, 0x80, 0x80, 0x80, 0x80, 0xE0, 0x20, 0x20, 0x20, 0x18, 0x20, 0x20, 0x20, 0x20, 0xE0, 0x72,
  0x9C, 0x80, 0x00, 0x80, 0x80, 0x80, 0x80, 0x80, 0x80, 0x20, 0x20, 0x78, 0xA0, 0xA0, 0xA0, 0xA0,
  0x78, 0x20, 0x20, 0x30, 0x48, 0x40, 0x40, 0xF0, 0x40, 0x40, 0xF8, 0x82, 0x7C, 0x44, 0x44, 0x44,
  0x7C, 0x82, 0x82, 0x44, 0x28, 0x6C, 0x10, 0x7C, 0x10, 0x10, 0x80, 0x80, 0x80, 0x80, 0x00, 0x80,
  0x80, 0x80, 0x80, 0x78, 0x80, 0x60, 0xB0, 0x88, 0x68, 0x10, 0x08, 0xF0, 0xA0, 0x3C, 0x42, 0x9D,
  0xA1, 0xA1, 0x9D, 0x42, 0x3C, 0x70, 0xF0, 0x90, 0xF0, 0x00, 0xF0, 0x24, 0x6C, 0x90, 0x6C, 0x24,
  0xFE, 0x02, 0x02, 0xE0, 0x3C, 0x42, 0xBD, 0xA5, 0xB9, 0xA5, 0x42, 0x3C, 0xE0, 0xE0, 0xA0, 0xE0,
  0x10, 0x10, 0xFE, 0x10, 0x10, 0x00, 0xFE, 0xE0, 0x20, 0x40, 0xE0, 0xE0, 0x40, 0x20, 0xE0, 0x40,
  0x80, 0x88, 0x88, 0x88, 0x88, 0x88, 0xFC, 0x80, 0x80, 0x78, 0xE8, 0xE8, 0xE8, 0x68, 0x28, 0x28,
  0x28, 0x28, 0x80, 0x40, 0xC0, 0xC0, 0x40, 0x40, 0xE0, 0x60, 0x90, 0x90, 0x60, 0x00, 0xF0, 0x90,
  0xD8, 0x24, 0xD8, 0x90, 0xC2, 0x00, 0x44, 0x00, 0x48, 0x00, 0xE8, 0x00, 0x11, 0x00, 0x13, 0x00,
  0x27, 0x80, 0x41, 0x00, 0xC2, 0x00, 0x44, 0x00, 0x48, 0x00, 0xE8, 0x00, 0x13, 0x80, 0x10, 0x80,
  0x21, 0x00, 0x43, 0x80, 0xE2, 0x00, 0x44, 0x00, 0x28, 0x00, 0xE8, 0x00, 0x11, 0x00, 0x13, 0x00,
  0x27, 0x80, 0x41, 0x00, 0x20, 0x00, 0x20, 0x20, 0x60, 0xC0, 0x80, 0x70, 0x10, 0x08, 0x00, 0x10,
  0x28, 0x28, 0x28, 0x44, 0x7C, 0x44, 0x82, 0x08, 0x10, 0x00, 0x10, 0x28, 0x28, 0x28, 0x44, 0x7C,
  0x44, 0x82, 0x10, 0x28, 0x00, 0x10, 0x28, 0x28, 0x28, 0x44, 0x7C, 0x44, 0x82, 0x74, 0x5C, 0x00,
  0x10, 0x28, 0x28, 0x28, 0x44, 0x7C, 0x44, 0x82, 0x28, 0x00, 0x10, 0x28, 0x28, 0x28, 0x44, 0x7C,
  0x44, 0x82, 0x38, 0x28, 0x10, 0x10, 0x28, 0x28, 0x44, 0x7C, 0x44, 0x82, 0x1F, 0xC0, 0x14, 0x00,
  0x34, 0x00, 0x27, 0xC0, 0x24, 0x00, 0x7C, 0x00, 0x44, 0x00, 0x87, 0xC0, 0x38, 0x44, 0x80, 0x80,
  0x80, 0x80, 0x44, 0x38, 0x08, 0x18, 0x40, 0x20, 0x00, 0xF8, 0x80, 0x80, 0xF8, 0x80, 0x80, 0x80,
  0xF8, 0x20, 0x40, 0x00, 0xF8, 0x80, 0x80, 0xF8, 0x80, 0x80, 0x80, 0xF8, 0x20, 0x50, 0x00, 0xF8,
  0x80, 0x80, 0xF8, 0x80, 0x80, 0x80, 0xF8, 0x50, 0x00, 0xF8, 0x80, 0x80, 0xF8, 0x80, 0x80, 0x80,
  0xF8, 0x80, 0x40, 0x00, 0x40, 0x40, 0x40, 0x40, 0x40, 0x40, 0x40, 0x40, 0x40, 0x80, 0x00, 0x40,
  0x40, 0x40, 0x40, 0x40, 0x40, 0x40, 0x40, 0x40, 0xA0, 0x00, 0x40, 0x40, 0x40, 0x40, 0x40, 0x40,
  0x40, 0x40, 0xA0, 0x00, 0x40, 0x40, 0x40, 0x40, 0x40, 0x40, 0x40, 0x40, 0x7C, 0x44, 0x42, 0xF2,
  0x42, 0x42, 0x44, 0x7C, 0x68, 0x58, 0x00, 0xC4, 0xC4, 0xA4, 0xA4, 0x94, 0x94, 0x8C, 0x8C, 0x20,
  0x10, 0x00, 0x38, 0x44, 0x82, 0x82, 0x82, 0x82, 0x44, 0x38, 0x10, 0x20, 0x00, 0x38, 0x44, 0x82,
  0x82, 0x82, 0x82, 0x44, 0x38, 0x10, 0x28, 0x00, 0x38, 0x44, 0x82, 0x82, 0x82, 0x82, 0x44, 0x38,
  0x74, 0x5C, 0x00, 0x38, 0x44, 0x82, 0x82, 0x82, 0x82, 0x44, 0x38, 0x28, 0x00, 0x38, 0x44, 0x82,
  0x82, 0x82, 0x82, 0x44, 0x38, 0x84, 0x48, 0x30, 0x30, 0x48, 0x84, 0x3A, 0x44, 0x8A, 0x92, 0x92,
  0xA2, 0x44, 0xB8, 0x20, 0x10, 0x00, 0x84, 0x84, 0x84, 0x84, 0x84, 0x84, 0xCC, 0x78, 0x10, 0x20,
  0x00, 0x84, 0x84, 0x84, 0x84, 0x84, 0x84, 0xCC, 0x78, 0x30, 0x48, 0x00, 0x84, 0x84, 0x84, 0x84,
  0x84, 0x84, 0xCC, 0x78, 0x48, 0x00, 0x84, 0x84, 0x84, 0x84, 0x84, 0x84, 0xCC, 0x78, 0x10, 0x20,
  0x00, 0x82, 0x44, 0x28, 0x10, 0x10, 0x10, 0x10, 0x10, 0x80, 0xF0, 0x88, 0x88, 0x88, 0xF0, 0x80,
  0x80, 0x60, 0x90, 0x90, 0xA0, 0xA0, 0x90, 0x88, 0x88, 0xB8, 0x40, 0x20, 0x00, 0x70, 0x08, 0x78,
  0x88, 0x88, 0x78, 0x10, 0x20, 0x00, 0x70, 0x08, 0x78, 0x88, 0x88, 0x78, 0x20, 0x50, 0x00, 0x70,
  0x08, 0x78, 0x88, 0x88, 0x78, 0xE8, 0xB8, 0x00, 0x70, 0x08, 0x78, 0x88, 0x88, 0x78, 0x50, 0x00,
  0x70, 0x08, 0x78, 0x88, 0x88, 0x78, 0x70, 0x50, 0x70, 0x00, 0x70, 0x08, 0x78, 0x88, 0x88, 0x78,
  0x77, 0x00, 0x08, 0x80, 0x7F, 0x80, 0x88, 0x00, 0x9C, 0x00, 0x77, 0x80, 0x70, 0x80, 0x80, 0x80,
  0x80, 0x70, 0x10, 0x30, 0x40, 0x20, 0x00, 0x70, 0x88, 0xF8, 0x80, 0xC8, 0x70, 0x10, 0x20, 0x00,
  0x70, 0x88, 0xF8, 0x80, 0xC8, 0x70, 0x20, 0x50, 0x00, 0x70, 0x88, 0xF8, 0x80, 0xC8, 0x70, 0x50,
  0x00, 0x70, 0x88, 0xF8, 0x80, 0xC8, 0x70, 0x80, 0x40, 0x00, 0x40, 0x40, 0x40, 0x40, 0x40, 0x40,
  0x40, 0x80, 0x00, 0x80, 0x80, 0x80, 0x80, 0x80, 0x80, 0x40, 0xA0, 0x00, 0x40, 0x40, 0x40, 0x40,
  0x40, 0x40, 0xA0, 0x00, 0x40, 0x40, 0x40, 0x40, 0x40, 0x40, 0x50, 0x60, 0x10, 0x70, 0x88, 0x88,
  0x88, 0x88, 0x70, 0x68, 0x58, 0x00, 0xF0, 0x88, 0x88, 0x88, 0x88, 0x88, 0x40, 0x20, 0x00, 0x70,
  0x88, 0x88, 0x88, 0x88, 0x70, 0x10, 0x20, 0x00, 0x70, 0x88, 0x88, 0x88, 0x88, 0x70, 0x20, 0x50,
  0x00, 0x70, 0x88, 0x88, 0x88, 0x88, 0x70, 0xE8, 0xB8, 0x00, 0x70, 0x88, 0x88, 0x88, 0x88, 0x70,
  0x50, 0x00, 0x70, 0x88, 0x88, 0x88, 0x88, 0x70, 0x10, 0x00, 0xFE, 0x00, 0x10, 0x78, 0x98, 0xA8,
  0xA8, 0xC8, 0xF0, 0x40, 0x20, 0x00, 0x88, 0x88, 0x88, 0x88, 0x88, 0x78, 0x10, 0x20, 0x00, 0x88,
  0x88, 0x88, 0x88, 0x88, 0x78, 0x20, 0x50, 0x00, 0x88, 0x88, 0x88, 0x88, 0x88, 0x78, 0x50, 0x00,
  0x88, 0x88, 0x88, 0x88, 0x88, 0x78, 0x08, 0x10, 0x00, 0x84, 0x84, 0x48, 0x48, 0x30, 0x30, 0x20,
  0xC0, 0x80, 0x80, 0x80, 0xF0, 0x88, 0x88, 0x88, 0x88, 0xF0, 0x80, 0x80, 0x48, 0x00, 0x84, 0x84,
  0x48, 0x48, 0x30, 0x30, 0x20, 0xC0, 0xF0, 0xFF, 0xC0, 0x80, 0x80, 0x80, 0x80, 0xA0, 0xA0, 0xA0,
  0xA0, 0xE0, 0xE0, 0xE0, 0x88, 0x80, 0x38, 0x44, 0xF0, 0x40, 0xF0, 0x40, 0x24, 0x38, 0x04, 0x02,
  0xFF, 0x02, 0x04,
};
// DejaVuSans.ttf @ 10px: 201 glyphs, 1389 bitmap bytes
const Glyph sans_10_glyphs[] = {
  {0x0020, 0, 0, 0, 10, 3, 0, 0},
  {0x0021, 1, 7, 2, 3, 4, 0, 0},
  {0x0022, 3, 3, 1, 3, 5, 0, 7},
  {0x0023, 7, 7, 1, 3, 8, 0, 10},
  {0x0024, 5, 8, 1, 3, 6, 0, 17},
  {0x0025, 8, 7, 1, 3, 10, 0, 25},
  {0x0026, 7, 7, 1, 3, 9, 0, 32},
  {0x0027, 1, 3, 1, 3, 3, 0, 39},
  {0x0028, 2, 9, 1, 2, 4, 0, 42},
  {0x0029, 2, 9, 1, 2, 4, 0, 51},
  {0x002A, 5, 4, 0, 3, 5, 0, 60},
  {0x002B, 7, 7, 1, 3, 8, 0, 64},
  {0x002C, 1, 2, 1, 9, 3, 0, 71},
  {0x002D, 3, 1, 1, 7, 4, 0, 73},
  {0x002E, 1, 1, 1, 9, 3, 0, 74},
  {0x002F, 3, 8, 0, 3, 3, 0, 75},
  {0x0030, 5, 7, 1, 3, 6, 0, 83},
  {0x0031, 5, 7, 1, 3, 6, 0, 90},
  {0x0032, 5, 7, 1, 3, 6, 0, 97},
  {0x0033, 5, 7, 1, 3, 6, 0, 104},
  {0x0034, 5, 7, 1, 3, 6, 0, 111},
  {0x0035, 5, 7, 1, 3, 6, 0, 118},
  {0x0036, 5, 7, 1, 3, 6, 0, 125},
  {0x0037, 5, 7, 1, 3, 6, 0, 132},
  {0x0038, 5, 7, 1, 3, 6, 0, 139},
  {0x0039, 5, 7, 1, 3, 6, 0, 146},
  {0x003A, 1, 5, 1, 5, 3, 0, 153},
  {0x003B, 1, 6, 1, 5, 3, 0, 158},
  {0x003C, 6, 5, 1, 4, 8, 0, 164},
  {0x003D, 6, 3, 1, 5, 8, 0, 169},
  {0x003E, 6, 5, 1, 4, 8, 0, 172},
  {0x003F, 4, 7, 1, 3, 5, 0, 177},
  {0x0040, 9, 9, 1, 3, 11, 0, 184},
  {0x0041, 7, 7, 0, 3, 7, 0, 202},
  {0x0042, 5, 7, 1, 3, 7, 0, 209},
  {0x0043, 6, 7, 1, 3, 8, 0, 216},
  {0x0044, 6, 7, 1, 3, 8, 0, 223},
  {0x0045, 5, 7, 1, 3, 7, 0, 230},
  {0x0046, 4, 7, 1, 3, 6, 0, 237},
  {0x0047, 6, 7, 1, 3, 8, 0, 244},
  {0x0048, 6, 7, 1, 3, 8, 0, 251},
  {0x0049, 1, 7, 1, 3, 3, 0, 258},
  {0x004A, 3, 9, -1, 3, 3, 0, 265},
  {0x004B, 5, 7, 1, 3, 7, 0, 274},
  {0x004C, 5, 7, 1, 3, 6, 0, 281},
  {0x004D, 7, 7, 1, 3, 9, 0, 288},
  {0x004E, 6, 7, 1, 3, 8, 0, 295},
  {0x004F, 6, 7, 1, 3, 8, 0, 302},
  {0x0050, 5, 7, 1, 3, 7, 0, 309},
  {0x0051, 6, 8, 1, 3, 8, 0, 316},
  {0x0052, 6, 7, 1, 3, 7, 0, 324},
  {0x0053, 5, 7, 1, 3, 7, 0, 331},
  {0x0054, 5, 7, 0, 3, 5, 0, 338},
  {0x0055, 6, 7, 1, 3, 8, 0, 345},
  {0x0056, 7, 7, -1, 3, 7, 0, 352},
  {0x0057, 9, 7, 0, 3, 9, 0, 359},
  {0x0058, 6, 7, 0, 3, 6, 0, 373},
  {0x0059, 7, 7, 0, 3, 7, 0, 380},
  {0x005A, 6, 7, 0, 3, 6, 0, 387},
  {0x005B, 2, 9, 1, 2, 4, 0, 394},
  {0x005C, 3, 8, 0, 3, 3, 0, 403},
  {0x005D, 2, 9, 1, 2, 4, 0, 411},
  {0x005E, 6, 3, 1, 3, 8, 0, 420},
  {0x005F, 5, 1, 0, 11, 5, 0, 423},
  {0x0060, 2, 2, 1, 2, 5, 0, 424},
  {0x0061, 5, 5, 1, 5, 6, 0, 426},
  {0x0062, 5, 8, 1, 2, 6, 0, 431},
  {0x0063, 4, 5, 1, 5, 5, 0, 439},
  {0x0064, 5, 8, 1, 2, 6, 0, 444},
  {0x0065, 5, 5, 1, 5, 6, 0, 452},
  {0x0066, 4, 8, 1, 2, 4, 0, 457},
  {0x0067, 5, 7, 1, 5, 6, 0, 465},
  {0x0068, 5, 8, 1, 2, 6, 0, 472},
  {0x0069, 1, 8, 1, 2, 2, 0, 480},
  {0x006A, 2, 10, 0, 2, 2, 0, 488},
  {0x006B, 4, 8, 1, 2, 5, 0, 498},
  {0x006C, 1, 8, 1, 2, 2, 0, 506},
  {0x006D, 9, 5, 1, 5, 10, 0, 514},
  {0x006E, 5, 5, 1, 5, 6, 0, 524},
  {0x006F, 5, 5, 1, 5, 6, 0, 529},
  {0x0070, 5, 7, 1, 5, 6, 0, 534},
  {0x0071, 5, 7, 1, 5, 6, 0, 541},
  {0x0072, 3, 5, 1, 5, 4, 0, 548},
  {0x0073, 4, 5, 1, 5, 5, 0, 553},
  {0x0074, 4, 7, 0, 3, 4, 0, 558},
  {0x0075, 5, 5, 1, 5, 6, 0, 565},
  {0x0076, 5, 5, 1, 5, 6, 0, 570},
  {0x0077, 7, 5, 1, 5, 8, 0, 575},
  {0x0078, 5, 5, 1, 5, 6, 0, 580},
  {0x0079, 5, 7, 1, 5, 6, 0, 585},
  {0x007A, 4, 5, 1, 5, 5, 0, 592},
  {0x007B, 4, 9, 1, 2, 6, 0, 597},
  {0x007C, 1, 10, 1, 2, 3, 0, 606},
  {0x007D, 4, 9, 1, 2, 6, 0, 616},
  {0x007E, 6, 2, 1, 5, 8, 0, 625},
  {0x00A0, 0, 0, 0, 10, 3, 0, 627},
  {0x00A1, 1, 7, 2, 5, 4, 0, 627},
  {0x00A2, 4, 7, 1, 4, 6, 0, 634},
  {0x00A3, 5, 7, 1, 3, 6, 0, 641},
  {0x00A4, 6, 6, 0, 3, 6, 0, 648},
  {0x00A5, 5, 7, 1, 3, 6, 0, 654},
  {0x00A6, 1, 9, 1, 3, 3, 0, 661},
  {0x00A7, 4, 8, 0, 3, 5, 0, 670},
  {0x00A8, 3, 1, 1, 3, 5, 0, 678},
  {0x00A9, 7, 7, 1, 3, 10, 0, 679},
  {0x00AA, 4, 6, 1, 3, 5, 0, 686},
  {0x00AB, 4, 4, 1, 5, 6, 0, 692},
  {0x00AC, 6, 3, 1, 6, 8, 0, 696},
  {0x00AD, 3, 1, 1, 7, 4, 0, 699},
  {0x00AE, 7, 7, 1, 3, 10, 0, 700},
  {0x00AF, 3, 1, 1, 3, 5, 0, 707},
  {0x00B0, 3, 3, 1, 3, 5, 0, 708},
  {0x00B1, 7, 6, 1, 4, 8, 0, 711},
  {0x00B2, 3, 4, 1, 3, 4, 0, 717},
  {0x00B3, 3, 4, 1, 3, 4, 0, 721},
  {0x00B4, 2, 2, 2, 2, 5, 0, 725},
  {0x00B5, 6, 7, 1, 5, 7, 0, 727},
  {0x00B6, 5, 8, 1, 3, 6, 0, 734},
  {0x00B7, 1, 1, 1, 6, 3, 0, 742},
  {0x00B8, 2, 2, 1, 10, 5, 0, 743},
  {0x00B9, 3, 4, 1, 3, 4, 0, 745},
  {0x00BA, 4, 6, 1, 3, 5, 0, 749},
  {0x00BB, 4, 4, 1, 5, 6, 0, 755},
  {0x00BC, 9, 7, 1, 3, 10, 0, 759},
  {0x00BD, 9, 7, 1, 3, 10, 0, 773},
  {0x00BE, 9, 7, 1, 3, 10, 0, 787},
  {0x00BF, 4, 7, 1, 5, 5, 0, 801},
  {0x00C0, 7, 10, 0, 0, 7, 0, 808},
  {0x00C1, 7, 10, 0, 0, 7, 0, 818},
  {0x00C2, 7, 10, 0, 0, 7, 0, 828},
  {0x00C3, 7, 10, 0, 0, 7, 0, 838},
  {0x00C4, 7, 9, 0, 1, 7, 0, 848},
  {0x00C5, 7, 9, 0, 1, 7, 0, 857},
  {0x00C6, 9, 7, 0, 3, 10, 0, 866},
  {0x00C7, 6, 9, 1, 3, 8, 0, 880},
  {0x00C8, 5, 10, 1, 0, 7, 0, 889},
  {0x00C9, 5, 10, 1, 0, 7, 0, 899},
  {0x00CA, 5, 10, 1, 0, 7, 0, 909},
  {0x00CB, 5, 9, 1, 1, 7, 0, 919},
  {0x00CC, 2, 10, 0, 0, 3, 0, 928},
  {0x00CD, 2, 10, 1, 0, 3, 0, 938},
  {0x00CE, 3, 10, 0, 0, 3, 0, 948},
  {0x00CF, 3, 9, 0, 1, 3, 0, 958},
  {0x00D0, 7, 7, 0, 3, 8, 0, 967},
  {0x00D1, 6, 10, 1, 0, 8, 0, 974},
  {0x00D2, 6, 10, 1, 0, 8, 0, 984},
  {0x00D3, 6, 10, 1, 0, 8, 0, 994},
  {0x00D4, 6, 10, 1, 0, 8, 0, 1004},
  {0x00D5, 6, 10, 1, 0, 8, 0, 1014},
  {0x00D6, 6, 9, 1, 1, 8, 0, 1024},
  {0x00D7, 6, 6, 1, 4, 8, 0, 1033},
  {0x00D8, 6, 7, 1, 2, 8, 0, 1039},
  {0x00D9, 6, 10, 1, 0, 8, 0, 1046},
  {0x00DA, 6, 10, 1, 0, 8, 0, 1056},
  {0x00DB, 6, 10, 1, 0, 8, 0, 1066},
  {0x00DC, 6, 9, 1, 1, 8, 0, 1076},
  {0x00DD, 7, 10, 0, 0, 7, 0, 1085},
  {0x00DE, 5, 7, 1, 3, 7, 0, 1095},
  {0x00DF, 5, 8, 1, 2, 6, 0, 1102},
  {0x00E0, 5, 8, 1, 2, 6, 0, 1110},
  {0x00E1, 5, 8, 1, 2, 6, 0, 1118},
  {0x00E2, 5, 8, 1, 2, 6, 0, 1126},
  {0x00E3, 5, 8, 1, 2, 6, 0, 1134},
  {0x00E4, 5, 7, 1, 3, 6, 0, 1142},
  {0x00E5, 5, 9, 1, 1, 6, 0, 1149},
  {0x00E6, 9, 5, 1, 5, 10, 0, 1158},
  {0x00E7, 4, 7, 1, 5, 5, 0, 1168},
  {0x00E8, 5, 8, 1, 2, 6, 0, 1175},
  {0x00E9, 5, 8, 1, 2, 6, 0, 1183},
  {0x00EA, 5, 8, 1, 2, 6, 0, 1191},
  {0x00EB, 5, 7, 1, 3, 6, 0, 1199},
  {0x00EC, 2, 8, 0, 2, 2, 0, 1206},
  {0x00ED, 2, 8, 1, 2, 2, 0, 1214},
  {0x00EE, 3, 8, 0, 2, 2, 0, 1222},
  {0x00EF, 3, 7, 0, 3, 2, 0, 1230},
  {0x00F0, 5, 8, 1, 1, 6, 0, 1237},
  {0x00F1, 5, 8, 1, 2, 6, 0, 1245},
  {0x00F2, 5, 8, 1, 2, 6, 0, 1253},
  {0x00F3, 5, 8, 1, 2, 6, 0, 1261},
  {0x00F4, 5, 8, 1, 2, 6, 0, 1269},
  {0x00F5, 5, 8, 1, 2, 6, 0, 1277},
  {0x00F6, 5, 7, 1, 3, 6, 0, 1285},
  {0x00F7, 7, 5, 1, 4, 8, 0, 1292},
  {0x00F8, 5, 5, 1, 4, 6, 0, 1297},
  {0x00F9, 5, 8, 1, 2, 6, 0, 1302},
  {0x00FA, 5, 8, 1, 2, 6, 0, 1310},
  {0x00FB, 5, 8, 1, 2, 6, 0, 1318},
  {0x00FC, 5, 7, 1, 3, 6, 0, 1326},
  {0x00FD, 5, 10, 1, 2, 6, 0, 1333},
  {0x00FE, 5, 10, 1, 2, 6, 0, 1343},
  {0x00FF, 5, 9, 1, 3, 6, 0, 1353},
  {0x2013, 4, 1, 0, 7, 5, 0, 1362},
  {0x2014, 9, 1, 0, 7, 10, 0, 1363},
  {0x2018, 1, 2, 1, 3, 3, 0, 1365},
  {0x2019, 1, 2, 1, 3, 3, 0, 1367},
  {0x201C, 3, 2, 1, 3, 5, 0, 1369},
  {0x201D, 3, 2, 1, 3, 5, 0, 1371},
  {0x2022, 3, 3, 2, 5, 6, 0, 1373},
  {0x2026, 7, 1, 1, 9, 10, 0, 1376},
  {0x20AC, 6, 7, 0, 3, 6, 0, 1377},
  {0x2192, 7, 5, 1, 4, 8, 0, 1384},
};
const uint8_t sans_10_bitmap[] = {
  0x80, 0x80, 0x80, 0x80, 0x80, 0x00, 0x80, 0xA0, 0xA0, 0xA0, 0x24, 0x24, 0x7E, 0x28, 0xFC, 0x48,
  0x48, 0x20, 0x78, 0xA0, 0xE0, 0x38, 0x28, 0xF0, 0x20, 0xE4, 0xA4, 0xA8, 0xFF, 0x15, 0x25, 0x27,
  0x30, 0x48, 0x40, 0xB2, 0x8A, 0xCC, 0x72, 0x80, 0x80, 0x80, 0x40, 0x80, 0x80, 0x80, 0x80, 0x80,
  0x80, 0x80, 0x40, 0x80, 0x80, 0x40, 0x40, 0x40, 0x40, 0x40, 0x80, 0x80, 0xA8, 0x70, 0x70, 0xA8,
  0x10, 0x10, 0x10, 0xFE, 0x10, 0x10, 0x10, 0x80, 0x80, 0xE0, 0x80, 0x20, 0x20, 0x40, 0x40, 0x40,
  0x40, 0x80, 0x80, 0x70, 0x88, 0x88, 0x88, 0x88, 0x88, 0x70, 0xE0, 0x20, 0x20, 0x20, 0x20, 0x20,
  0xF8, 0x70, 0x88, 0x08, 0x10, 0x20, 0x40, 0xF8, 0x70, 0x88, 0x08, 0x70, 0x08, 0x88, 0x70, 0x10,
  0x30, 0x50, 0x90, 0xF8, 0x10, 0x10, 0xF0, 0x80, 0xF0, 0x08, 0x08, 0x08, 0xF0, 0x78, 0xC0, 0x80,
  0xF0, 0x88, 0x88, 0x70, 0xF8, 0x08, 0x10, 0x10, 0x20, 0x20, 0x40, 0x70, 0x88, 0x88, 0x70, 0x88,
  0x88, 0x70, 0x70, 0x88, 0x88, 0x78, 0x08, 0x18, 0xF0, 0x80, 0x00, 0x00, 0x00, 0x80, 0x80, 0x00,
  0x00, 0x00, 0x80, 0x80, 0x04, 0x38, 0xC0, 0x38, 0x04, 0xFC, 0x00, 0xFC, 0x80, 0x70, 0x0C, 0x70,
  0x80, 0xF0, 0x10, 0x20, 0x40, 0x40, 0x00, 0x40, 0x3E, 0x00, 0x61, 0x00, 0xC0, 0x80, 0x9C, 0x80,
  0x95, 0x80, 0x9F, 0x00, 0xC0, 0x00, 0x62, 0x00, 0x3C, 0x00, 0x10, 0x28, 0x28, 0x44, 0x7C, 0x44,
  0x82, 0xF0, 0x88, 0x88, 0xF0, 0x88, 0x88, 0xF0, 0x38, 0x44, 0x80, 0x80, 0x80, 0x44, 0x38, 0xF8,
  0x8C, 0x84, 0x84, 0x84, 0x8C, 0xF8, 0xF8, 0x80, 0x80, 0xF8, 0x80, 0x80, 0xF8, 0xF0, 0x80, 0x80,
  0xF0, 0x80, 0x80, 0x80, 0x78, 0xC4, 0x80, 0x9C, 0x84, 0xC4, 0x78, 0x84, 0x84, 0x84, 0xFC, 0x84,
  0x84, 0x84, 0x80, 0x80, 0x80, 0x80, 0x80, 0x80, 0x80, 0x20, 0x20, 0x20, 0x20, 0x20, 0x20, 0x20,
  0x20, 0xC0, 0x88, 0x90, 0xA0, 0xC0, 0xA0, 0x90, 0x88, 0x80, 0x80, 0x80, 0x80, 0x80, 0x80, 0xF8,
  0x82, 0xC6, 0xC6, 0xAA, 0xAA, 0x92, 0x82, 0x84, 0xC4, 0xA4, 0xA4, 0x94, 0x8C, 0x84, 0x78, 0xCC,
  0x84, 0x84, 0x84, 0xCC, 0x78, 0xF0, 0x88, 0x88, 0xF0, 0x80, 0x80, 0x80, 0x78, 0xCC, 0x84, 0x84,
  0x84, 0xC8, 0x70, 0x08, 0xF0, 0x88, 0x88, 0xF0, 0x90, 0x88, 0x84, 0x70, 0x88, 0x80, 0x70, 0x08,
  0x88, 0x70, 0xF8, 0x20, 0x20, 0x20, 0x20, 0x20, 0x20, 0x84, 0x84, 0x84, 0x84, 0x84, 0x84, 0x78,
  0x82, 0x82, 0x44, 0x44, 0x28, 0x28, 0x10, 0x88, 0x80, 0x88, 0x80, 0x55, 0x00, 0x55, 0x00, 0x55,
  0x00, 0x22, 0x00, 0x22, 0x00, 0xCC, 0x48, 0x30, 0x30, 0x30, 0x48, 0xCC, 0x82, 0x44, 0x28, 0x10,
  0x10, 0x10, 0x10, 0xFC, 0x08, 0x10, 0x30, 0x20, 0x40, 0xFC, 0xC0, 0x80, 0x80, 0x80, 0x80, 0x80,
  0x80, 0x80, 0xC0, 0x80, 0x80, 0x40, 0x40, 0x40, 0x40, 0x20, 0x20, 0xC0, 0x40, 0x40, 0x40, 0x40,
  0x40, 0x40, 0x40, 0xC0, 0x30, 0x48, 0x84, 0xF8, 0x80, 0x40, 0x70, 0x08, 0x78, 0x88, 0xF8, 0x80,
  0x80, 0x80, 0xF0, 0x88, 0x88, 0x88, 0xF0, 0x70, 0x80, 0x80, 0x80, 0x70, 0x08, 0x08, 0x08, 0x78,
  0x88, 0x88, 0x88, 0x78, 0x70, 0x88, 0xF8, 0x80, 0x78, 0x70, 0x40, 0x40, 0xE0, 0x40, 0x40, 0x40,
  0x40, 0x78, 0x88, 0x88, 0x88, 0x78, 0x08, 0x70, 0x80, 0x80, 0x80, 0xF0, 0x88, 0x88, 0x88, 0x88,
  0x80, 0x00, 0x00, 0x80, 0x80, 0x80, 0x80, 0x80, 0x40, 0x00, 0x00, 0x40, 0x40, 0x40, 0x40, 0x40,
  0x40, 0xC0, 0x80, 0x80, 0x80, 0x90, 0xA0, 0xC0, 0xA0, 0x90, 0x80, 0x80, 0x80, 0x80, 0x80, 0x80,
  0x80, 0x80, 0xF7, 0x00, 0x88, 0x80, 0x88, 0x80, 0x88, 0x80, 0x88, 0x80, 0xF0, 0x88, 0x88, 0x88,
  0x88, 0x70, 0x88, 0x88, 0x88, 0x70, 0xF0, 0x88, 0x88, 0x88, 0xF0, 0x80, 0x80, 0x78, 0x88, 0x88,
  0x88, 0x78, 0x08, 0x08, 0xE0, 0x80, 0x80, 0x80, 0x80, 0xF0, 0x80, 0x70, 0x10, 0xF0, 0x40, 0x40,
  0xF0, 0x40, 0x40, 0x40, 0x70, 0x88, 0x88, 0x88, 0x88, 0x78, 0x88, 0x88, 0x50, 0x50, 0x20, 0x92,
  0xAA, 0xAA, 0x44, 0x44, 0x88, 0x50, 0x20, 0x50, 0x88, 0x88, 0x88, 0x50, 0x50, 0x20, 0x20, 0xC0,
  0xF0, 0x10, 0x20, 0x40, 0xF0, 0x30, 0x20, 0x20, 0x20, 0xC0, 0x20, 0x20, 0x20, 0x30, 0x80, 0x80,
  0x80, 0x80, 0x80, 0x80, 0x80, 0x80, 0x80, 0x80, 0xC0, 0x40, 0x40, 0x40, 0x30, 0x40, 0x40, 0x40,
  0xC0, 0x64, 0x98, 0x80, 0x00, 0x80, 0x80, 0x80, 0x80, 0x80, 0x20, 0x70, 0xA0, 0xA0, 0xA0, 0x70,
  0x20, 0x30, 0x48, 0x40, 0xF0, 0x40, 0x40, 0xF8, 0x84, 0x78, 0x48, 0x48, 0x78, 0x84, 0x88, 0x50,
  0xD8, 0x20, 0xF8, 0x20, 0x20, 0x80, 0x80, 0x80, 0x80, 0x00, 0x80, 0x80, 0x80, 0x80, 0xF0, 0x80,
  0x60, 0xB0, 0xD0, 0x20, 0x10, 0xF0, 0xA0, 0x38, 0x44, 0xBA, 0xA2, 0xBA, 0x44, 0x38, 0x70, 0xF0,
  0x90, 0xF0, 0x00, 0xF0, 0x50, 0xF0, 0xF0, 0x50, 0xFC, 0x04, 0x04, 0xE0, 0x38, 0x44, 0xBA, 0xBA,
  0xAA, 0x44, 0x38, 0xE0, 0xE0, 0xA0, 0xE0, 0x10, 0x10, 0xFE, 0x10, 0x10, 0xFE, 0xE0, 0x20, 0x40,
  0xE0, 0xE0, 0x40, 0x20, 0xE0, 0x40, 0x80, 0x88, 0x88, 0x88, 0x88, 0xFC, 0x80, 0x80, 0x78, 0xE8,
  0xE8, 0xE8, 0x28, 0x28, 0x28, 0x28, 0x80, 0x40, 0xC0, 0xC0, 0x40, 0x40, 0xE0, 0x60, 0x90, 0x90,
  0x60, 0x00, 0xF0, 0xA0, 0xF0, 0xF0, 0xA0, 0xC4, 0x00, 0x48, 0x00, 0x58, 0x00, 0xF1, 0x00, 0x33,
  0x00, 0x27, 0x80, 0x41, 0x00, 0xC4, 0x00, 0x48, 0x00, 0x58, 0x00, 0xF3, 0x80, 0x30, 0x80, 0x21,
  0x00, 0x43, 0x80, 0xE4, 0x00, 0x48, 0x00, 0x38, 0x00, 0xF1, 0x00, 0x33, 0x00, 0x27, 0x80, 0x41,
  0x00, 0x20, 0x00, 0x20, 0x20, 0x40, 0x80, 0xF0, 0x20, 0x10, 0x00, 0x10, 0x28, 0x28, 0x44, 0x7C,
  0x44, 0x82, 0x08, 0x10, 0x00, 0x10, 0x28, 0x28, 0x44, 0x7C, 0x44, 0x82, 0x10, 0x28, 0x00, 0x10,
  0x28, 0x28, 0x44, 0x7C, 0x44, 0x82, 0x18, 0x30, 0x00, 0x10, 0x28, 0x28, 0x44, 0x7C, 0x44, 0x82,
  0x28, 0x00, 0x10, 0x28, 0x28, 0x44, 0x7C, 0x44, 0x82, 0x38, 0x28, 0x10, 0x28, 0x28, 0x28, 0x7C,
  0x44, 0x82, 0x1F, 0x80, 0x28, 0x00, 0x28, 0x00, 0x4F, 0x80, 0x78, 0x00, 0x48, 0x00, 0x8F, 0x80,
  0x38, 0x44, 0x80, 0x80, 0x80, 0x44, 0x38, 0x20, 0x60, 0x40, 0x20, 0x00, 0xF8, 0x80, 0x80, 0xF8,
  0x80, 0x80, 0xF8, 0x10, 0x20, 0x00, 0xF8, 0x80, 0x80, 0xF8, 0x80, 0x80, 0xF8, 0x20, 0x50, 0x00,
  0xF8, 0x80, 0x80, 0xF8, 0x80, 0x80, 0xF8, 0x50, 0x00, 0xF8, 0x80, 0x80, 0xF8, 0x80, 0x80, 0xF8,
  0x80, 0x40, 0x00, 0x40, 0x40, 0x40, 0x40, 0x40, 0x40, 0x40, 0x40, 0x80, 0x00, 0x80, 0x80, 0x80,
  0x80, 0x80, 0x80, 0x80, 0x40, 0xA0, 0x00, 0x40, 0x40, 0x40, 0x40, 0x40, 0x40, 0x40, 0xA0, 0x00,
  0x40, 0x40, 0x40, 0x40, 0x40, 0x40, 0x40, 0x7C, 0x46, 0x42, 0xF2, 0x42, 0x46, 0x7C, 0x28, 0x50,
  0x00, 0x84, 0xC4, 0xA4, 0xA4, 0x94, 0x8C, 0x84, 0x40, 0x20, 0x00, 0x78, 0xCC, 0x84, 0x84, 0x84,
  0xCC, 0x78, 0x10, 0x20, 0x00, 0x78, 0xCC, 0x84, 0x84, 0x84, 0xCC, 0x78, 0x30, 0x48, 0x00, 0x78,
  0xCC, 0x84, 0x84, 0x84, 0xCC, 0x78, 0x28, 0x50, 0x00, 0x78, 0xCC, 0x84, 0x84, 0x84, 0xCC, 0x78,
  0x48, 0x00, 0x78, 0xCC, 0x84, 0x84, 0x84, 0xCC, 0x78, 0x84, 0x48, 0x30, 0x30, 0x48, 0x84, 0x74,
  0xC8, 0x94, 0xA4, 0xA4, 0x4C, 0xB8, 0x40, 0x20, 0x00, 0x84, 0x84, 0x84, 0x84, 0x84, 0x84, 0x78,
  0x10, 0x20, 0x00, 0x84, 0x84, 0x84, 0x84, 0x84, 0x84, 0x78, 0x30, 0x48, 0x00, 0x84, 0x84, 0x84,
  0x84, 0x84, 0x84, 0x78, 0x48, 0x00, 0x84, 0x84, 0x84, 0x84, 0x84, 0x84, 0x78, 0x08, 0x10, 0x00,
  0x82, 0x44, 0x28, 0x10, 0x10, 0x10, 0x10, 0x80, 0xF0, 0x88, 0x88, 0xF0, 0x80, 0x80, 0x60, 0x90,
  0xB0, 0xA0, 0xB0, 0x88, 0x88, 0xB8, 0x40, 0x20, 0x00, 0x70, 0x08, 0x78, 0x88, 0xF8, 0x10, 0x20,
  0x00, 0x70, 0x08, 0x78, 0x88, 0xF8, 0x20, 0x50, 0x00, 0x70, 0x08, 0x78, 0x88, 0xF8, 0xE8, 0xB8,
  0x00, 0x70, 0x08, 0x78, 0x88, 0xF8, 0x50, 0x00, 0x70, 0x08, 0x78, 0x88, 0xF8, 0x70, 0x50, 0x70,
  0x00, 0x70, 0x08, 0x78, 0x88, 0xF8, 0x77, 0x00, 0x08, 0x80, 0x7F, 0x80, 0x88, 0x00, 0xF7, 0x80,
  0x70, 0x80, 0x80, 0x80, 0x70, 0x20, 0x60, 0x40, 0x20, 0x00, 0x70, 0x88, 0xF8, 0x80, 0x78, 0x10,
  0x20, 0x00, 0x70, 0x88, 0xF8, 0x80, 0x78, 0x20, 0x50, 0x00, 0x70, 0x88, 0xF8, 0x80, 0x78, 0x50,
  0x00, 0x70, 0x88, 0xF8, 0x80, 0x78, 0x80, 0x40, 0x00, 0x40, 0x40, 0x40, 0x40, 0x40, 0x40, 0x80,
  0x00, 0x80, 0x80, 0x80, 0x80, 0x80, 0x40, 0xA0, 0x00, 0x40, 0x40, 0x40, 0x40, 0x40, 0xA0, 0x00,
  0x40, 0x40, 0x40, 0x40, 0x40, 0x50, 0x60, 0x10, 0x70, 0x88, 0x88, 0x88, 0x70, 0xD0, 0xB0, 0x00,
  0xF0, 0x88, 0x88, 0x88, 0x88, 0x40, 0x20, 0x00, 0x70, 0x88, 0x88, 0x88, 0x70, 0x10, 0x20, 0x00,
  0x70, 0x88, 0x88, 0x88, 0x70, 0x20, 0x50, 0x00, 0x70, 0x88, 0x88, 0x88, 0x70, 0xE8, 0xB8, 0x00,
  0x70, 0x88, 0x88, 0x88, 0x70, 0x50, 0x00, 0x70, 0x88, 0x88, 0x88, 0x70, 0x10, 0x00, 0xFE, 0x00,
  0x10, 0x78, 0x98, 0xA8, 0xC8, 0xF0, 0x40, 0x20, 0x00, 0x88, 0x88, 0x88, 0x88, 0x78, 0x10, 0x20,
  0x00, 0x88, 0x88, 0x88, 0x88, 0x78, 0x20, 0x50, 0x00, 0x88, 0x88, 0x88, 0x88, 0x78, 0x50, 0x00,
  0x88, 0x88, 0x88, 0x88, 0x78, 0x20, 0x40, 0x00, 0x88, 0x88, 0x50, 0x50, 0x20, 0x20, 0xC0, 0x80,
  0x80, 0x80, 0xF0, 0x88, 0x88, 0x88, 0xF0, 0x80, 0x80, 0x50, 0x00, 0x88, 0x88, 0x50, 0x50, 0x20,
  0x20, 0xC0, 0xF0, 0xFF, 0x80, 0x80, 0x80, 0x80, 0x80, 0xA0, 0xA0, 0xA0, 0xA0, 0xE0, 0xE0, 0xE0,
  0x92, 0x38, 0x44, 0xF0, 0x40, 0xF0, 0x44, 0x38, 0x08, 0x04, 0xFE, 0x04, 0x08,
};
// DejaVuSans-Bold.ttf @ 10px: 201 glyphs, 1419 bitmap bytes
const Glyph sans_bold_10_glyphs[] = {
  {0x0020, 0, 0, 0, 10, 3, 0, 0},
  {0x0021, 2, 7, 1, 3, 5, 0, 0},
  {0x0022, 3, 3, 1, 3, 5, 0, 7},
  {0x0023, 7, 7, 1, 3, 8, 0, 10},
  {0x0024, 5, 8, 1, 3, 7, 0, 17},
  {0x0025, 9, 7, 1, 3, 10, 0, 25},
  {0x0026, 8, 7, 1, 3, 9, 0, 39},
  {0x0027, 1, 3, 1, 3, 3, 0, 46},
  {0x0028, 3, 9, 1, 2, 5, 0, 49},
  {0x0029, 3, 9, 1, 2, 5, 0, 58},
  {0x002A, 5, 6, 0, 3, 5, 0, 67},
  {0x002B, 7, 7, 1, 3, 8, 0, 73},
  {0x002C, 2, 3, 1, 8, 4, 0, 80},
  {0x002D, 3, 1, 1, 6, 4, 0, 83},
  {0x002E, 2, 2, 1, 8, 4, 0, 84},
  {0x002F, 4, 8, 0, 3, 4, 0, 86},
  {0x0030, 6, 7, 1, 3, 7, 0, 94},
  {0x0031, 6, 7, 1, 3, 7, 0, 101},
  {0x0032, 6, 7, 1, 3, 7, 0, 108},
  {0x0033, 6, 7, 1, 3, 7, 0, 115},
  {0x0034, 6, 7, 1, 3, 7, 0, 122},
  {0x0035, 6, 7, 1, 3, 7, 0, 129},
  {0x0036, 6, 7, 1, 3, 7, 0, 136},
  {0x0037, 6, 7, 1, 3, 7, 0, 143},
  {0x0038, 6, 7, 1, 3, 7, 0, 150},
  {0x0039, 6, 7, 1, 3, 7, 0, 157},
  {0x003A, 2, 5, 1, 5, 4, 0, 164},
  {0x003B, 2, 6, 1, 5, 4, 0, 169},
  {0x003C, 6, 6, 1, 4, 8, 0, 175},
  {0x003D, 6, 3, 1, 5, 8, 0, 181},
  {0x003E, 6, 6, 1, 4, 8, 0, 184},
  {0x003F, 4, 7, 1, 3, 6, 0, 190},
  {0x0040, 9, 9, 1, 3, 10, 0, 197},
  {0x0041, 8, 7, 1, 3, 9, 0, 215},
  {0x0042, 6, 7, 1, 3, 7, 0, 222},
  {0x0043, 6, 7, 1, 3, 7, 0, 229},
  {0x0044, 7, 7, 1, 3, 8, 0, 236},
  {0x0045, 5, 7, 1, 3, 6, 0, 243},
  {0x0046, 5, 7, 1, 3, 6, 0, 250},
  {0x0047, 7, 7, 1, 3, 8, 0, 257},
  {0x0048, 7, 7, 1, 3, 8, 0, 264},
  {0x0049, 2, 7, 1, 3, 3, 0, 271},
  {0x004A, 3, 9, 0, 3, 3, 0, 278},
  {0x004B, 6, 7, 1, 3, 7, 0, 287},
  {0x004C, 5, 7, 1, 3, 6, 0, 294},
  {0x004D, 8, 7, 1, 3, 9, 0, 301},
  {0x004E, 7, 7, 1, 3, 8, 0, 308},
  {0x004F, 7, 7, 1, 3, 8, 0, 315},
  {0x0050, 6, 7, 1, 3, 7, 0, 322},
  {0x0051, 7, 8, 1, 3, 8, 0, 329},
  {0x0052, 7, 7, 1, 3, 8, 0, 337},
  {0x0053, 6, 7, 1, 3, 7, 0, 344},
  {0x0054, 6, 7, 1, 3, 7, 0, 351},
  {0x0055, 7, 7, 1, 3, 8, 0, 358},
  {0x0056, 8, 7, 1, 3, 9, 0, 365},
  {0x0057, 10, 7, 1, 3, 11, 0, 372},
  {0x0058, 7, 7, 1, 3, 8, 0, 386},
  {0x0059, 8, 7, 0, 3, 7, 0, 393},
  {0x005A, 6, 7, 1, 3, 7, 0, 400},
  {0x005B, 3, 9, 1, 2, 5, 0, 407},
  {0x005C, 4, 8, 0, 3, 4, 0, 416},
  {0x005D, 3, 9, 1, 2, 5, 0, 424},
  {0x005E, 6, 3, 1, 3, 8, 0, 433},
  {0x005F, 5, 1, 0, 11, 5, 0, 436},
  {0x0060, 2, 2, 1, 2, 5, 0, 437},
  {0x0061, 6, 5, 1, 5, 7, 0, 439},
  {0x0062, 6, 8, 1, 2, 7, 0, 444},
  {0x0063, 5, 5, 1, 5, 6, 0, 452},
  {0x0064, 6, 8, 1, 2, 7, 0, 457},
  {0x0065, 6, 5, 1, 5, 7, 0, 465},
  {0x0066, 5, 8, 0, 2, 4, 0, 470},
  {0x0067, 6, 7, 1, 5, 7, 0, 478},
  {0x0068, 6, 8, 1, 2, 7, 0, 485},
  {0x0069, 2, 8, 1, 2, 3, 0, 493},
  {0x006A, 3, 10, 0, 2, 3, 0, 501},
  {0x006B, 6, 8, 1, 2, 7, 0, 511},
  {0x006C, 2, 8, 1, 2, 3, 0, 519},
  {0x006D, 10, 5, 1, 5, 11, 0, 527},
  {0x006E, 6, 5, 1, 5, 7, 0, 537},
  {0x006F, 6, 5, 1, 5, 7, 0, 542},
  {0x0070, 6, 7, 1, 5, 7, 0, 547},
  {0x0071, 6, 7, 1, 5, 7, 0, 554},
  {0x0072, 4, 5, 1, 5, 5, 0, 561},
  {0x0073, 5, 5, 1, 5, 6, 0, 566},
  {0x0074, 5, 7, 0, 3, 5, 0, 571},
  {0x0075, 6, 5, 1, 5, 7, 0, 578},
  {0x0076, 6, 5, 1, 5, 7, 0, 583},
  {0x0077, 8, 5, 1, 5, 9, 0, 588},
  {0x0078, 6, 5, 1, 5, 7, 0, 593},
  {0x0079, 6, 7, 1, 5, 7, 0, 598},
  {0x007A, 4, 5, 1, 5, 5, 0, 605},
  {0x007B, 5, 9, 1, 2, 7, 0, 610},
  {0x007C, 1, 10, 1, 2, 4, 0, 619},
  {0x007D, 5, 9, 2, 2, 7, 0, 629},
  {0x007E, 6, 2, 1, 5, 8, 0, 638},
  {0x00A0, 0, 0, 0, 10, 3, 0, 640},
  {0x00A1, 2, 7, 1, 5, 5, 0, 640},
  {0x00A2, 5, 8, 1, 4, 7, 0, 647},
  {0x00A3, 6, 7, 1, 3, 7, 0, 655},
  {0x00A4, 6, 6, 0, 3, 6, 0, 662},
  {0x00A5, 6, 7, 1, 3, 7, 0, 668},
  {0x00A6, 1, 9, 1, 3, 4, 0, 675},
  {0x00A7, 5, 8, 1, 3, 5, 0, 684},
  {0x00A8, 3, 1, 1, 3, 5, 0, 692},
  {0x00A9, 8, 8, 1, 2, 10, 0, 693},
  {0x00AA, 4, 6, 1, 3, 6, 0, 701},
  {0x00AB, 4, 5, 1, 5, 6, 0, 707},
  {0x00AC, 6, 3, 1, 6, 8, 0, 712},
  {0x00AD, 3, 1, 1, 6, 4, 0, 715},
  {0x00AE, 8, 8, 1, 2, 10, 0, 716},
  {0x00AF, 3, 1, 1, 3, 5, 0, 724},
  {0x00B0, 3, 3, 1, 3, 5, 0, 725},
  {0x00B1, 7, 7, 1, 3, 8, 0, 728},
  {0x00B2, 3, 4, 1, 3, 4, 0, 735},
  {0x00B3, 3, 4, 1, 3, 4, 0, 739},
  {0x00B4, 2, 2, 2, 2, 5, 0, 743},
  {0x00B5, 7, 7, 1, 5, 8, 0, 745},
  {0x00B6, 5, 8, 1, 3, 6, 0, 752},
  {0x00B7, 2, 2, 1, 6, 4, 0, 760},
  {0x00B8, 2, 2, 2, 10, 5, 0, 762},
  {0x00B9, 3, 4, 1, 3, 4, 0, 764},
  {0x00BA, 5, 6, 1, 3, 6, 0, 768},
  {0x00BB, 4, 5, 1, 5, 6, 0, 774},
  {0x00BC, 9, 7, 1, 3, 10, 0, 779},
  {0x00BD, 9, 7, 1, 3, 10, 0, 793},
  {0x00BE, 9, 7, 1, 3, 10, 0, 807},
  {0x00BF, 4, 7, 1, 5, 6, 0, 821},
  {0x00C0, 8, 10, 1, 0, 9, 0, 828},
  {0x00C1, 8, 10, 1, 0, 9, 0, 838},
  {0x00C2, 8, 10, 1, 0, 9, 0, 848},
  {0x00C3, 8, 10, 1, 0, 9, 0, 858},
  {0x00C4, 8, 9, 1, 1, 9, 0, 868},
  {0x00C5, 8, 9, 1, 1, 9, 0, 877},
  {0x00C6, 10, 7, 1, 3, 11, 0, 886},
  {0x00C7, 6, 9, 1, 3, 7, 0, 900},
  {0x00C8, 5, 10, 1, 0, 6, 0, 909},
  {0x00C9, 5, 10, 1, 0, 6, 0, 919},
  {0x00CA, 5, 10, 1, 0, 6, 0, 929},
  {0x00CB, 5, 9, 1, 1, 6, 0, 939},
  {0x00CC, 3, 10, 0, 0, 3, 0, 948},
  {0x00CD, 2, 10, 1, 0, 3, 0, 958},
  {0x00CE, 4, 10, 0, 0, 3, 0, 968},
  {0x00CF, 4, 9, 0, 1, 3, 0, 978},
  {0x00D0, 8, 7, 0, 3, 8, 0, 987},
  {0x00D1, 7, 10, 1, 0, 8, 0, 994},
  {0x00D2, 7, 10, 1, 0, 8, 0, 1004},
  {0x00D3, 7, 10, 1, 0, 8, 0, 1014},
  {0x00D4, 7, 10, 1, 0, 8, 0, 1024},
  {0x00D5, 7, 10, 1, 0, 8, 0, 1034},
  {0x00D6, 7, 9, 1, 1, 8, 0, 1044},
  {0x00D7, 6, 6, 1, 4, 8, 0, 1053},
  {0x00D8, 7, 7, 1, 2, 8, 0, 1059},
  {0x00D9, 7, 10, 1, 0, 8, 0, 1066},
  {0x00DA, 7, 10, 1, 0, 8, 0, 1076},
  {0x00DB, 7, 10, 1, 0, 8, 0, 1086},
  {0x00DC, 7, 9, 1, 1, 8, 0, 1096},
  {0x00DD, 8, 10, 0, 0, 7, 0, 1105},
  {0x00DE, 6, 7, 1, 3, 7, 0, 1115},
  {0x00DF, 6, 8, 1, 2, 7, 0, 1122},
  {0x00E0, 6, 8, 1, 2, 7, 0, 1130},
  {0x00E1, 6, 8, 1, 2, 7, 0, 1138},
  {0x00E2, 6, 8, 1, 2, 7, 0, 1146},
  {0x00E3, 6, 8, 1, 2, 7, 0, 1154},
  {0x00E4, 6, 7, 1, 3, 7, 0, 1162},
  {0x00E5, 6, 9, 1, 1, 7, 0, 1169},
  {0x00E6, 9, 5, 1, 5, 10, 0, 1178},
  {0x00E7, 5, 7, 1, 5, 6, 0, 1188},
  {0x00E8, 6, 8, 1, 2, 7, 0, 1195},
  {0x00E9, 6, 8, 1, 2, 7, 0, 1203},
  {0x00EA, 6, 8, 1, 2, 7, 0, 1211},
  {0x00EB, 6, 7, 1, 3, 7, 0, 1219},
  {0x00EC, 3, 8, 0, 2, 3, 0, 1226},
  {0x00ED, 2, 8, 1, 2, 3, 0, 1234},
  {0x00EE, 4, 8, 0, 2, 3, 0, 1242},
  {0x00EF, 4, 7, 0, 3, 3, 0, 1250},
  {0x00F0, 6, 8, 1, 1, 7, 0, 1257},
  {0x00F1, 6, 8, 1, 2, 7, 0, 1265},
  {0x00F2, 6, 8, 1, 2, 7, 0, 1273},
  {0x00F3, 6, 8, 1, 2, 7, 0, 1281},
  {0x00F4, 6, 8, 1, 2, 7, 0, 1289},
  {0x00F5, 6, 8, 1, 2, 7, 0, 1297},
  {0x00F6, 6, 7, 1, 3, 7, 0, 1305},
  {0x00F7, 6, 7, 1, 3, 8, 0, 1312},
  {0x00F8, 6, 5, 1, 4, 7, 0, 1319},
  {0x00F9, 6, 8, 1, 2, 7, 0, 1324},
  {0x00FA, 6, 8, 1, 2, 7, 0, 1332},
  {0x00FB, 6, 8, 1, 2, 7, 0, 1340},
  {0x00FC, 6, 7, 1, 3, 7, 0, 1348},
  {0x00FD, 6, 10, 1, 2, 7, 0, 1355},
  {0x00FE, 6, 10, 1, 2, 7, 0, 1365},
  {0x00FF, 6, 9, 1, 3, 7, 0, 1375},
  {0x2013, 4, 1, 1, 6, 5, 0, 1384},
  {0x2014, 9, 1, 1, 6, 10, 0, 1385},
  {0x2018, 2, 3, 1, 3, 4, 0, 1387},
  {0x2019, 2, 3, 1, 3, 4, 0, 1390},
  {0x201C, 5, 3, 1, 3, 7, 0, 1393},
  {0x201D, 6, 3, 0, 3, 7, 0, 1396},
  {0x2022, 4, 4, 1, 5, 6, 0, 1399},
  {0x2026, 10, 2, 1, 8, 10, 0, 1403},
  {0x20AC, 7, 7, 0, 3, 7, 0, 1407},
  {0x2192, 7, 5, 1, 4, 8, 0, 1414},
};
const uint8_t sans_bold_10_bitmap[] = {
  0xC0, 0xC0, 0xC0, 0xC0, 0x00, 0xC0, 0xC0, 0xA0, 0xA0, 0xA0, 0x14, 0x24, 0x7E, 0x28, 0xFC, 0x48,
  0x50, 0x20, 0x78, 0xA0, 0xF0, 0x78, 0x28, 0xF0, 0x20, 0x62, 0x00, 0x94, 0x00, 0x94, 0x00, 0x6B,
  0x00, 0x14, 0x80, 0x14, 0x80, 0x23, 0x00, 0x38, 0x60, 0x60, 0x71, 0xDF, 0xCE, 0x7B, 0x80, 0x80,
  0x80, 0x60, 0x40, 0xC0, 0xC0, 0xC0, 0xC0, 0xC0, 0x40, 0x60, 0xC0, 0x40, 0x60, 0x60, 0x60, 0x60,
  0x60, 0x40, 0xC0, 0x20, 0xA8, 0x70, 0x70, 0xA8, 0x20, 0x10, 0x10, 0x10, 0xFE, 0x10, 0x10, 0x10,
  0xC0, 0xC0, 0x80, 0xE0, 0xC0, 0xC0, 0x10, 0x20, 0x20, 0x20, 0x40, 0x40, 0x40, 0x80, 0x78, 0xCC,
  0xCC, 0xCC, 0xCC, 0xCC, 0x78, 0xF0, 0x30, 0x30, 0x30, 0x30, 0x30, 0xFC, 0xF8, 0x0C, 0x0C, 0x18,
  0x30, 0x60, 0xFC, 0xF8, 0x0C, 0x0C, 0x78, 0x0C, 0x0C, 0xF8, 0x18, 0x38, 0x58, 0x98, 0xFC, 0x18,
  0x18, 0xF8, 0xC0, 0xF8, 0x0C, 0x0C, 0x0C, 0xF8, 0x3C, 0x40, 0xF8, 0xCC, 0xCC, 0xCC, 0x78, 0xFC,
  0x0C, 0x18, 0x18, 0x30, 0x30, 0x60, 0x78, 0xCC, 0xCC, 0x30, 0xCC, 0xCC, 0x78, 0x78, 0xCC, 0xCC,
  0xCC, 0x7C, 0x08, 0xF0, 0xC0, 0xC0, 0x00, 0xC0, 0xC0, 0xC0, 0xC0, 0x00, 0xC0, 0xC0, 0x80, 0x04,
  0x38, 0xE0, 0xE0, 0x38, 0x04, 0xFC, 0x00, 0xFC, 0x80, 0x70, 0x1C, 0x1C, 0x70, 0x80, 0xF0, 0x30,
  0x70, 0x60, 0x00, 0x60, 0x60, 0x3E, 0x00, 0x61, 0x00, 0xDE, 0x80, 0xA2, 0x80, 0xA2, 0x80, 0xA2,
  0x80, 0xDF, 0x00, 0x62, 0x00, 0x3C, 0x00, 0x18, 0x3C, 0x3C, 0x66, 0x7E, 0x66, 0xC3, 0xF8, 0xCC,
  0xCC, 0xF8, 0xCC, 0xCC, 0xF8, 0x3C, 0x64, 0xC0, 0xC0, 0xC0, 0x64, 0x3C, 0xF8, 0xCC, 0xC6, 0xC6,
  0xC6, 0xCC, 0xF8, 0xF8, 0xC0, 0xC0, 0xF8, 0xC0, 0xC0, 0xF8, 0xF8, 0xC0, 0xC0, 0xF8, 0xC0, 0xC0,
  0xC0, 0x3E, 0x62, 0xC0, 0xCE, 0xC6, 0x66, 0x3E, 0xC6, 0xC6, 0xC6, 0xFE, 0xC6, 0xC6, 0xC6, 0xC0,
  0xC0, 0xC0, 0xC0, 0xC0, 0xC0, 0xC0, 0x60, 0x60, 0x60, 0x60, 0x60, 0x60, 0x60, 0x60, 0xC0, 0xCC,
  0xD8, 0xF0, 0xE0, 0xF0, 0xD8, 0xCC, 0xC0, 0xC0, 0xC0, 0xC0, 0xC0, 0xC0, 0xF8, 0xC3, 0xE7, 0xE7,
  0xDB, 0xDB, 0xC3, 0xC3, 0xE6, 0xE6, 0xD6, 0xD6, 0xCE, 0xCE, 0xC6, 0x7C, 0xC6, 0xC6, 0xC6, 0xC6,
  0xC6, 0x7C, 0xF8, 0xCC, 0xCC, 0xCC, 0xF8, 0xC0, 0xC0, 0x7C, 0xC6, 0xC6, 0xC6, 0xC6, 0xC6, 0x7C,
  0x0C, 0xF8, 0xCC, 0xCC, 0xCC, 0xF8, 0xCC, 0xC6, 0x7C, 0xC4, 0xC0, 0x78, 0x0C, 0x8C, 0xF8, 0xFC,
  0x30, 0x30, 0x30, 0x30, 0x30, 0x30, 0xC6, 0xC6, 0xC6, 0xC6, 0xC6, 0xC6, 0x7C, 0xC3, 0x66, 0x66,
  0x66, 0x3C, 0x3C, 0x18, 0xCC, 0xC0, 0xCC, 0xC0, 0x4C, 0x80, 0x7F, 0x80, 0x73, 0x80, 0x33, 0x00,
  0x33, 0x00, 0xC6, 0x6C, 0x28, 0x38, 0x28, 0x6C, 0xC6, 0xC3, 0x66, 0x3C, 0x18, 0x18, 0x18, 0x18,
  0xFC, 0x0C, 0x18, 0x30, 0x60, 0xC0, 0xFC, 0xE0, 0xC0, 0xC0, 0xC0, 0xC0, 0xC0, 0xC0, 0xC0, 0xE0,
  0x80, 0x40, 0x40, 0x40, 0x20, 0x20, 0x20, 0x10, 0xE0, 0x60, 0x60, 0x60, 0x60, 0x60, 0x60, 0x60,
  0xE0, 0x30, 0x78, 0xCC, 0xF8, 0x80, 0x40, 0xF8, 0x0C, 0x7C, 0xCC, 0xFC, 0xC0, 0xC0, 0xC0, 0xF8,
  0xCC, 0xCC, 0xCC, 0xF8, 0x78, 0xC0, 0xC0, 0xC0, 0x78, 0x0C, 0x0C, 0x0C, 0x7C, 0xCC, 0xCC, 0xCC,
  0x7C, 0x78, 0xCC, 0xFC, 0xC0, 0x7C, 0x38, 0x60, 0x60, 0xF8, 0x60, 0x60, 0x60, 0x60, 0x7C, 0xCC,
  0xCC, 0xCC, 0x7C, 0x0C, 0x78, 0xC0, 0xC0, 0xC0, 0xF8, 0xCC, 0xCC, 0xCC, 0xCC, 0xC0, 0xC0, 0x00,
  0xC0, 0xC0, 0xC0, 0xC0, 0xC0, 0x60, 0x60, 0x00, 0x60, 0x60, 0x60, 0x60, 0x60, 0x60, 0xC0, 0xC0,
  0xC0, 0xC0, 0xCC, 0xD8, 0xF0, 0xD8, 0xCC, 0xC0, 0xC0, 0xC0, 0xC0, 0xC0, 0xC0, 0xC0, 0xC0, 0xFF,
  0x80, 0xCC, 0xC0, 0xCC, 0xC0, 0xCC, 0xC0, 0xCC, 0xC0, 0xF8, 0xCC, 0xCC, 0xCC, 0xCC, 0x78, 0xCC,
  0xCC, 0xCC, 0x78, 0xF8, 0xCC, 0xCC, 0xCC, 0xF8, 0xC0, 0xC0, 0x7C, 0xCC, 0xCC, 0xCC, 0x7C, 0x0C,
  0x0C, 0xF0, 0xC0, 0xC0, 0xC0, 0xC0, 0xF8, 0xC0, 0xF8, 0x18, 0xF0, 0x60, 0x60, 0xF8, 0x60, 0x60,
  0x60, 0x78, 0xCC, 0xCC, 0xCC, 0xCC, 0x7C, 0xCC, 0xCC, 0x48, 0x78, 0x30, 0xDB, 0xDB, 0x7E, 0x66,
  0x66, 0xCC, 0x78, 0x30, 0x78, 0xCC, 0xCC, 0x48, 0x78, 0x30, 0x30, 0x20, 0x60, 0xF0, 0x30, 0x60,
  0xC0, 0xF0, 0x38, 0x30, 0x30, 0x30, 0xE0, 0x30, 0x30, 0x30, 0x38, 0x80, 0x80, 0x80, 0x80, 0x80,
  0x80, 0x80, 0x80, 0x80, 0x80, 0xE0, 0x60, 0x60, 0x60, 0x38, 0x60, 0x60, 0x60, 0xE0, 0x64, 0x98,
  0xC0, 0xC0, 0x00, 0xC0, 0xC0, 0xC0, 0xC0, 0x10, 0x78, 0xD0, 0xD0, 0xD0, 0x78, 0x10, 0x10, 0x3C,
  0x60, 0x60, 0xF8, 0x60, 0x60, 0xFC, 0x88, 0x7C, 0x48, 0x48, 0x78, 0x80, 0xCC, 0x48, 0xFC, 0x30,
  0xFC, 0x30, 0x30, 0x80, 0x80, 0x80, 0x80, 0x00, 0x80, 0x80, 0x80, 0x80, 0xF0, 0xC0, 0x70, 0xD8,
  0xD8, 0x70, 0x18, 0x78, 0xA0, 0x3C, 0x42, 0x9D, 0xA1, 0xA1, 0x9D, 0x42, 0x3C, 0xE0, 0x10, 0xF0,
  0xF0, 0x00, 0xF0, 0x50, 0xF0, 0xA0, 0xF0, 0x50, 0xFC, 0x04, 0x04, 0xE0, 0x3C, 0x42, 0xBD, 0xBD,
  0xAD, 0xA5, 0x42, 0x3C, 0xE0, 0xE0, 0xA0, 0xE0, 0x10, 0x10, 0xFE, 0x10, 0x10, 0x00, 0xFE, 0xE0,
  0x20, 0x40, 0xE0, 0xE0, 0x40, 0x20, 0xE0, 0x40, 0x80, 0xCC, 0xCC, 0xCC, 0xCC, 0xFE, 0xC0, 0xC0,
  0x78, 0xE8, 0xE8, 0x68, 0x28, 0x28, 0x28, 0x28, 0xC0, 0xC0, 0x40, 0xC0, 0xC0, 0x40, 0x40, 0xE0,
  0x70, 0x88, 0x88, 0x70, 0x00, 0xF8, 0xA0, 0xF0, 0x50, 0xF0, 0xA0, 0xC6, 0x00, 0x44, 0x00, 0x48,
  0x00, 0xFB, 0x00, 0x13, 0x00, 0x27, 0x80, 0x61, 0x00, 0xC6, 0x00, 0x44, 0x00, 0x48, 0x00, 0xFB,
  0x80, 0x10, 0x80, 0x21, 0x00, 0x63, 0x80, 0xE6, 0x00, 0x44, 0x00, 0x28, 0x00, 0xFB, 0x00, 0x13,
  0x00, 0x27, 0x80, 0x61, 0x00, 0x60, 0x60, 0x00, 0x60, 0xE0, 0xC0, 0xF0, 0x40, 0x20, 0x00, 0x18,
  0x3C, 0x3C, 0x66, 0x7E, 0x66, 0xC3, 0x10, 0x20, 0x00, 0x18, 0x3C, 0x3C, 0x66, 0x7E, 0x66, 0xC3,
  0x18, 0x24, 0x00, 0x18, 0x3C, 0x3C, 0x66, 0x7E, 0x66, 0xC3, 0x14, 0x28, 0x00, 0x18, 0x3C, 0x3C,
  0x66, 0x7E, 0x66, 0xC3, 0x24, 0x00, 0x18, 0x3C, 0x3C, 0x66, 0x7E, 0x66, 0xC3, 0x3C, 0x24, 0x3C,
  0x3C, 0x3C, 0x66, 0x7E, 0x66, 0xC3, 0x1F, 0xC0, 0x16, 0x00, 0x36, 0x00, 0x27, 0xC0, 0x7E, 0x00,
  0x66, 0x00, 0xC7, 0xC0, 0x3C, 0x64, 0xC0, 0xC0, 0xC0, 0x64, 0x3C, 0x08, 0x18, 0x40, 0x20, 0x00,
  0xF8, 0xC0, 0xC0, 0xF8, 0xC0, 0xC0, 0xF8, 0x10, 0x20, 0x00, 0xF8, 0xC0, 0xC0, 0xF8, 0xC0, 0xC0,
  0xF8, 0x30, 0x48, 0x00, 0xF8, 0xC0, 0xC0, 0xF8, 0xC0, 0xC0, 0xF8, 0x50, 0x00, 0xF8, 0xC0, 0xC0,
  0xF8, 0xC0, 0xC0, 0xF8, 0x80, 0x40, 0x00, 0x60, 0x60, 0x60, 0x60, 0x60, 0x60, 0x60, 0x40, 0x80,
  0x00, 0xC0, 0xC0, 0xC0, 0xC0, 0xC0, 0xC0, 0xC0, 0x60, 0x90, 0x00, 0x60, 0x60, 0x60, 0x60, 0x60,
  0x60, 0x60, 0x90, 0x00, 0x60, 0x60, 0x60, 0x60, 0x60, 0x60, 0x60, 0x7C, 0x66, 0x63, 0xF3, 0x63,
  0x66, 0x7C, 0x14, 0x28, 0x00, 0xE6, 0xE6, 0xD6, 0xD6, 0xCE, 0xCE, 0xC6, 0x20, 0x10, 0x00, 0x7C,
  0xC6, 0xC6, 0xC6, 0xC6, 0xC6, 0x7C, 0x08, 0x10, 0x00, 0x7C, 0xC6, 0xC6, 0xC6, 0xC6, 0xC6, 0x7C,
  0x18, 0x24, 0x00, 0x7C, 0xC6, 0xC6, 0xC6, 0xC6, 0xC6, 0x7C, 0x38, 0x30, 0x00, 0x7C, 0xC6, 0xC6,
  0xC6, 0xC6, 0xC6, 0x7C, 0x28, 0x00, 0x7C, 0xC6, 0xC6, 0xC6, 0xC6, 0xC6, 0x7C, 0x84, 0x48, 0x30,
  0x30, 0x48, 0x84, 0x7E, 0xC6, 0xCE, 0xD6, 0xE6, 0xC6, 0xFC, 0x40, 0x20, 0x00, 0xC6, 0xC6, 0xC6,
  0xC6, 0xC6, 0xC6, 0x7C, 0x10, 0x20, 0x00, 0xC6, 0xC6, 0xC6, 0xC6, 0xC6, 0xC6, 0x7C, 0x38, 0x28,
  0x00, 0xC6, 0xC6, 0xC6, 0xC6, 0xC6, 0xC6, 0x7C, 0x28, 0x00, 0xC6, 0xC6, 0xC6, 0xC6, 0xC6, 0xC6,
  0x7C, 0x08, 0x10, 0x00, 0xC3, 0x66, 0x3C, 0x18, 0x18, 0x18, 0x18, 0xC0, 0xF8, 0xCC, 0xCC, 0xCC,
  0xF8, 0xC0, 0x78, 0xCC, 0xDC, 0xD8, 0xD8, 0xCC, 0xCC, 0xDC, 0x40, 0x20, 0x00, 0xF8, 0x0C, 0x7C,
  0xCC, 0xFC, 0x10, 0x20, 0x00, 0xF8, 0x0C, 0x7C, 0xCC, 0xFC, 0x30, 0x48, 0x00, 0xF8, 0x0C, 0x7C,
  0xCC, 0xFC, 0x28, 0x50, 0x00, 0xF8, 0x0C, 0x7C, 0xCC, 0xFC, 0x50, 0x00, 0xF8, 0x0C, 0x7C, 0xCC,
  0xFC, 0x70, 0x50, 0x70, 0x00, 0xF8, 0x0C, 0x7C, 0xCC, 0xFC, 0xF7, 0x00, 0x19, 0x80, 0xFF, 0x80,
  0xD8, 0x00, 0xEF, 0x80, 0x78, 0xC0, 0xC0, 0xC0, 0x78, 0x10, 0x30, 0x40, 0x20, 0x00, 0x78, 0xCC,
  0xFC, 0xC0, 0x7C, 0x10, 0x20, 0x00, 0x78, 0xCC, 0xFC, 0xC0, 0x7C, 0x30, 0x48, 0x00, 0x78, 0xCC,
  0xFC, 0xC0, 0x7C, 0x50, 0x00, 0x78, 0xCC, 0xFC, 0xC0, 0x7C, 0x80, 0x40, 0x00, 0x60, 0x60, 0x60,
  0x60, 0x60, 0x40, 0x80, 0x00, 0xC0, 0xC0, 0xC0, 0xC0, 0xC0, 0x60, 0x90, 0x00, 0x60, 0x60, 0x60,
  0x60, 0x60, 0x90, 0x00, 0x60, 0x60, 0x60, 0x60, 0x60, 0x38, 0x30, 0x18, 0x78, 0xCC, 0xCC, 0xCC,
  0x78, 0x28, 0x50, 0x00, 0xF8, 0xCC, 0xCC, 0xCC, 0xCC, 0x40, 0x20, 0x00, 0x78, 0xCC, 0xCC, 0xCC,
  0x78, 0x10, 0x20, 0x00, 0x78, 0xCC, 0xCC, 0xCC, 0x78, 0x30, 0x48, 0x00, 0x78, 0xCC, 0xCC, 0xCC,
  0x78, 0x28, 0x50, 0x00, 0x78, 0xCC, 0xCC, 0xCC, 0x78, 0x48, 0x00, 0x78, 0xCC, 0xCC, 0xCC, 0x78,
  0x30, 0x30, 0x00, 0xFC, 0x00, 0x30, 0x30, 0x7C, 0xDC, 0xEC, 0xEC, 0xF8, 0x40, 0x20, 0x00, 0xCC,
  0xCC, 0xCC, 0xCC, 0x7C, 0x10, 0x20, 0x00, 0xCC, 0xCC, 0xCC, 0xCC, 0x7C, 0x30, 0x48, 0x00, 0xCC,
  0xCC, 0xCC, 0xCC, 0x7C, 0x48, 0x00, 0xCC, 0xCC, 0xCC, 0xCC, 0x7C, 0x10, 0x20, 0x00, 0xCC, 0x48,
  0x78, 0x30, 0x30, 0x20, 0x60, 0xC0, 0xC0, 0xC0, 0xF8, 0xCC, 0xCC, 0xCC, 0xF8, 0xC0, 0xC0, 0x50,
  0x00, 0xCC, 0x48, 0x78, 0x30, 0x30, 0x20, 0x60, 0xF0, 0xFF, 0x80, 0x40, 0xC0, 0xC0, 0xC0, 0xC0,
  0x80, 0x48, 0xD8, 0xD8, 0x6C, 0x6C, 0xD8, 0x60, 0xF0, 0xF0, 0x60, 0xCC, 0xC0, 0xCC, 0xC0, 0x1E,
  0x72, 0xFC, 0x60, 0xF8, 0x72, 0x1E, 0x08, 0x04, 0xFE, 0x04, 0x08,
};
}  // namespace

namespace fonts {
const Font sans_bold_24 = {"sans_bold_24", 29, 23, 6, 18, 201, sans_bold_24_glyphs, sans_bold_24_bitmap, 6751, 0xBE0B03FDu};
const Font sans_bold_20 = {"sans_bold_20", 24, 19, 5, 15, 201, sans_bold_20_glyphs, sans_bold_20_bitmap, 5110, 0x6729E22Fu};
const Font sans_bold_17 = {"sans_bold_17", 21, 16, 5, 13, 201, sans_bold_17_glyphs, sans_bold_17_bitmap, 3722, 0x9EB42E07u};
const Font sans_bold_14 = {"sans_bold_14", 17, 13, 4, 10, 201, sans_bold_14_glyphs, sans_bold_14_bitmap, 2655, 0xE4C4E6EFu};
const Font sans_bold_12 = {"sans_bold_12", 15, 12, 3, 9, 201, sans_bold_12_glyphs, sans_bold_12_bitmap, 2022, 0x517AE07Du};
const Font sans_12 = {"sans_12", 15, 12, 3, 9, 201, sans_12_glyphs, sans_12_bitmap, 1792, 0x5BE2151Du};
const Font sans_11 = {"sans_11", 14, 11, 3, 8, 201, sans_11_glyphs, sans_11_bitmap, 1571, 0x9A205118u};
const Font sans_10 = {"sans_10", 13, 10, 3, 7, 201, sans_10_glyphs, sans_10_bitmap, 1389, 0xE14E9AA2u};
const Font sans_bold_10 = {"sans_bold_10", 13, 10, 3, 7, 201, sans_bold_10_glyphs, sans_bold_10_bitmap, 1419, 0x79BF5328u};
const Font *const all[] = {&sans_bold_24, &sans_bold_20, &sans_bold_17, &sans_bold_14, &sans_bold_12, &sans_12, &sans_11, &sans_10, &sans_bold_10};
const int count = 9;
}  // namespace fonts
}  // namespace badge
